ISO-10303-21;
HEADER;
/* Generated by software containing ST-Developer
 * from STEP Tools, Inc. (www.steptools.com) 
 */

FILE_DESCRIPTION(
/* description */ ('Unknown'),
/* implementation_level */ '2;1');

FILE_NAME(
/* name */ '694-50(NuNew).step',
/* time_stamp */ '2026-07-13T20:17:29+05:30',
/* author */ (''),
/* organization */ (''),
/* preprocessor_version */ 'ST-DEVELOPER v20.1',
/* originating_system */ 'Autodesk Translation Framework v14.24.0.0',
/* authorisation */ '');

FILE_SCHEMA (('AUTOMOTIVE_DESIGN { 1 0 10303 214 3 1 1 }'));
ENDSEC;

DATA;
#10=MECHANICAL_DESIGN_GEOMETRIC_PRESENTATION_REPRESENTATION('',(#13,#14,
#15),#3171);
#11=SHAPE_REPRESENTATION_RELATIONSHIP('SRR','None',#3178,#12);
#12=ADVANCED_BREP_SHAPE_REPRESENTATION('',(#16,#17,#18),#3170);
#13=STYLED_ITEM('',(#3188),#16);
#14=STYLED_ITEM('',(#3189),#17);
#15=STYLED_ITEM('',(#3188),#18);
#16=MANIFOLD_SOLID_BREP('Body1',#1885);
#17=MANIFOLD_SOLID_BREP('Body2',#1886);
#18=MANIFOLD_SOLID_BREP('Body3',#1887);
#19=CONICAL_SURFACE('',#1907,1.13139740950238,0.756902495259025);
#20=CONICAL_SURFACE('',#2063,1.13139740950238,0.756902495259025);
#21=LINE('',#2628,#219);
#22=LINE('',#2631,#220);
#23=LINE('',#2640,#221);
#24=LINE('',#2645,#222);
#25=LINE('',#2649,#223);
#26=LINE('',#2651,#224);
#27=LINE('',#2653,#225);
#28=LINE('',#2654,#226);
#29=LINE('',#2660,#227);
#30=LINE('',#2663,#228);
#31=LINE('',#2666,#229);
#32=LINE('',#2668,#230);
#33=LINE('',#2669,#231);
#34=LINE('',#2672,#232);
#35=LINE('',#2674,#233);
#36=LINE('',#2675,#234);
#37=LINE('',#2680,#235);
#38=LINE('',#2684,#236);
#39=LINE('',#2686,#237);
#40=LINE('',#2687,#238);
#41=LINE('',#2692,#239);
#42=LINE('',#2696,#240);
#43=LINE('',#2698,#241);
#44=LINE('',#2699,#242);
#45=LINE('',#2704,#243);
#46=LINE('',#2708,#244);
#47=LINE('',#2710,#245);
#48=LINE('',#2711,#246);
#49=LINE('',#2714,#247);
#50=LINE('',#2716,#248);
#51=LINE('',#2717,#249);
#52=LINE('',#2720,#250);
#53=LINE('',#2722,#251);
#54=LINE('',#2723,#252);
#55=LINE('',#2726,#253);
#56=LINE('',#2728,#254);
#57=LINE('',#2729,#255);
#58=LINE('',#2734,#256);
#59=LINE('',#2738,#257);
#60=LINE('',#2740,#258);
#61=LINE('',#2741,#259);
#62=LINE('',#2746,#260);
#63=LINE('',#2752,#261);
#64=LINE('',#2756,#262);
#65=LINE('',#2758,#263);
#66=LINE('',#2759,#264);
#67=LINE('',#2764,#265);
#68=LINE('',#2768,#266);
#69=LINE('',#2770,#267);
#70=LINE('',#2771,#268);
#71=LINE('',#2776,#269);
#72=LINE('',#2780,#270);
#73=LINE('',#2782,#271);
#74=LINE('',#2783,#272);
#75=LINE('',#2786,#273);
#76=LINE('',#2788,#274);
#77=LINE('',#2789,#275);
#78=LINE('',#2791,#276);
#79=LINE('',#2792,#277);
#80=LINE('',#2796,#278);
#81=LINE('',#2798,#279);
#82=LINE('',#2800,#280);
#83=LINE('',#2801,#281);
#84=LINE('',#2804,#282);
#85=LINE('',#2806,#283);
#86=LINE('',#2807,#284);
#87=LINE('',#2810,#285);
#88=LINE('',#2812,#286);
#89=LINE('',#2813,#287);
#90=LINE('',#2818,#288);
#91=LINE('',#2822,#289);
#92=LINE('',#2824,#290);
#93=LINE('',#2825,#291);
#94=LINE('',#2830,#292);
#95=LINE('',#2834,#293);
#96=LINE('',#2836,#294);
#97=LINE('',#2837,#295);
#98=LINE('',#2840,#296);
#99=LINE('',#2842,#297);
#100=LINE('',#2843,#298);
#101=LINE('',#2848,#299);
#102=LINE('',#2852,#300);
#103=LINE('',#2854,#301);
#104=LINE('',#2855,#302);
#105=LINE('',#2860,#303);
#106=LINE('',#2864,#304);
#107=LINE('',#2866,#305);
#108=LINE('',#2867,#306);
#109=LINE('',#2872,#307);
#110=LINE('',#2876,#308);
#111=LINE('',#2878,#309);
#112=LINE('',#2879,#310);
#113=LINE('',#2882,#311);
#114=LINE('',#2884,#312);
#115=LINE('',#2885,#313);
#116=LINE('',#2888,#314);
#117=LINE('',#2890,#315);
#118=LINE('',#2891,#316);
#119=LINE('',#2896,#317);
#120=LINE('',#2900,#318);
#121=LINE('',#2902,#319);
#122=LINE('',#2903,#320);
#123=LINE('',#2908,#321);
#124=LINE('',#2912,#322);
#125=LINE('',#2914,#323);
#126=LINE('',#2915,#324);
#127=LINE('',#2918,#325);
#128=LINE('',#2920,#326);
#129=LINE('',#2921,#327);
#130=LINE('',#2924,#328);
#131=LINE('',#2926,#329);
#132=LINE('',#2927,#330);
#133=LINE('',#2932,#331);
#134=LINE('',#2936,#332);
#135=LINE('',#2938,#333);
#136=LINE('',#2939,#334);
#137=LINE('',#2944,#335);
#138=LINE('',#2948,#336);
#139=LINE('',#2950,#337);
#140=LINE('',#2951,#338);
#141=LINE('',#2954,#339);
#142=LINE('',#2956,#340);
#143=LINE('',#2957,#341);
#144=LINE('',#2960,#342);
#145=LINE('',#2962,#343);
#146=LINE('',#2963,#344);
#147=LINE('',#2968,#345);
#148=LINE('',#2972,#346);
#149=LINE('',#2974,#347);
#150=LINE('',#2975,#348);
#151=LINE('',#2980,#349);
#152=LINE('',#2984,#350);
#153=LINE('',#2986,#351);
#154=LINE('',#2987,#352);
#155=LINE('',#2990,#353);
#156=LINE('',#2992,#354);
#157=LINE('',#2993,#355);
#158=LINE('',#2996,#356);
#159=LINE('',#2998,#357);
#160=LINE('',#2999,#358);
#161=LINE('',#3004,#359);
#162=LINE('',#3010,#360);
#163=LINE('',#3014,#361);
#164=LINE('',#3016,#362);
#165=LINE('',#3017,#363);
#166=LINE('',#3020,#364);
#167=LINE('',#3022,#365);
#168=LINE('',#3023,#366);
#169=LINE('',#3026,#367);
#170=LINE('',#3028,#368);
#171=LINE('',#3029,#369);
#172=LINE('',#3034,#370);
#173=LINE('',#3038,#371);
#174=LINE('',#3040,#372);
#175=LINE('',#3041,#373);
#176=LINE('',#3046,#374);
#177=LINE('',#3052,#375);
#178=LINE('',#3056,#376);
#179=LINE('',#3058,#377);
#180=LINE('',#3059,#378);
#181=LINE('',#3062,#379);
#182=LINE('',#3064,#380);
#183=LINE('',#3065,#381);
#184=LINE('',#3068,#382);
#185=LINE('',#3070,#383);
#186=LINE('',#3071,#384);
#187=LINE('',#3076,#385);
#188=LINE('',#3080,#386);
#189=LINE('',#3082,#387);
#190=LINE('',#3083,#388);
#191=LINE('',#3088,#389);
#192=LINE('',#3092,#390);
#193=LINE('',#3094,#391);
#194=LINE('',#3095,#392);
#195=LINE('',#3098,#393);
#196=LINE('',#3100,#394);
#197=LINE('',#3101,#395);
#198=LINE('',#3104,#396);
#199=LINE('',#3106,#397);
#200=LINE('',#3107,#398);
#201=LINE('',#3112,#399);
#202=LINE('',#3115,#400);
#203=LINE('',#3116,#401);
#204=LINE('',#3119,#402);
#205=LINE('',#3121,#403);
#206=LINE('',#3123,#404);
#207=LINE('',#3124,#405);
#208=LINE('',#3127,#406);
#209=LINE('',#3129,#407);
#210=LINE('',#3131,#408);
#211=LINE('',#3132,#409);
#212=LINE('',#3134,#410);
#213=LINE('',#3135,#411);
#214=LINE('',#3138,#412);
#215=LINE('',#3150,#413);
#216=LINE('',#3153,#414);
#217=LINE('',#3162,#415);
#218=LINE('',#3167,#416);
#219=VECTOR('',#2087,1.13139740950238);
#220=VECTOR('',#2090,1.13139740950238);
#221=VECTOR('',#2103,1.08828933157361);
#222=VECTOR('',#2110,0.888175468291289);
#223=VECTOR('',#2113,1000.);
#224=VECTOR('',#2114,10.);
#225=VECTOR('',#2115,1000.);
#226=VECTOR('',#2116,10.);
#227=VECTOR('',#2121,1000.);
#228=VECTOR('',#2124,1000.);
#229=VECTOR('',#2127,10.);
#230=VECTOR('',#2128,1000.);
#231=VECTOR('',#2129,10.);
#232=VECTOR('',#2132,10.);
#233=VECTOR('',#2133,1000.);
#234=VECTOR('',#2134,10.);
#235=VECTOR('',#2139,1000.);
#236=VECTOR('',#2144,10.);
#237=VECTOR('',#2145,1000.);
#238=VECTOR('',#2146,10.);
#239=VECTOR('',#2151,1000.);
#240=VECTOR('',#2156,10.);
#241=VECTOR('',#2157,1000.);
#242=VECTOR('',#2158,10.);
#243=VECTOR('',#2163,1000.);
#244=VECTOR('',#2168,10.);
#245=VECTOR('',#2169,1000.);
#246=VECTOR('',#2170,10.);
#247=VECTOR('',#2173,10.);
#248=VECTOR('',#2174,1000.);
#249=VECTOR('',#2175,10.);
#250=VECTOR('',#2178,10.);
#251=VECTOR('',#2179,1000.);
#252=VECTOR('',#2180,10.);
#253=VECTOR('',#2183,10.);
#254=VECTOR('',#2184,1000.);
#255=VECTOR('',#2185,10.);
#256=VECTOR('',#2190,1000.);
#257=VECTOR('',#2195,10.);
#258=VECTOR('',#2196,1000.);
#259=VECTOR('',#2197,10.);
#260=VECTOR('',#2202,1000.);
#261=VECTOR('',#2209,1000.);
#262=VECTOR('',#2214,10.);
#263=VECTOR('',#2215,1000.);
#264=VECTOR('',#2216,10.);
#265=VECTOR('',#2221,1000.);
#266=VECTOR('',#2226,10.);
#267=VECTOR('',#2227,1000.);
#268=VECTOR('',#2228,10.);
#269=VECTOR('',#2233,1000.);
#270=VECTOR('',#2238,10.);
#271=VECTOR('',#2239,1000.);
#272=VECTOR('',#2240,10.);
#273=VECTOR('',#2243,10.);
#274=VECTOR('',#2244,1000.);
#275=VECTOR('',#2245,10.);
#276=VECTOR('',#2248,10.);
#277=VECTOR('',#2249,10.);
#278=VECTOR('',#2252,10.);
#279=VECTOR('',#2253,1000.);
#280=VECTOR('',#2254,10.);
#281=VECTOR('',#2255,1000.);
#282=VECTOR('',#2258,10.);
#283=VECTOR('',#2259,1000.);
#284=VECTOR('',#2260,10.);
#285=VECTOR('',#2263,10.);
#286=VECTOR('',#2264,1000.);
#287=VECTOR('',#2265,10.);
#288=VECTOR('',#2270,1000.);
#289=VECTOR('',#2275,10.);
#290=VECTOR('',#2276,1000.);
#291=VECTOR('',#2277,10.);
#292=VECTOR('',#2282,1000.);
#293=VECTOR('',#2287,10.);
#294=VECTOR('',#2288,1000.);
#295=VECTOR('',#2289,10.);
#296=VECTOR('',#2292,10.);
#297=VECTOR('',#2293,1000.);
#298=VECTOR('',#2294,10.);
#299=VECTOR('',#2299,1000.);
#300=VECTOR('',#2304,10.);
#301=VECTOR('',#2305,1000.);
#302=VECTOR('',#2306,10.);
#303=VECTOR('',#2311,1000.);
#304=VECTOR('',#2316,10.);
#305=VECTOR('',#2317,1000.);
#306=VECTOR('',#2318,10.);
#307=VECTOR('',#2323,1000.);
#308=VECTOR('',#2328,10.);
#309=VECTOR('',#2329,1000.);
#310=VECTOR('',#2330,10.);
#311=VECTOR('',#2333,10.);
#312=VECTOR('',#2334,1000.);
#313=VECTOR('',#2335,10.);
#314=VECTOR('',#2338,10.);
#315=VECTOR('',#2339,1000.);
#316=VECTOR('',#2340,10.);
#317=VECTOR('',#2345,1000.);
#318=VECTOR('',#2350,10.);
#319=VECTOR('',#2351,1000.);
#320=VECTOR('',#2352,10.);
#321=VECTOR('',#2357,1000.);
#322=VECTOR('',#2362,10.);
#323=VECTOR('',#2363,1000.);
#324=VECTOR('',#2364,10.);
#325=VECTOR('',#2367,10.);
#326=VECTOR('',#2368,1000.);
#327=VECTOR('',#2369,10.);
#328=VECTOR('',#2372,10.);
#329=VECTOR('',#2373,1000.);
#330=VECTOR('',#2374,10.);
#331=VECTOR('',#2379,1000.);
#332=VECTOR('',#2384,10.);
#333=VECTOR('',#2385,1000.);
#334=VECTOR('',#2386,10.);
#335=VECTOR('',#2391,1000.);
#336=VECTOR('',#2396,10.);
#337=VECTOR('',#2397,1000.);
#338=VECTOR('',#2398,10.);
#339=VECTOR('',#2401,10.);
#340=VECTOR('',#2402,1000.);
#341=VECTOR('',#2403,10.);
#342=VECTOR('',#2406,10.);
#343=VECTOR('',#2407,1000.);
#344=VECTOR('',#2408,10.);
#345=VECTOR('',#2413,1000.);
#346=VECTOR('',#2418,10.);
#347=VECTOR('',#2419,1000.);
#348=VECTOR('',#2420,10.);
#349=VECTOR('',#2425,1000.);
#350=VECTOR('',#2430,10.);
#351=VECTOR('',#2431,1000.);
#352=VECTOR('',#2432,10.);
#353=VECTOR('',#2435,10.);
#354=VECTOR('',#2436,1000.);
#355=VECTOR('',#2437,10.);
#356=VECTOR('',#2440,10.);
#357=VECTOR('',#2441,1000.);
#358=VECTOR('',#2442,10.);
#359=VECTOR('',#2447,1000.);
#360=VECTOR('',#2454,1000.);
#361=VECTOR('',#2459,10.);
#362=VECTOR('',#2460,1000.);
#363=VECTOR('',#2461,10.);
#364=VECTOR('',#2464,10.);
#365=VECTOR('',#2465,1000.);
#366=VECTOR('',#2466,10.);
#367=VECTOR('',#2469,10.);
#368=VECTOR('',#2470,1000.);
#369=VECTOR('',#2471,10.);
#370=VECTOR('',#2476,1000.);
#371=VECTOR('',#2481,10.);
#372=VECTOR('',#2482,1000.);
#373=VECTOR('',#2483,10.);
#374=VECTOR('',#2488,1000.);
#375=VECTOR('',#2495,1000.);
#376=VECTOR('',#2500,10.);
#377=VECTOR('',#2501,1000.);
#378=VECTOR('',#2502,10.);
#379=VECTOR('',#2505,10.);
#380=VECTOR('',#2506,1000.);
#381=VECTOR('',#2507,10.);
#382=VECTOR('',#2510,10.);
#383=VECTOR('',#2511,1000.);
#384=VECTOR('',#2512,10.);
#385=VECTOR('',#2517,1000.);
#386=VECTOR('',#2522,10.);
#387=VECTOR('',#2523,1000.);
#388=VECTOR('',#2524,10.);
#389=VECTOR('',#2529,1000.);
#390=VECTOR('',#2534,10.);
#391=VECTOR('',#2535,1000.);
#392=VECTOR('',#2536,10.);
#393=VECTOR('',#2539,10.);
#394=VECTOR('',#2540,1000.);
#395=VECTOR('',#2541,10.);
#396=VECTOR('',#2544,10.);
#397=VECTOR('',#2545,1000.);
#398=VECTOR('',#2546,10.);
#399=VECTOR('',#2551,1000.);
#400=VECTOR('',#2556,10.);
#401=VECTOR('',#2557,10.);
#402=VECTOR('',#2560,10.);
#403=VECTOR('',#2561,10.);
#404=VECTOR('',#2562,10.);
#405=VECTOR('',#2563,10.);
#406=VECTOR('',#2566,10.);
#407=VECTOR('',#2567,10.);
#408=VECTOR('',#2568,10.);
#409=VECTOR('',#2569,10.);
#410=VECTOR('',#2572,1000.);
#411=VECTOR('',#2573,1000.);
#412=VECTOR('',#2578,1000.);
#413=VECTOR('',#2593,1.13139740950238);
#414=VECTOR('',#2596,1.13139740950238);
#415=VECTOR('',#2609,1.08828933157361);
#416=VECTOR('',#2616,0.888175468291289);
#417=CYLINDRICAL_SURFACE('',#1904,1.13139740950238);
#418=CYLINDRICAL_SURFACE('',#1912,1.08828933157361);
#419=CYLINDRICAL_SURFACE('',#1916,0.888175468291289);
#420=CYLINDRICAL_SURFACE('',#1918,0.5);
#421=CYLINDRICAL_SURFACE('',#1923,0.5);
#422=CYLINDRICAL_SURFACE('',#1927,0.5);
#423=CYLINDRICAL_SURFACE('',#1931,0.5);
#424=CYLINDRICAL_SURFACE('',#1938,0.651033454859909);
#425=CYLINDRICAL_SURFACE('',#1942,1.37925081038787);
#426=CYLINDRICAL_SURFACE('',#1945,4.95854636963457);
#427=CYLINDRICAL_SURFACE('',#1949,3.00468401315586);
#428=CYLINDRICAL_SURFACE('',#1953,0.412431143066688);
#429=CYLINDRICAL_SURFACE('',#1962,0.5);
#430=CYLINDRICAL_SURFACE('',#1966,0.5);
#431=CYLINDRICAL_SURFACE('',#1971,0.356863907234921);
#432=CYLINDRICAL_SURFACE('',#1975,0.5);
#433=CYLINDRICAL_SURFACE('',#1979,0.5);
#434=CYLINDRICAL_SURFACE('',#1985,0.5);
#435=CYLINDRICAL_SURFACE('',#1989,0.5);
#436=CYLINDRICAL_SURFACE('',#1995,0.5);
#437=CYLINDRICAL_SURFACE('',#1999,0.5);
#438=CYLINDRICAL_SURFACE('',#2005,0.5);
#439=CYLINDRICAL_SURFACE('',#2009,0.5);
#440=CYLINDRICAL_SURFACE('',#2015,0.5);
#441=CYLINDRICAL_SURFACE('',#2018,0.5);
#442=CYLINDRICAL_SURFACE('',#2024,0.5);
#443=CYLINDRICAL_SURFACE('',#2028,0.5);
#444=CYLINDRICAL_SURFACE('',#2031,0.5);
#445=CYLINDRICAL_SURFACE('',#2037,0.5);
#446=CYLINDRICAL_SURFACE('',#2041,0.5);
#447=CYLINDRICAL_SURFACE('',#2047,0.5);
#448=CYLINDRICAL_SURFACE('',#2060,1.13139740950238);
#449=CYLINDRICAL_SURFACE('',#2068,1.08828933157361);
#450=CYLINDRICAL_SURFACE('',#2072,0.888175468291289);
#451=FACE_BOUND('',#556,.T.);
#452=FACE_BOUND('',#563,.T.);
#453=FACE_BOUND('',#650,.T.);
#454=FACE_BOUND('',#657,.T.);
#455=FACE_OUTER_BOUND('',#555,.T.);
#456=FACE_OUTER_BOUND('',#557,.T.);
#457=FACE_OUTER_BOUND('',#558,.T.);
#458=FACE_OUTER_BOUND('',#559,.T.);
#459=FACE_OUTER_BOUND('',#560,.T.);
#460=FACE_OUTER_BOUND('',#561,.T.);
#461=FACE_OUTER_BOUND('',#562,.T.);
#462=FACE_OUTER_BOUND('',#564,.T.);
#463=FACE_OUTER_BOUND('',#565,.T.);
#464=FACE_OUTER_BOUND('',#566,.T.);
#465=FACE_OUTER_BOUND('',#567,.T.);
#466=FACE_OUTER_BOUND('',#568,.T.);
#467=FACE_OUTER_BOUND('',#569,.T.);
#468=FACE_OUTER_BOUND('',#570,.T.);
#469=FACE_OUTER_BOUND('',#571,.T.);
#470=FACE_OUTER_BOUND('',#572,.T.);
#471=FACE_OUTER_BOUND('',#573,.T.);
#472=FACE_OUTER_BOUND('',#574,.T.);
#473=FACE_OUTER_BOUND('',#575,.T.);
#474=FACE_OUTER_BOUND('',#576,.T.);
#475=FACE_OUTER_BOUND('',#577,.T.);
#476=FACE_OUTER_BOUND('',#578,.T.);
#477=FACE_OUTER_BOUND('',#579,.T.);
#478=FACE_OUTER_BOUND('',#580,.T.);
#479=FACE_OUTER_BOUND('',#581,.T.);
#480=FACE_OUTER_BOUND('',#582,.T.);
#481=FACE_OUTER_BOUND('',#583,.T.);
#482=FACE_OUTER_BOUND('',#584,.T.);
#483=FACE_OUTER_BOUND('',#585,.T.);
#484=FACE_OUTER_BOUND('',#586,.T.);
#485=FACE_OUTER_BOUND('',#587,.T.);
#486=FACE_OUTER_BOUND('',#588,.T.);
#487=FACE_OUTER_BOUND('',#589,.T.);
#488=FACE_OUTER_BOUND('',#590,.T.);
#489=FACE_OUTER_BOUND('',#591,.T.);
#490=FACE_OUTER_BOUND('',#592,.T.);
#491=FACE_OUTER_BOUND('',#593,.T.);
#492=FACE_OUTER_BOUND('',#594,.T.);
#493=FACE_OUTER_BOUND('',#595,.T.);
#494=FACE_OUTER_BOUND('',#596,.T.);
#495=FACE_OUTER_BOUND('',#597,.T.);
#496=FACE_OUTER_BOUND('',#598,.T.);
#497=FACE_OUTER_BOUND('',#599,.T.);
#498=FACE_OUTER_BOUND('',#600,.T.);
#499=FACE_OUTER_BOUND('',#601,.T.);
#500=FACE_OUTER_BOUND('',#602,.T.);
#501=FACE_OUTER_BOUND('',#603,.T.);
#502=FACE_OUTER_BOUND('',#604,.T.);
#503=FACE_OUTER_BOUND('',#605,.T.);
#504=FACE_OUTER_BOUND('',#606,.T.);
#505=FACE_OUTER_BOUND('',#607,.T.);
#506=FACE_OUTER_BOUND('',#608,.T.);
#507=FACE_OUTER_BOUND('',#609,.T.);
#508=FACE_OUTER_BOUND('',#610,.T.);
#509=FACE_OUTER_BOUND('',#611,.T.);
#510=FACE_OUTER_BOUND('',#612,.T.);
#511=FACE_OUTER_BOUND('',#613,.T.);
#512=FACE_OUTER_BOUND('',#614,.T.);
#513=FACE_OUTER_BOUND('',#615,.T.);
#514=FACE_OUTER_BOUND('',#616,.T.);
#515=FACE_OUTER_BOUND('',#617,.T.);
#516=FACE_OUTER_BOUND('',#618,.T.);
#517=FACE_OUTER_BOUND('',#619,.T.);
#518=FACE_OUTER_BOUND('',#620,.T.);
#519=FACE_OUTER_BOUND('',#621,.T.);
#520=FACE_OUTER_BOUND('',#622,.T.);
#521=FACE_OUTER_BOUND('',#623,.T.);
#522=FACE_OUTER_BOUND('',#624,.T.);
#523=FACE_OUTER_BOUND('',#625,.T.);
#524=FACE_OUTER_BOUND('',#626,.T.);
#525=FACE_OUTER_BOUND('',#627,.T.);
#526=FACE_OUTER_BOUND('',#628,.T.);
#527=FACE_OUTER_BOUND('',#629,.T.);
#528=FACE_OUTER_BOUND('',#630,.T.);
#529=FACE_OUTER_BOUND('',#631,.T.);
#530=FACE_OUTER_BOUND('',#632,.T.);
#531=FACE_OUTER_BOUND('',#633,.T.);
#532=FACE_OUTER_BOUND('',#634,.T.);
#533=FACE_OUTER_BOUND('',#635,.T.);
#534=FACE_OUTER_BOUND('',#636,.T.);
#535=FACE_OUTER_BOUND('',#637,.T.);
#536=FACE_OUTER_BOUND('',#638,.T.);
#537=FACE_OUTER_BOUND('',#639,.T.);
#538=FACE_OUTER_BOUND('',#640,.T.);
#539=FACE_OUTER_BOUND('',#641,.T.);
#540=FACE_OUTER_BOUND('',#642,.T.);
#541=FACE_OUTER_BOUND('',#643,.T.);
#542=FACE_OUTER_BOUND('',#644,.T.);
#543=FACE_OUTER_BOUND('',#645,.T.);
#544=FACE_OUTER_BOUND('',#646,.T.);
#545=FACE_OUTER_BOUND('',#647,.T.);
#546=FACE_OUTER_BOUND('',#648,.T.);
#547=FACE_OUTER_BOUND('',#649,.T.);
#548=FACE_OUTER_BOUND('',#651,.T.);
#549=FACE_OUTER_BOUND('',#652,.T.);
#550=FACE_OUTER_BOUND('',#653,.T.);
#551=FACE_OUTER_BOUND('',#654,.T.);
#552=FACE_OUTER_BOUND('',#655,.T.);
#553=FACE_OUTER_BOUND('',#656,.T.);
#554=FACE_OUTER_BOUND('',#658,.T.);
#555=EDGE_LOOP('',(#1181));
#556=EDGE_LOOP('',(#1182));
#557=EDGE_LOOP('',(#1183,#1184,#1185,#1186,#1187));
#558=EDGE_LOOP('',(#1188,#1189,#1190,#1191,#1192));
#559=EDGE_LOOP('',(#1193));
#560=EDGE_LOOP('',(#1194));
#561=EDGE_LOOP('',(#1195,#1196,#1197,#1198));
#562=EDGE_LOOP('',(#1199));
#563=EDGE_LOOP('',(#1200));
#564=EDGE_LOOP('',(#1201,#1202,#1203,#1204));
#565=EDGE_LOOP('',(#1205,#1206,#1207,#1208));
#566=EDGE_LOOP('',(#1209,#1210,#1211,#1212));
#567=EDGE_LOOP('',(#1213,#1214,#1215,#1216));
#568=EDGE_LOOP('',(#1217,#1218,#1219,#1220));
#569=EDGE_LOOP('',(#1221,#1222,#1223,#1224));
#570=EDGE_LOOP('',(#1225,#1226,#1227,#1228));
#571=EDGE_LOOP('',(#1229,#1230,#1231,#1232));
#572=EDGE_LOOP('',(#1233,#1234,#1235,#1236));
#573=EDGE_LOOP('',(#1237,#1238,#1239,#1240));
#574=EDGE_LOOP('',(#1241,#1242,#1243,#1244));
#575=EDGE_LOOP('',(#1245,#1246,#1247,#1248));
#576=EDGE_LOOP('',(#1249,#1250,#1251,#1252));
#577=EDGE_LOOP('',(#1253,#1254,#1255,#1256));
#578=EDGE_LOOP('',(#1257,#1258,#1259,#1260));
#579=EDGE_LOOP('',(#1261,#1262,#1263,#1264));
#580=EDGE_LOOP('',(#1265,#1266,#1267,#1268));
#581=EDGE_LOOP('',(#1269,#1270,#1271,#1272));
#582=EDGE_LOOP('',(#1273,#1274,#1275,#1276));
#583=EDGE_LOOP('',(#1277,#1278,#1279,#1280));
#584=EDGE_LOOP('',(#1281,#1282,#1283,#1284));
#585=EDGE_LOOP('',(#1285,#1286,#1287,#1288));
#586=EDGE_LOOP('',(#1289,#1290,#1291,#1292));
#587=EDGE_LOOP('',(#1293,#1294,#1295,#1296));
#588=EDGE_LOOP('',(#1297,#1298,#1299,#1300));
#589=EDGE_LOOP('',(#1301,#1302,#1303,#1304));
#590=EDGE_LOOP('',(#1305,#1306,#1307,#1308));
#591=EDGE_LOOP('',(#1309,#1310,#1311,#1312));
#592=EDGE_LOOP('',(#1313,#1314,#1315,#1316));
#593=EDGE_LOOP('',(#1317,#1318,#1319,#1320));
#594=EDGE_LOOP('',(#1321,#1322,#1323,#1324));
#595=EDGE_LOOP('',(#1325,#1326,#1327,#1328));
#596=EDGE_LOOP('',(#1329,#1330,#1331,#1332));
#597=EDGE_LOOP('',(#1333,#1334,#1335,#1336));
#598=EDGE_LOOP('',(#1337,#1338,#1339,#1340));
#599=EDGE_LOOP('',(#1341,#1342,#1343,#1344));
#600=EDGE_LOOP('',(#1345,#1346,#1347,#1348));
#601=EDGE_LOOP('',(#1349,#1350,#1351,#1352));
#602=EDGE_LOOP('',(#1353,#1354,#1355,#1356));
#603=EDGE_LOOP('',(#1357,#1358,#1359,#1360));
#604=EDGE_LOOP('',(#1361,#1362,#1363,#1364));
#605=EDGE_LOOP('',(#1365,#1366,#1367,#1368));
#606=EDGE_LOOP('',(#1369,#1370,#1371,#1372));
#607=EDGE_LOOP('',(#1373,#1374,#1375,#1376));
#608=EDGE_LOOP('',(#1377,#1378,#1379,#1380));
#609=EDGE_LOOP('',(#1381,#1382,#1383,#1384));
#610=EDGE_LOOP('',(#1385,#1386,#1387,#1388));
#611=EDGE_LOOP('',(#1389,#1390,#1391,#1392));
#612=EDGE_LOOP('',(#1393,#1394,#1395,#1396));
#613=EDGE_LOOP('',(#1397,#1398,#1399,#1400));
#614=EDGE_LOOP('',(#1401,#1402,#1403,#1404));
#615=EDGE_LOOP('',(#1405,#1406,#1407,#1408));
#616=EDGE_LOOP('',(#1409,#1410,#1411,#1412));
#617=EDGE_LOOP('',(#1413,#1414,#1415,#1416));
#618=EDGE_LOOP('',(#1417,#1418,#1419,#1420));
#619=EDGE_LOOP('',(#1421,#1422,#1423,#1424));
#620=EDGE_LOOP('',(#1425,#1426,#1427,#1428));
#621=EDGE_LOOP('',(#1429,#1430,#1431,#1432));
#622=EDGE_LOOP('',(#1433,#1434,#1435,#1436));
#623=EDGE_LOOP('',(#1437,#1438,#1439,#1440));
#624=EDGE_LOOP('',(#1441,#1442,#1443,#1444));
#625=EDGE_LOOP('',(#1445,#1446,#1447,#1448));
#626=EDGE_LOOP('',(#1449,#1450,#1451,#1452));
#627=EDGE_LOOP('',(#1453,#1454,#1455,#1456));
#628=EDGE_LOOP('',(#1457,#1458,#1459,#1460));
#629=EDGE_LOOP('',(#1461,#1462,#1463,#1464));
#630=EDGE_LOOP('',(#1465,#1466,#1467,#1468));
#631=EDGE_LOOP('',(#1469,#1470,#1471,#1472));
#632=EDGE_LOOP('',(#1473,#1474,#1475,#1476));
#633=EDGE_LOOP('',(#1477,#1478,#1479,#1480));
#634=EDGE_LOOP('',(#1481,#1482,#1483,#1484));
#635=EDGE_LOOP('',(#1485,#1486,#1487,#1488));
#636=EDGE_LOOP('',(#1489,#1490,#1491,#1492));
#637=EDGE_LOOP('',(#1493,#1494,#1495,#1496));
#638=EDGE_LOOP('',(#1497,#1498,#1499,#1500));
#639=EDGE_LOOP('',(#1501,#1502,#1503,#1504));
#640=EDGE_LOOP('',(#1505,#1506,#1507,#1508));
#641=EDGE_LOOP('',(#1509,#1510,#1511,#1512));
#642=EDGE_LOOP('',(#1513,#1514,#1515,#1516));
#643=EDGE_LOOP('',(#1517,#1518,#1519,#1520,#1521,#1522,#1523,#1524,#1525,
#1526,#1527,#1528,#1529,#1530,#1531,#1532,#1533,#1534,#1535,#1536,#1537,
#1538,#1539,#1540,#1541,#1542,#1543,#1544,#1545,#1546,#1547,#1548,#1549,
#1550,#1551,#1552,#1553,#1554,#1555,#1556,#1557,#1558,#1559,#1560,#1561,
#1562,#1563,#1564,#1565,#1566,#1567,#1568,#1569,#1570,#1571,#1572,#1573,
#1574,#1575,#1576,#1577,#1578,#1579,#1580,#1581,#1582,#1583,#1584,#1585,
#1586,#1587,#1588,#1589,#1590,#1591,#1592,#1593,#1594,#1595,#1596,#1597,
#1598));
#644=EDGE_LOOP('',(#1599,#1600,#1601,#1602,#1603,#1604,#1605,#1606,#1607,
#1608,#1609,#1610,#1611,#1612,#1613,#1614,#1615,#1616,#1617,#1618,#1619,
#1620,#1621,#1622,#1623,#1624,#1625,#1626,#1627,#1628,#1629,#1630,#1631,
#1632,#1633,#1634,#1635,#1636,#1637,#1638,#1639,#1640,#1641,#1642,#1643,
#1644,#1645,#1646,#1647,#1648,#1649,#1650,#1651,#1652,#1653,#1654,#1655,
#1656,#1657,#1658,#1659,#1660,#1661,#1662,#1663,#1664,#1665,#1666,#1667,
#1668,#1669,#1670,#1671,#1672,#1673,#1674,#1675,#1676,#1677,#1678,#1679,
#1680));
#645=EDGE_LOOP('',(#1681,#1682,#1683,#1684));
#646=EDGE_LOOP('',(#1685,#1686,#1687,#1688));
#647=EDGE_LOOP('',(#1689,#1690,#1691,#1692));
#648=EDGE_LOOP('',(#1693,#1694,#1695,#1696));
#649=EDGE_LOOP('',(#1697));
#650=EDGE_LOOP('',(#1698));
#651=EDGE_LOOP('',(#1699,#1700,#1701,#1702,#1703));
#652=EDGE_LOOP('',(#1704,#1705,#1706,#1707,#1708));
#653=EDGE_LOOP('',(#1709));
#654=EDGE_LOOP('',(#1710));
#655=EDGE_LOOP('',(#1711,#1712,#1713,#1714));
#656=EDGE_LOOP('',(#1715));
#657=EDGE_LOOP('',(#1716));
#658=EDGE_LOOP('',(#1717,#1718,#1719,#1720));
#659=CIRCLE('',#1902,1.13139740950238);
#660=CIRCLE('',#1903,0.888175468291289);
#661=CIRCLE('',#1905,1.13139740950238);
#662=CIRCLE('',#1906,1.13139740950238);
#663=CIRCLE('',#1908,0.33779430860182);
#664=CIRCLE('',#1911,1.08828933157361);
#665=CIRCLE('',#1913,1.08828933157361);
#666=CIRCLE('',#1915,0.888175468291289);
#667=CIRCLE('',#1919,0.5);
#668=CIRCLE('',#1920,0.5);
#669=CIRCLE('',#1924,0.5);
#670=CIRCLE('',#1925,0.5);
#671=CIRCLE('',#1928,0.5);
#672=CIRCLE('',#1929,0.5);
#673=CIRCLE('',#1932,0.5);
#674=CIRCLE('',#1933,0.5);
#675=CIRCLE('',#1939,0.651033454859909);
#676=CIRCLE('',#1940,0.651033454859909);
#677=CIRCLE('',#1943,1.37925081038787);
#678=CIRCLE('',#1944,1.37925081038787);
#679=CIRCLE('',#1946,4.95854636963457);
#680=CIRCLE('',#1947,4.95854636963457);
#681=CIRCLE('',#1950,3.00468401315586);
#682=CIRCLE('',#1951,3.00468401315586);
#683=CIRCLE('',#1954,0.412431143066688);
#684=CIRCLE('',#1955,0.412431143066688);
#685=CIRCLE('',#1963,0.5);
#686=CIRCLE('',#1964,0.5);
#687=CIRCLE('',#1967,0.5);
#688=CIRCLE('',#1968,0.5);
#689=CIRCLE('',#1972,0.356863907234921);
#690=CIRCLE('',#1973,0.356863907234921);
#691=CIRCLE('',#1976,0.5);
#692=CIRCLE('',#1977,0.5);
#693=CIRCLE('',#1980,0.5);
#694=CIRCLE('',#1981,0.5);
#695=CIRCLE('',#1986,0.5);
#696=CIRCLE('',#1987,0.5);
#697=CIRCLE('',#1990,0.5);
#698=CIRCLE('',#1991,0.5);
#699=CIRCLE('',#1996,0.5);
#700=CIRCLE('',#1997,0.5);
#701=CIRCLE('',#2000,0.5);
#702=CIRCLE('',#2001,0.5);
#703=CIRCLE('',#2006,0.5);
#704=CIRCLE('',#2007,0.5);
#705=CIRCLE('',#2010,0.5);
#706=CIRCLE('',#2011,0.5);
#707=CIRCLE('',#2016,0.5);
#708=CIRCLE('',#2017,0.5);
#709=CIRCLE('',#2019,0.5);
#710=CIRCLE('',#2020,0.5);
#711=CIRCLE('',#2025,0.5);
#712=CIRCLE('',#2026,0.5);
#713=CIRCLE('',#2029,0.5);
#714=CIRCLE('',#2030,0.5);
#715=CIRCLE('',#2032,0.5);
#716=CIRCLE('',#2033,0.5);
#717=CIRCLE('',#2038,0.5);
#718=CIRCLE('',#2039,0.5);
#719=CIRCLE('',#2042,0.5);
#720=CIRCLE('',#2043,0.5);
#721=CIRCLE('',#2048,0.5);
#722=CIRCLE('',#2049,0.5);
#723=CIRCLE('',#2058,1.13139740950238);
#724=CIRCLE('',#2059,0.888175468291289);
#725=CIRCLE('',#2061,1.13139740950238);
#726=CIRCLE('',#2062,1.13139740950238);
#727=CIRCLE('',#2064,0.33779430860182);
#728=CIRCLE('',#2067,1.08828933157361);
#729=CIRCLE('',#2069,1.08828933157361);
#730=CIRCLE('',#2071,0.888175468291289);
#731=VERTEX_POINT('',#2619);
#732=VERTEX_POINT('',#2621);
#733=VERTEX_POINT('',#2624);
#734=VERTEX_POINT('',#2625);
#735=VERTEX_POINT('',#2630);
#736=VERTEX_POINT('',#2635);
#737=VERTEX_POINT('',#2638);
#738=VERTEX_POINT('',#2642);
#739=VERTEX_POINT('',#2647);
#740=VERTEX_POINT('',#2648);
#741=VERTEX_POINT('',#2650);
#742=VERTEX_POINT('',#2652);
#743=VERTEX_POINT('',#2656);
#744=VERTEX_POINT('',#2657);
#745=VERTEX_POINT('',#2659);
#746=VERTEX_POINT('',#2661);
#747=VERTEX_POINT('',#2665);
#748=VERTEX_POINT('',#2667);
#749=VERTEX_POINT('',#2671);
#750=VERTEX_POINT('',#2673);
#751=VERTEX_POINT('',#2677);
#752=VERTEX_POINT('',#2679);
#753=VERTEX_POINT('',#2683);
#754=VERTEX_POINT('',#2685);
#755=VERTEX_POINT('',#2689);
#756=VERTEX_POINT('',#2691);
#757=VERTEX_POINT('',#2695);
#758=VERTEX_POINT('',#2697);
#759=VERTEX_POINT('',#2701);
#760=VERTEX_POINT('',#2703);
#761=VERTEX_POINT('',#2707);
#762=VERTEX_POINT('',#2709);
#763=VERTEX_POINT('',#2713);
#764=VERTEX_POINT('',#2715);
#765=VERTEX_POINT('',#2719);
#766=VERTEX_POINT('',#2721);
#767=VERTEX_POINT('',#2725);
#768=VERTEX_POINT('',#2727);
#769=VERTEX_POINT('',#2731);
#770=VERTEX_POINT('',#2733);
#771=VERTEX_POINT('',#2737);
#772=VERTEX_POINT('',#2739);
#773=VERTEX_POINT('',#2743);
#774=VERTEX_POINT('',#2745);
#775=VERTEX_POINT('',#2749);
#776=VERTEX_POINT('',#2751);
#777=VERTEX_POINT('',#2755);
#778=VERTEX_POINT('',#2757);
#779=VERTEX_POINT('',#2761);
#780=VERTEX_POINT('',#2763);
#781=VERTEX_POINT('',#2767);
#782=VERTEX_POINT('',#2769);
#783=VERTEX_POINT('',#2773);
#784=VERTEX_POINT('',#2775);
#785=VERTEX_POINT('',#2779);
#786=VERTEX_POINT('',#2781);
#787=VERTEX_POINT('',#2785);
#788=VERTEX_POINT('',#2787);
#789=VERTEX_POINT('',#2794);
#790=VERTEX_POINT('',#2795);
#791=VERTEX_POINT('',#2797);
#792=VERTEX_POINT('',#2799);
#793=VERTEX_POINT('',#2803);
#794=VERTEX_POINT('',#2805);
#795=VERTEX_POINT('',#2809);
#796=VERTEX_POINT('',#2811);
#797=VERTEX_POINT('',#2815);
#798=VERTEX_POINT('',#2817);
#799=VERTEX_POINT('',#2821);
#800=VERTEX_POINT('',#2823);
#801=VERTEX_POINT('',#2827);
#802=VERTEX_POINT('',#2829);
#803=VERTEX_POINT('',#2833);
#804=VERTEX_POINT('',#2835);
#805=VERTEX_POINT('',#2839);
#806=VERTEX_POINT('',#2841);
#807=VERTEX_POINT('',#2845);
#808=VERTEX_POINT('',#2847);
#809=VERTEX_POINT('',#2851);
#810=VERTEX_POINT('',#2853);
#811=VERTEX_POINT('',#2857);
#812=VERTEX_POINT('',#2859);
#813=VERTEX_POINT('',#2863);
#814=VERTEX_POINT('',#2865);
#815=VERTEX_POINT('',#2869);
#816=VERTEX_POINT('',#2871);
#817=VERTEX_POINT('',#2875);
#818=VERTEX_POINT('',#2877);
#819=VERTEX_POINT('',#2881);
#820=VERTEX_POINT('',#2883);
#821=VERTEX_POINT('',#2887);
#822=VERTEX_POINT('',#2889);
#823=VERTEX_POINT('',#2893);
#824=VERTEX_POINT('',#2895);
#825=VERTEX_POINT('',#2899);
#826=VERTEX_POINT('',#2901);
#827=VERTEX_POINT('',#2905);
#828=VERTEX_POINT('',#2907);
#829=VERTEX_POINT('',#2911);
#830=VERTEX_POINT('',#2913);
#831=VERTEX_POINT('',#2917);
#832=VERTEX_POINT('',#2919);
#833=VERTEX_POINT('',#2923);
#834=VERTEX_POINT('',#2925);
#835=VERTEX_POINT('',#2929);
#836=VERTEX_POINT('',#2931);
#837=VERTEX_POINT('',#2935);
#838=VERTEX_POINT('',#2937);
#839=VERTEX_POINT('',#2941);
#840=VERTEX_POINT('',#2943);
#841=VERTEX_POINT('',#2947);
#842=VERTEX_POINT('',#2949);
#843=VERTEX_POINT('',#2953);
#844=VERTEX_POINT('',#2955);
#845=VERTEX_POINT('',#2959);
#846=VERTEX_POINT('',#2961);
#847=VERTEX_POINT('',#2965);
#848=VERTEX_POINT('',#2967);
#849=VERTEX_POINT('',#2971);
#850=VERTEX_POINT('',#2973);
#851=VERTEX_POINT('',#2977);
#852=VERTEX_POINT('',#2979);
#853=VERTEX_POINT('',#2983);
#854=VERTEX_POINT('',#2985);
#855=VERTEX_POINT('',#2989);
#856=VERTEX_POINT('',#2991);
#857=VERTEX_POINT('',#2995);
#858=VERTEX_POINT('',#2997);
#859=VERTEX_POINT('',#3001);
#860=VERTEX_POINT('',#3003);
#861=VERTEX_POINT('',#3007);
#862=VERTEX_POINT('',#3009);
#863=VERTEX_POINT('',#3013);
#864=VERTEX_POINT('',#3015);
#865=VERTEX_POINT('',#3019);
#866=VERTEX_POINT('',#3021);
#867=VERTEX_POINT('',#3025);
#868=VERTEX_POINT('',#3027);
#869=VERTEX_POINT('',#3031);
#870=VERTEX_POINT('',#3033);
#871=VERTEX_POINT('',#3037);
#872=VERTEX_POINT('',#3039);
#873=VERTEX_POINT('',#3043);
#874=VERTEX_POINT('',#3045);
#875=VERTEX_POINT('',#3049);
#876=VERTEX_POINT('',#3051);
#877=VERTEX_POINT('',#3055);
#878=VERTEX_POINT('',#3057);
#879=VERTEX_POINT('',#3061);
#880=VERTEX_POINT('',#3063);
#881=VERTEX_POINT('',#3067);
#882=VERTEX_POINT('',#3069);
#883=VERTEX_POINT('',#3073);
#884=VERTEX_POINT('',#3075);
#885=VERTEX_POINT('',#3079);
#886=VERTEX_POINT('',#3081);
#887=VERTEX_POINT('',#3085);
#888=VERTEX_POINT('',#3087);
#889=VERTEX_POINT('',#3091);
#890=VERTEX_POINT('',#3093);
#891=VERTEX_POINT('',#3097);
#892=VERTEX_POINT('',#3099);
#893=VERTEX_POINT('',#3103);
#894=VERTEX_POINT('',#3105);
#895=VERTEX_POINT('',#3109);
#896=VERTEX_POINT('',#3111);
#897=VERTEX_POINT('',#3118);
#898=VERTEX_POINT('',#3120);
#899=VERTEX_POINT('',#3122);
#900=VERTEX_POINT('',#3126);
#901=VERTEX_POINT('',#3128);
#902=VERTEX_POINT('',#3130);
#903=VERTEX_POINT('',#3141);
#904=VERTEX_POINT('',#3143);
#905=VERTEX_POINT('',#3146);
#906=VERTEX_POINT('',#3147);
#907=VERTEX_POINT('',#3152);
#908=VERTEX_POINT('',#3157);
#909=VERTEX_POINT('',#3160);
#910=VERTEX_POINT('',#3164);
#911=EDGE_CURVE('',#731,#731,#659,.T.);
#912=EDGE_CURVE('',#732,#732,#660,.T.);
#913=EDGE_CURVE('',#733,#734,#661,.T.);
#914=EDGE_CURVE('',#734,#733,#662,.T.);
#915=EDGE_CURVE('',#734,#731,#21,.T.);
#916=EDGE_CURVE('',#733,#735,#22,.T.);
#917=EDGE_CURVE('',#735,#735,#663,.T.);
#918=EDGE_CURVE('',#736,#736,#664,.T.);
#919=EDGE_CURVE('',#737,#737,#665,.T.);
#920=EDGE_CURVE('',#737,#736,#23,.T.);
#921=EDGE_CURVE('',#738,#738,#666,.T.);
#922=EDGE_CURVE('',#732,#738,#24,.T.);
#923=EDGE_CURVE('',#739,#740,#25,.T.);
#924=EDGE_CURVE('',#741,#739,#26,.F.);
#925=EDGE_CURVE('',#741,#742,#27,.T.);
#926=EDGE_CURVE('',#742,#740,#28,.F.);
#927=EDGE_CURVE('',#743,#744,#667,.T.);
#928=EDGE_CURVE('',#745,#744,#29,.T.);
#929=EDGE_CURVE('',#746,#745,#668,.T.);
#930=EDGE_CURVE('',#746,#743,#30,.T.);
#931=EDGE_CURVE('',#744,#747,#31,.F.);
#932=EDGE_CURVE('',#748,#747,#32,.T.);
#933=EDGE_CURVE('',#745,#748,#33,.F.);
#934=EDGE_CURVE('',#747,#749,#34,.F.);
#935=EDGE_CURVE('',#750,#749,#35,.T.);
#936=EDGE_CURVE('',#748,#750,#36,.F.);
#937=EDGE_CURVE('',#749,#751,#669,.F.);
#938=EDGE_CURVE('',#752,#751,#37,.T.);
#939=EDGE_CURVE('',#750,#752,#670,.F.);
#940=EDGE_CURVE('',#751,#753,#38,.F.);
#941=EDGE_CURVE('',#754,#753,#39,.T.);
#942=EDGE_CURVE('',#752,#754,#40,.F.);
#943=EDGE_CURVE('',#753,#755,#671,.T.);
#944=EDGE_CURVE('',#756,#755,#41,.T.);
#945=EDGE_CURVE('',#754,#756,#672,.T.);
#946=EDGE_CURVE('',#755,#757,#42,.F.);
#947=EDGE_CURVE('',#758,#757,#43,.T.);
#948=EDGE_CURVE('',#756,#758,#44,.F.);
#949=EDGE_CURVE('',#757,#759,#673,.T.);
#950=EDGE_CURVE('',#760,#759,#45,.T.);
#951=EDGE_CURVE('',#758,#760,#674,.T.);
#952=EDGE_CURVE('',#759,#761,#46,.F.);
#953=EDGE_CURVE('',#762,#761,#47,.T.);
#954=EDGE_CURVE('',#760,#762,#48,.F.);
#955=EDGE_CURVE('',#761,#763,#49,.F.);
#956=EDGE_CURVE('',#764,#763,#50,.T.);
#957=EDGE_CURVE('',#762,#764,#51,.F.);
#958=EDGE_CURVE('',#763,#765,#52,.F.);
#959=EDGE_CURVE('',#766,#765,#53,.T.);
#960=EDGE_CURVE('',#764,#766,#54,.F.);
#961=EDGE_CURVE('',#765,#767,#55,.F.);
#962=EDGE_CURVE('',#768,#767,#56,.T.);
#963=EDGE_CURVE('',#766,#768,#57,.F.);
#964=EDGE_CURVE('',#767,#769,#675,.T.);
#965=EDGE_CURVE('',#770,#769,#58,.T.);
#966=EDGE_CURVE('',#768,#770,#676,.T.);
#967=EDGE_CURVE('',#769,#771,#59,.F.);
#968=EDGE_CURVE('',#772,#771,#60,.T.);
#969=EDGE_CURVE('',#770,#772,#61,.F.);
#970=EDGE_CURVE('',#771,#773,#677,.T.);
#971=EDGE_CURVE('',#774,#773,#62,.T.);
#972=EDGE_CURVE('',#772,#774,#678,.T.);
#973=EDGE_CURVE('',#773,#775,#679,.T.);
#974=EDGE_CURVE('',#776,#775,#63,.T.);
#975=EDGE_CURVE('',#774,#776,#680,.T.);
#976=EDGE_CURVE('',#775,#777,#64,.F.);
#977=EDGE_CURVE('',#778,#777,#65,.T.);
#978=EDGE_CURVE('',#776,#778,#66,.F.);
#979=EDGE_CURVE('',#777,#779,#681,.F.);
#980=EDGE_CURVE('',#780,#779,#67,.T.);
#981=EDGE_CURVE('',#778,#780,#682,.F.);
#982=EDGE_CURVE('',#779,#781,#68,.F.);
#983=EDGE_CURVE('',#782,#781,#69,.T.);
#984=EDGE_CURVE('',#780,#782,#70,.F.);
#985=EDGE_CURVE('',#781,#783,#683,.F.);
#986=EDGE_CURVE('',#784,#783,#71,.T.);
#987=EDGE_CURVE('',#782,#784,#684,.F.);
#988=EDGE_CURVE('',#783,#785,#72,.F.);
#989=EDGE_CURVE('',#786,#785,#73,.T.);
#990=EDGE_CURVE('',#784,#786,#74,.F.);
#991=EDGE_CURVE('',#785,#787,#75,.F.);
#992=EDGE_CURVE('',#788,#787,#76,.T.);
#993=EDGE_CURVE('',#786,#788,#77,.F.);
#994=EDGE_CURVE('',#787,#742,#78,.F.);
#995=EDGE_CURVE('',#788,#741,#79,.F.);
#996=EDGE_CURVE('',#789,#790,#80,.F.);
#997=EDGE_CURVE('',#789,#791,#81,.T.);
#998=EDGE_CURVE('',#791,#792,#82,.F.);
#999=EDGE_CURVE('',#790,#792,#83,.T.);
#1000=EDGE_CURVE('',#792,#793,#84,.F.);
#1001=EDGE_CURVE('',#794,#793,#85,.T.);
#1002=EDGE_CURVE('',#790,#794,#86,.F.);
#1003=EDGE_CURVE('',#793,#795,#87,.F.);
#1004=EDGE_CURVE('',#796,#795,#88,.T.);
#1005=EDGE_CURVE('',#794,#796,#89,.F.);
#1006=EDGE_CURVE('',#795,#797,#685,.T.);
#1007=EDGE_CURVE('',#798,#797,#90,.T.);
#1008=EDGE_CURVE('',#796,#798,#686,.T.);
#1009=EDGE_CURVE('',#797,#799,#91,.F.);
#1010=EDGE_CURVE('',#800,#799,#92,.T.);
#1011=EDGE_CURVE('',#798,#800,#93,.F.);
#1012=EDGE_CURVE('',#799,#801,#687,.T.);
#1013=EDGE_CURVE('',#802,#801,#94,.T.);
#1014=EDGE_CURVE('',#800,#802,#688,.T.);
#1015=EDGE_CURVE('',#801,#803,#95,.F.);
#1016=EDGE_CURVE('',#804,#803,#96,.T.);
#1017=EDGE_CURVE('',#802,#804,#97,.F.);
#1018=EDGE_CURVE('',#803,#805,#98,.F.);
#1019=EDGE_CURVE('',#806,#805,#99,.T.);
#1020=EDGE_CURVE('',#804,#806,#100,.F.);
#1021=EDGE_CURVE('',#805,#807,#689,.F.);
#1022=EDGE_CURVE('',#808,#807,#101,.T.);
#1023=EDGE_CURVE('',#806,#808,#690,.F.);
#1024=EDGE_CURVE('',#807,#809,#102,.F.);
#1025=EDGE_CURVE('',#810,#809,#103,.T.);
#1026=EDGE_CURVE('',#808,#810,#104,.F.);
#1027=EDGE_CURVE('',#809,#811,#691,.T.);
#1028=EDGE_CURVE('',#812,#811,#105,.T.);
#1029=EDGE_CURVE('',#810,#812,#692,.T.);
#1030=EDGE_CURVE('',#811,#813,#106,.F.);
#1031=EDGE_CURVE('',#814,#813,#107,.T.);
#1032=EDGE_CURVE('',#812,#814,#108,.F.);
#1033=EDGE_CURVE('',#813,#815,#693,.T.);
#1034=EDGE_CURVE('',#816,#815,#109,.T.);
#1035=EDGE_CURVE('',#814,#816,#694,.T.);
#1036=EDGE_CURVE('',#815,#817,#110,.F.);
#1037=EDGE_CURVE('',#818,#817,#111,.T.);
#1038=EDGE_CURVE('',#816,#818,#112,.F.);
#1039=EDGE_CURVE('',#817,#819,#113,.F.);
#1040=EDGE_CURVE('',#820,#819,#114,.T.);
#1041=EDGE_CURVE('',#818,#820,#115,.F.);
#1042=EDGE_CURVE('',#819,#821,#116,.F.);
#1043=EDGE_CURVE('',#822,#821,#117,.T.);
#1044=EDGE_CURVE('',#820,#822,#118,.F.);
#1045=EDGE_CURVE('',#821,#823,#695,.T.);
#1046=EDGE_CURVE('',#824,#823,#119,.T.);
#1047=EDGE_CURVE('',#822,#824,#696,.T.);
#1048=EDGE_CURVE('',#823,#825,#120,.F.);
#1049=EDGE_CURVE('',#826,#825,#121,.T.);
#1050=EDGE_CURVE('',#824,#826,#122,.F.);
#1051=EDGE_CURVE('',#825,#827,#697,.T.);
#1052=EDGE_CURVE('',#828,#827,#123,.T.);
#1053=EDGE_CURVE('',#826,#828,#698,.T.);
#1054=EDGE_CURVE('',#827,#829,#124,.F.);
#1055=EDGE_CURVE('',#830,#829,#125,.T.);
#1056=EDGE_CURVE('',#828,#830,#126,.F.);
#1057=EDGE_CURVE('',#829,#831,#127,.F.);
#1058=EDGE_CURVE('',#832,#831,#128,.T.);
#1059=EDGE_CURVE('',#830,#832,#129,.F.);
#1060=EDGE_CURVE('',#831,#833,#130,.F.);
#1061=EDGE_CURVE('',#834,#833,#131,.T.);
#1062=EDGE_CURVE('',#832,#834,#132,.F.);
#1063=EDGE_CURVE('',#833,#835,#699,.T.);
#1064=EDGE_CURVE('',#836,#835,#133,.T.);
#1065=EDGE_CURVE('',#834,#836,#700,.T.);
#1066=EDGE_CURVE('',#835,#837,#134,.F.);
#1067=EDGE_CURVE('',#838,#837,#135,.T.);
#1068=EDGE_CURVE('',#836,#838,#136,.F.);
#1069=EDGE_CURVE('',#837,#839,#701,.T.);
#1070=EDGE_CURVE('',#840,#839,#137,.T.);
#1071=EDGE_CURVE('',#838,#840,#702,.T.);
#1072=EDGE_CURVE('',#839,#841,#138,.F.);
#1073=EDGE_CURVE('',#842,#841,#139,.T.);
#1074=EDGE_CURVE('',#840,#842,#140,.F.);
#1075=EDGE_CURVE('',#841,#843,#141,.F.);
#1076=EDGE_CURVE('',#844,#843,#142,.T.);
#1077=EDGE_CURVE('',#842,#844,#143,.F.);
#1078=EDGE_CURVE('',#843,#845,#144,.F.);
#1079=EDGE_CURVE('',#846,#845,#145,.T.);
#1080=EDGE_CURVE('',#844,#846,#146,.F.);
#1081=EDGE_CURVE('',#845,#847,#703,.T.);
#1082=EDGE_CURVE('',#848,#847,#147,.T.);
#1083=EDGE_CURVE('',#846,#848,#704,.T.);
#1084=EDGE_CURVE('',#847,#849,#148,.F.);
#1085=EDGE_CURVE('',#850,#849,#149,.T.);
#1086=EDGE_CURVE('',#848,#850,#150,.F.);
#1087=EDGE_CURVE('',#849,#851,#705,.T.);
#1088=EDGE_CURVE('',#852,#851,#151,.T.);
#1089=EDGE_CURVE('',#850,#852,#706,.T.);
#1090=EDGE_CURVE('',#851,#853,#152,.F.);
#1091=EDGE_CURVE('',#854,#853,#153,.T.);
#1092=EDGE_CURVE('',#852,#854,#154,.F.);
#1093=EDGE_CURVE('',#853,#855,#155,.F.);
#1094=EDGE_CURVE('',#856,#855,#156,.T.);
#1095=EDGE_CURVE('',#854,#856,#157,.F.);
#1096=EDGE_CURVE('',#855,#857,#158,.F.);
#1097=EDGE_CURVE('',#858,#857,#159,.T.);
#1098=EDGE_CURVE('',#856,#858,#160,.F.);
#1099=EDGE_CURVE('',#857,#859,#707,.T.);
#1100=EDGE_CURVE('',#860,#859,#161,.T.);
#1101=EDGE_CURVE('',#858,#860,#708,.T.);
#1102=EDGE_CURVE('',#859,#861,#709,.T.);
#1103=EDGE_CURVE('',#862,#861,#162,.T.);
#1104=EDGE_CURVE('',#860,#862,#710,.T.);
#1105=EDGE_CURVE('',#861,#863,#163,.F.);
#1106=EDGE_CURVE('',#864,#863,#164,.T.);
#1107=EDGE_CURVE('',#862,#864,#165,.F.);
#1108=EDGE_CURVE('',#863,#865,#166,.F.);
#1109=EDGE_CURVE('',#866,#865,#167,.T.);
#1110=EDGE_CURVE('',#864,#866,#168,.F.);
#1111=EDGE_CURVE('',#865,#867,#169,.F.);
#1112=EDGE_CURVE('',#868,#867,#170,.T.);
#1113=EDGE_CURVE('',#866,#868,#171,.F.);
#1114=EDGE_CURVE('',#867,#869,#711,.T.);
#1115=EDGE_CURVE('',#870,#869,#172,.T.);
#1116=EDGE_CURVE('',#868,#870,#712,.T.);
#1117=EDGE_CURVE('',#869,#871,#173,.F.);
#1118=EDGE_CURVE('',#872,#871,#174,.T.);
#1119=EDGE_CURVE('',#870,#872,#175,.F.);
#1120=EDGE_CURVE('',#871,#873,#713,.T.);
#1121=EDGE_CURVE('',#874,#873,#176,.T.);
#1122=EDGE_CURVE('',#872,#874,#714,.T.);
#1123=EDGE_CURVE('',#873,#875,#715,.T.);
#1124=EDGE_CURVE('',#876,#875,#177,.T.);
#1125=EDGE_CURVE('',#874,#876,#716,.T.);
#1126=EDGE_CURVE('',#875,#877,#178,.F.);
#1127=EDGE_CURVE('',#878,#877,#179,.T.);
#1128=EDGE_CURVE('',#876,#878,#180,.F.);
#1129=EDGE_CURVE('',#877,#879,#181,.F.);
#1130=EDGE_CURVE('',#880,#879,#182,.T.);
#1131=EDGE_CURVE('',#878,#880,#183,.F.);
#1132=EDGE_CURVE('',#879,#881,#184,.F.);
#1133=EDGE_CURVE('',#882,#881,#185,.T.);
#1134=EDGE_CURVE('',#880,#882,#186,.F.);
#1135=EDGE_CURVE('',#881,#883,#717,.T.);
#1136=EDGE_CURVE('',#884,#883,#187,.T.);
#1137=EDGE_CURVE('',#882,#884,#718,.T.);
#1138=EDGE_CURVE('',#883,#885,#188,.F.);
#1139=EDGE_CURVE('',#886,#885,#189,.T.);
#1140=EDGE_CURVE('',#884,#886,#190,.F.);
#1141=EDGE_CURVE('',#885,#887,#719,.T.);
#1142=EDGE_CURVE('',#888,#887,#191,.T.);
#1143=EDGE_CURVE('',#886,#888,#720,.T.);
#1144=EDGE_CURVE('',#887,#889,#192,.F.);
#1145=EDGE_CURVE('',#890,#889,#193,.T.);
#1146=EDGE_CURVE('',#888,#890,#194,.F.);
#1147=EDGE_CURVE('',#889,#891,#195,.F.);
#1148=EDGE_CURVE('',#892,#891,#196,.T.);
#1149=EDGE_CURVE('',#890,#892,#197,.F.);
#1150=EDGE_CURVE('',#891,#893,#198,.F.);
#1151=EDGE_CURVE('',#894,#893,#199,.T.);
#1152=EDGE_CURVE('',#892,#894,#200,.F.);
#1153=EDGE_CURVE('',#893,#895,#721,.T.);
#1154=EDGE_CURVE('',#896,#895,#201,.T.);
#1155=EDGE_CURVE('',#894,#896,#722,.T.);
#1156=EDGE_CURVE('',#895,#743,#202,.F.);
#1157=EDGE_CURVE('',#896,#746,#203,.F.);
#1158=EDGE_CURVE('',#789,#897,#204,.T.);
#1159=EDGE_CURVE('',#898,#739,#205,.T.);
#1160=EDGE_CURVE('',#899,#898,#206,.T.);
#1161=EDGE_CURVE('',#897,#899,#207,.T.);
#1162=EDGE_CURVE('',#791,#900,#208,.T.);
#1163=EDGE_CURVE('',#900,#901,#209,.T.);
#1164=EDGE_CURVE('',#901,#902,#210,.T.);
#1165=EDGE_CURVE('',#902,#740,#211,.T.);
#1166=EDGE_CURVE('',#899,#901,#212,.T.);
#1167=EDGE_CURVE('',#897,#900,#213,.T.);
#1168=EDGE_CURVE('',#898,#902,#214,.T.);
#1169=EDGE_CURVE('',#903,#903,#723,.T.);
#1170=EDGE_CURVE('',#904,#904,#724,.T.);
#1171=EDGE_CURVE('',#905,#906,#725,.T.);
#1172=EDGE_CURVE('',#906,#905,#726,.T.);
#1173=EDGE_CURVE('',#906,#903,#215,.T.);
#1174=EDGE_CURVE('',#905,#907,#216,.T.);
#1175=EDGE_CURVE('',#907,#907,#727,.T.);
#1176=EDGE_CURVE('',#908,#908,#728,.T.);
#1177=EDGE_CURVE('',#909,#909,#729,.T.);
#1178=EDGE_CURVE('',#909,#908,#217,.T.);
#1179=EDGE_CURVE('',#910,#910,#730,.T.);
#1180=EDGE_CURVE('',#904,#910,#218,.T.);
#1181=ORIENTED_EDGE('',*,*,#911,.F.);
#1182=ORIENTED_EDGE('',*,*,#912,.T.);
#1183=ORIENTED_EDGE('',*,*,#913,.F.);
#1184=ORIENTED_EDGE('',*,*,#914,.F.);
#1185=ORIENTED_EDGE('',*,*,#915,.T.);
#1186=ORIENTED_EDGE('',*,*,#911,.T.);
#1187=ORIENTED_EDGE('',*,*,#915,.F.);
#1188=ORIENTED_EDGE('',*,*,#913,.T.);
#1189=ORIENTED_EDGE('',*,*,#914,.T.);
#1190=ORIENTED_EDGE('',*,*,#916,.T.);
#1191=ORIENTED_EDGE('',*,*,#917,.F.);
#1192=ORIENTED_EDGE('',*,*,#916,.F.);
#1193=ORIENTED_EDGE('',*,*,#917,.T.);
#1194=ORIENTED_EDGE('',*,*,#918,.F.);
#1195=ORIENTED_EDGE('',*,*,#919,.F.);
#1196=ORIENTED_EDGE('',*,*,#920,.T.);
#1197=ORIENTED_EDGE('',*,*,#918,.T.);
#1198=ORIENTED_EDGE('',*,*,#920,.F.);
#1199=ORIENTED_EDGE('',*,*,#919,.T.);
#1200=ORIENTED_EDGE('',*,*,#921,.F.);
#1201=ORIENTED_EDGE('',*,*,#912,.F.);
#1202=ORIENTED_EDGE('',*,*,#922,.T.);
#1203=ORIENTED_EDGE('',*,*,#921,.T.);
#1204=ORIENTED_EDGE('',*,*,#922,.F.);
#1205=ORIENTED_EDGE('',*,*,#923,.F.);
#1206=ORIENTED_EDGE('',*,*,#924,.F.);
#1207=ORIENTED_EDGE('',*,*,#925,.T.);
#1208=ORIENTED_EDGE('',*,*,#926,.T.);
#1209=ORIENTED_EDGE('',*,*,#927,.T.);
#1210=ORIENTED_EDGE('',*,*,#928,.F.);
#1211=ORIENTED_EDGE('',*,*,#929,.F.);
#1212=ORIENTED_EDGE('',*,*,#930,.T.);
#1213=ORIENTED_EDGE('',*,*,#931,.T.);
#1214=ORIENTED_EDGE('',*,*,#932,.F.);
#1215=ORIENTED_EDGE('',*,*,#933,.F.);
#1216=ORIENTED_EDGE('',*,*,#928,.T.);
#1217=ORIENTED_EDGE('',*,*,#934,.T.);
#1218=ORIENTED_EDGE('',*,*,#935,.F.);
#1219=ORIENTED_EDGE('',*,*,#936,.F.);
#1220=ORIENTED_EDGE('',*,*,#932,.T.);
#1221=ORIENTED_EDGE('',*,*,#937,.T.);
#1222=ORIENTED_EDGE('',*,*,#938,.F.);
#1223=ORIENTED_EDGE('',*,*,#939,.F.);
#1224=ORIENTED_EDGE('',*,*,#935,.T.);
#1225=ORIENTED_EDGE('',*,*,#940,.T.);
#1226=ORIENTED_EDGE('',*,*,#941,.F.);
#1227=ORIENTED_EDGE('',*,*,#942,.F.);
#1228=ORIENTED_EDGE('',*,*,#938,.T.);
#1229=ORIENTED_EDGE('',*,*,#943,.T.);
#1230=ORIENTED_EDGE('',*,*,#944,.F.);
#1231=ORIENTED_EDGE('',*,*,#945,.F.);
#1232=ORIENTED_EDGE('',*,*,#941,.T.);
#1233=ORIENTED_EDGE('',*,*,#946,.T.);
#1234=ORIENTED_EDGE('',*,*,#947,.F.);
#1235=ORIENTED_EDGE('',*,*,#948,.F.);
#1236=ORIENTED_EDGE('',*,*,#944,.T.);
#1237=ORIENTED_EDGE('',*,*,#949,.T.);
#1238=ORIENTED_EDGE('',*,*,#950,.F.);
#1239=ORIENTED_EDGE('',*,*,#951,.F.);
#1240=ORIENTED_EDGE('',*,*,#947,.T.);
#1241=ORIENTED_EDGE('',*,*,#952,.T.);
#1242=ORIENTED_EDGE('',*,*,#953,.F.);
#1243=ORIENTED_EDGE('',*,*,#954,.F.);
#1244=ORIENTED_EDGE('',*,*,#950,.T.);
#1245=ORIENTED_EDGE('',*,*,#955,.T.);
#1246=ORIENTED_EDGE('',*,*,#956,.F.);
#1247=ORIENTED_EDGE('',*,*,#957,.F.);
#1248=ORIENTED_EDGE('',*,*,#953,.T.);
#1249=ORIENTED_EDGE('',*,*,#958,.T.);
#1250=ORIENTED_EDGE('',*,*,#959,.F.);
#1251=ORIENTED_EDGE('',*,*,#960,.F.);
#1252=ORIENTED_EDGE('',*,*,#956,.T.);
#1253=ORIENTED_EDGE('',*,*,#961,.T.);
#1254=ORIENTED_EDGE('',*,*,#962,.F.);
#1255=ORIENTED_EDGE('',*,*,#963,.F.);
#1256=ORIENTED_EDGE('',*,*,#959,.T.);
#1257=ORIENTED_EDGE('',*,*,#964,.T.);
#1258=ORIENTED_EDGE('',*,*,#965,.F.);
#1259=ORIENTED_EDGE('',*,*,#966,.F.);
#1260=ORIENTED_EDGE('',*,*,#962,.T.);
#1261=ORIENTED_EDGE('',*,*,#967,.T.);
#1262=ORIENTED_EDGE('',*,*,#968,.F.);
#1263=ORIENTED_EDGE('',*,*,#969,.F.);
#1264=ORIENTED_EDGE('',*,*,#965,.T.);
#1265=ORIENTED_EDGE('',*,*,#970,.T.);
#1266=ORIENTED_EDGE('',*,*,#971,.F.);
#1267=ORIENTED_EDGE('',*,*,#972,.F.);
#1268=ORIENTED_EDGE('',*,*,#968,.T.);
#1269=ORIENTED_EDGE('',*,*,#973,.T.);
#1270=ORIENTED_EDGE('',*,*,#974,.F.);
#1271=ORIENTED_EDGE('',*,*,#975,.F.);
#1272=ORIENTED_EDGE('',*,*,#971,.T.);
#1273=ORIENTED_EDGE('',*,*,#976,.T.);
#1274=ORIENTED_EDGE('',*,*,#977,.F.);
#1275=ORIENTED_EDGE('',*,*,#978,.F.);
#1276=ORIENTED_EDGE('',*,*,#974,.T.);
#1277=ORIENTED_EDGE('',*,*,#979,.T.);
#1278=ORIENTED_EDGE('',*,*,#980,.F.);
#1279=ORIENTED_EDGE('',*,*,#981,.F.);
#1280=ORIENTED_EDGE('',*,*,#977,.T.);
#1281=ORIENTED_EDGE('',*,*,#982,.T.);
#1282=ORIENTED_EDGE('',*,*,#983,.F.);
#1283=ORIENTED_EDGE('',*,*,#984,.F.);
#1284=ORIENTED_EDGE('',*,*,#980,.T.);
#1285=ORIENTED_EDGE('',*,*,#985,.T.);
#1286=ORIENTED_EDGE('',*,*,#986,.F.);
#1287=ORIENTED_EDGE('',*,*,#987,.F.);
#1288=ORIENTED_EDGE('',*,*,#983,.T.);
#1289=ORIENTED_EDGE('',*,*,#988,.T.);
#1290=ORIENTED_EDGE('',*,*,#989,.F.);
#1291=ORIENTED_EDGE('',*,*,#990,.F.);
#1292=ORIENTED_EDGE('',*,*,#986,.T.);
#1293=ORIENTED_EDGE('',*,*,#991,.T.);
#1294=ORIENTED_EDGE('',*,*,#992,.F.);
#1295=ORIENTED_EDGE('',*,*,#993,.F.);
#1296=ORIENTED_EDGE('',*,*,#989,.T.);
#1297=ORIENTED_EDGE('',*,*,#994,.T.);
#1298=ORIENTED_EDGE('',*,*,#925,.F.);
#1299=ORIENTED_EDGE('',*,*,#995,.F.);
#1300=ORIENTED_EDGE('',*,*,#992,.T.);
#1301=ORIENTED_EDGE('',*,*,#996,.F.);
#1302=ORIENTED_EDGE('',*,*,#997,.T.);
#1303=ORIENTED_EDGE('',*,*,#998,.T.);
#1304=ORIENTED_EDGE('',*,*,#999,.F.);
#1305=ORIENTED_EDGE('',*,*,#1000,.T.);
#1306=ORIENTED_EDGE('',*,*,#1001,.F.);
#1307=ORIENTED_EDGE('',*,*,#1002,.F.);
#1308=ORIENTED_EDGE('',*,*,#999,.T.);
#1309=ORIENTED_EDGE('',*,*,#1003,.T.);
#1310=ORIENTED_EDGE('',*,*,#1004,.F.);
#1311=ORIENTED_EDGE('',*,*,#1005,.F.);
#1312=ORIENTED_EDGE('',*,*,#1001,.T.);
#1313=ORIENTED_EDGE('',*,*,#1006,.T.);
#1314=ORIENTED_EDGE('',*,*,#1007,.F.);
#1315=ORIENTED_EDGE('',*,*,#1008,.F.);
#1316=ORIENTED_EDGE('',*,*,#1004,.T.);
#1317=ORIENTED_EDGE('',*,*,#1009,.T.);
#1318=ORIENTED_EDGE('',*,*,#1010,.F.);
#1319=ORIENTED_EDGE('',*,*,#1011,.F.);
#1320=ORIENTED_EDGE('',*,*,#1007,.T.);
#1321=ORIENTED_EDGE('',*,*,#1012,.T.);
#1322=ORIENTED_EDGE('',*,*,#1013,.F.);
#1323=ORIENTED_EDGE('',*,*,#1014,.F.);
#1324=ORIENTED_EDGE('',*,*,#1010,.T.);
#1325=ORIENTED_EDGE('',*,*,#1015,.T.);
#1326=ORIENTED_EDGE('',*,*,#1016,.F.);
#1327=ORIENTED_EDGE('',*,*,#1017,.F.);
#1328=ORIENTED_EDGE('',*,*,#1013,.T.);
#1329=ORIENTED_EDGE('',*,*,#1018,.T.);
#1330=ORIENTED_EDGE('',*,*,#1019,.F.);
#1331=ORIENTED_EDGE('',*,*,#1020,.F.);
#1332=ORIENTED_EDGE('',*,*,#1016,.T.);
#1333=ORIENTED_EDGE('',*,*,#1021,.T.);
#1334=ORIENTED_EDGE('',*,*,#1022,.F.);
#1335=ORIENTED_EDGE('',*,*,#1023,.F.);
#1336=ORIENTED_EDGE('',*,*,#1019,.T.);
#1337=ORIENTED_EDGE('',*,*,#1024,.T.);
#1338=ORIENTED_EDGE('',*,*,#1025,.F.);
#1339=ORIENTED_EDGE('',*,*,#1026,.F.);
#1340=ORIENTED_EDGE('',*,*,#1022,.T.);
#1341=ORIENTED_EDGE('',*,*,#1027,.T.);
#1342=ORIENTED_EDGE('',*,*,#1028,.F.);
#1343=ORIENTED_EDGE('',*,*,#1029,.F.);
#1344=ORIENTED_EDGE('',*,*,#1025,.T.);
#1345=ORIENTED_EDGE('',*,*,#1030,.T.);
#1346=ORIENTED_EDGE('',*,*,#1031,.F.);
#1347=ORIENTED_EDGE('',*,*,#1032,.F.);
#1348=ORIENTED_EDGE('',*,*,#1028,.T.);
#1349=ORIENTED_EDGE('',*,*,#1033,.T.);
#1350=ORIENTED_EDGE('',*,*,#1034,.F.);
#1351=ORIENTED_EDGE('',*,*,#1035,.F.);
#1352=ORIENTED_EDGE('',*,*,#1031,.T.);
#1353=ORIENTED_EDGE('',*,*,#1036,.T.);
#1354=ORIENTED_EDGE('',*,*,#1037,.F.);
#1355=ORIENTED_EDGE('',*,*,#1038,.F.);
#1356=ORIENTED_EDGE('',*,*,#1034,.T.);
#1357=ORIENTED_EDGE('',*,*,#1039,.T.);
#1358=ORIENTED_EDGE('',*,*,#1040,.F.);
#1359=ORIENTED_EDGE('',*,*,#1041,.F.);
#1360=ORIENTED_EDGE('',*,*,#1037,.T.);
#1361=ORIENTED_EDGE('',*,*,#1042,.T.);
#1362=ORIENTED_EDGE('',*,*,#1043,.F.);
#1363=ORIENTED_EDGE('',*,*,#1044,.F.);
#1364=ORIENTED_EDGE('',*,*,#1040,.T.);
#1365=ORIENTED_EDGE('',*,*,#1045,.T.);
#1366=ORIENTED_EDGE('',*,*,#1046,.F.);
#1367=ORIENTED_EDGE('',*,*,#1047,.F.);
#1368=ORIENTED_EDGE('',*,*,#1043,.T.);
#1369=ORIENTED_EDGE('',*,*,#1048,.T.);
#1370=ORIENTED_EDGE('',*,*,#1049,.F.);
#1371=ORIENTED_EDGE('',*,*,#1050,.F.);
#1372=ORIENTED_EDGE('',*,*,#1046,.T.);
#1373=ORIENTED_EDGE('',*,*,#1051,.T.);
#1374=ORIENTED_EDGE('',*,*,#1052,.F.);
#1375=ORIENTED_EDGE('',*,*,#1053,.F.);
#1376=ORIENTED_EDGE('',*,*,#1049,.T.);
#1377=ORIENTED_EDGE('',*,*,#1054,.T.);
#1378=ORIENTED_EDGE('',*,*,#1055,.F.);
#1379=ORIENTED_EDGE('',*,*,#1056,.F.);
#1380=ORIENTED_EDGE('',*,*,#1052,.T.);
#1381=ORIENTED_EDGE('',*,*,#1057,.T.);
#1382=ORIENTED_EDGE('',*,*,#1058,.F.);
#1383=ORIENTED_EDGE('',*,*,#1059,.F.);
#1384=ORIENTED_EDGE('',*,*,#1055,.T.);
#1385=ORIENTED_EDGE('',*,*,#1060,.T.);
#1386=ORIENTED_EDGE('',*,*,#1061,.F.);
#1387=ORIENTED_EDGE('',*,*,#1062,.F.);
#1388=ORIENTED_EDGE('',*,*,#1058,.T.);
#1389=ORIENTED_EDGE('',*,*,#1063,.T.);
#1390=ORIENTED_EDGE('',*,*,#1064,.F.);
#1391=ORIENTED_EDGE('',*,*,#1065,.F.);
#1392=ORIENTED_EDGE('',*,*,#1061,.T.);
#1393=ORIENTED_EDGE('',*,*,#1066,.T.);
#1394=ORIENTED_EDGE('',*,*,#1067,.F.);
#1395=ORIENTED_EDGE('',*,*,#1068,.F.);
#1396=ORIENTED_EDGE('',*,*,#1064,.T.);
#1397=ORIENTED_EDGE('',*,*,#1069,.T.);
#1398=ORIENTED_EDGE('',*,*,#1070,.F.);
#1399=ORIENTED_EDGE('',*,*,#1071,.F.);
#1400=ORIENTED_EDGE('',*,*,#1067,.T.);
#1401=ORIENTED_EDGE('',*,*,#1072,.T.);
#1402=ORIENTED_EDGE('',*,*,#1073,.F.);
#1403=ORIENTED_EDGE('',*,*,#1074,.F.);
#1404=ORIENTED_EDGE('',*,*,#1070,.T.);
#1405=ORIENTED_EDGE('',*,*,#1075,.T.);
#1406=ORIENTED_EDGE('',*,*,#1076,.F.);
#1407=ORIENTED_EDGE('',*,*,#1077,.F.);
#1408=ORIENTED_EDGE('',*,*,#1073,.T.);
#1409=ORIENTED_EDGE('',*,*,#1078,.T.);
#1410=ORIENTED_EDGE('',*,*,#1079,.F.);
#1411=ORIENTED_EDGE('',*,*,#1080,.F.);
#1412=ORIENTED_EDGE('',*,*,#1076,.T.);
#1413=ORIENTED_EDGE('',*,*,#1081,.T.);
#1414=ORIENTED_EDGE('',*,*,#1082,.F.);
#1415=ORIENTED_EDGE('',*,*,#1083,.F.);
#1416=ORIENTED_EDGE('',*,*,#1079,.T.);
#1417=ORIENTED_EDGE('',*,*,#1084,.T.);
#1418=ORIENTED_EDGE('',*,*,#1085,.F.);
#1419=ORIENTED_EDGE('',*,*,#1086,.F.);
#1420=ORIENTED_EDGE('',*,*,#1082,.T.);
#1421=ORIENTED_EDGE('',*,*,#1087,.T.);
#1422=ORIENTED_EDGE('',*,*,#1088,.F.);
#1423=ORIENTED_EDGE('',*,*,#1089,.F.);
#1424=ORIENTED_EDGE('',*,*,#1085,.T.);
#1425=ORIENTED_EDGE('',*,*,#1090,.T.);
#1426=ORIENTED_EDGE('',*,*,#1091,.F.);
#1427=ORIENTED_EDGE('',*,*,#1092,.F.);
#1428=ORIENTED_EDGE('',*,*,#1088,.T.);
#1429=ORIENTED_EDGE('',*,*,#1093,.T.);
#1430=ORIENTED_EDGE('',*,*,#1094,.F.);
#1431=ORIENTED_EDGE('',*,*,#1095,.F.);
#1432=ORIENTED_EDGE('',*,*,#1091,.T.);
#1433=ORIENTED_EDGE('',*,*,#1096,.T.);
#1434=ORIENTED_EDGE('',*,*,#1097,.F.);
#1435=ORIENTED_EDGE('',*,*,#1098,.F.);
#1436=ORIENTED_EDGE('',*,*,#1094,.T.);
#1437=ORIENTED_EDGE('',*,*,#1099,.T.);
#1438=ORIENTED_EDGE('',*,*,#1100,.F.);
#1439=ORIENTED_EDGE('',*,*,#1101,.F.);
#1440=ORIENTED_EDGE('',*,*,#1097,.T.);
#1441=ORIENTED_EDGE('',*,*,#1102,.T.);
#1442=ORIENTED_EDGE('',*,*,#1103,.F.);
#1443=ORIENTED_EDGE('',*,*,#1104,.F.);
#1444=ORIENTED_EDGE('',*,*,#1100,.T.);
#1445=ORIENTED_EDGE('',*,*,#1105,.T.);
#1446=ORIENTED_EDGE('',*,*,#1106,.F.);
#1447=ORIENTED_EDGE('',*,*,#1107,.F.);
#1448=ORIENTED_EDGE('',*,*,#1103,.T.);
#1449=ORIENTED_EDGE('',*,*,#1108,.T.);
#1450=ORIENTED_EDGE('',*,*,#1109,.F.);
#1451=ORIENTED_EDGE('',*,*,#1110,.F.);
#1452=ORIENTED_EDGE('',*,*,#1106,.T.);
#1453=ORIENTED_EDGE('',*,*,#1111,.T.);
#1454=ORIENTED_EDGE('',*,*,#1112,.F.);
#1455=ORIENTED_EDGE('',*,*,#1113,.F.);
#1456=ORIENTED_EDGE('',*,*,#1109,.T.);
#1457=ORIENTED_EDGE('',*,*,#1114,.T.);
#1458=ORIENTED_EDGE('',*,*,#1115,.F.);
#1459=ORIENTED_EDGE('',*,*,#1116,.F.);
#1460=ORIENTED_EDGE('',*,*,#1112,.T.);
#1461=ORIENTED_EDGE('',*,*,#1117,.T.);
#1462=ORIENTED_EDGE('',*,*,#1118,.F.);
#1463=ORIENTED_EDGE('',*,*,#1119,.F.);
#1464=ORIENTED_EDGE('',*,*,#1115,.T.);
#1465=ORIENTED_EDGE('',*,*,#1120,.T.);
#1466=ORIENTED_EDGE('',*,*,#1121,.F.);
#1467=ORIENTED_EDGE('',*,*,#1122,.F.);
#1468=ORIENTED_EDGE('',*,*,#1118,.T.);
#1469=ORIENTED_EDGE('',*,*,#1123,.T.);
#1470=ORIENTED_EDGE('',*,*,#1124,.F.);
#1471=ORIENTED_EDGE('',*,*,#1125,.F.);
#1472=ORIENTED_EDGE('',*,*,#1121,.T.);
#1473=ORIENTED_EDGE('',*,*,#1126,.T.);
#1474=ORIENTED_EDGE('',*,*,#1127,.F.);
#1475=ORIENTED_EDGE('',*,*,#1128,.F.);
#1476=ORIENTED_EDGE('',*,*,#1124,.T.);
#1477=ORIENTED_EDGE('',*,*,#1129,.T.);
#1478=ORIENTED_EDGE('',*,*,#1130,.F.);
#1479=ORIENTED_EDGE('',*,*,#1131,.F.);
#1480=ORIENTED_EDGE('',*,*,#1127,.T.);
#1481=ORIENTED_EDGE('',*,*,#1132,.T.);
#1482=ORIENTED_EDGE('',*,*,#1133,.F.);
#1483=ORIENTED_EDGE('',*,*,#1134,.F.);
#1484=ORIENTED_EDGE('',*,*,#1130,.T.);
#1485=ORIENTED_EDGE('',*,*,#1135,.T.);
#1486=ORIENTED_EDGE('',*,*,#1136,.F.);
#1487=ORIENTED_EDGE('',*,*,#1137,.F.);
#1488=ORIENTED_EDGE('',*,*,#1133,.T.);
#1489=ORIENTED_EDGE('',*,*,#1138,.T.);
#1490=ORIENTED_EDGE('',*,*,#1139,.F.);
#1491=ORIENTED_EDGE('',*,*,#1140,.F.);
#1492=ORIENTED_EDGE('',*,*,#1136,.T.);
#1493=ORIENTED_EDGE('',*,*,#1141,.T.);
#1494=ORIENTED_EDGE('',*,*,#1142,.F.);
#1495=ORIENTED_EDGE('',*,*,#1143,.F.);
#1496=ORIENTED_EDGE('',*,*,#1139,.T.);
#1497=ORIENTED_EDGE('',*,*,#1144,.T.);
#1498=ORIENTED_EDGE('',*,*,#1145,.F.);
#1499=ORIENTED_EDGE('',*,*,#1146,.F.);
#1500=ORIENTED_EDGE('',*,*,#1142,.T.);
#1501=ORIENTED_EDGE('',*,*,#1147,.T.);
#1502=ORIENTED_EDGE('',*,*,#1148,.F.);
#1503=ORIENTED_EDGE('',*,*,#1149,.F.);
#1504=ORIENTED_EDGE('',*,*,#1145,.T.);
#1505=ORIENTED_EDGE('',*,*,#1150,.T.);
#1506=ORIENTED_EDGE('',*,*,#1151,.F.);
#1507=ORIENTED_EDGE('',*,*,#1152,.F.);
#1508=ORIENTED_EDGE('',*,*,#1148,.T.);
#1509=ORIENTED_EDGE('',*,*,#1153,.T.);
#1510=ORIENTED_EDGE('',*,*,#1154,.F.);
#1511=ORIENTED_EDGE('',*,*,#1155,.F.);
#1512=ORIENTED_EDGE('',*,*,#1151,.T.);
#1513=ORIENTED_EDGE('',*,*,#1156,.T.);
#1514=ORIENTED_EDGE('',*,*,#930,.F.);
#1515=ORIENTED_EDGE('',*,*,#1157,.F.);
#1516=ORIENTED_EDGE('',*,*,#1154,.T.);
#1517=ORIENTED_EDGE('',*,*,#1158,.F.);
#1518=ORIENTED_EDGE('',*,*,#996,.T.);
#1519=ORIENTED_EDGE('',*,*,#1002,.T.);
#1520=ORIENTED_EDGE('',*,*,#1005,.T.);
#1521=ORIENTED_EDGE('',*,*,#1008,.T.);
#1522=ORIENTED_EDGE('',*,*,#1011,.T.);
#1523=ORIENTED_EDGE('',*,*,#1014,.T.);
#1524=ORIENTED_EDGE('',*,*,#1017,.T.);
#1525=ORIENTED_EDGE('',*,*,#1020,.T.);
#1526=ORIENTED_EDGE('',*,*,#1023,.T.);
#1527=ORIENTED_EDGE('',*,*,#1026,.T.);
#1528=ORIENTED_EDGE('',*,*,#1029,.T.);
#1529=ORIENTED_EDGE('',*,*,#1032,.T.);
#1530=ORIENTED_EDGE('',*,*,#1035,.T.);
#1531=ORIENTED_EDGE('',*,*,#1038,.T.);
#1532=ORIENTED_EDGE('',*,*,#1041,.T.);
#1533=ORIENTED_EDGE('',*,*,#1044,.T.);
#1534=ORIENTED_EDGE('',*,*,#1047,.T.);
#1535=ORIENTED_EDGE('',*,*,#1050,.T.);
#1536=ORIENTED_EDGE('',*,*,#1053,.T.);
#1537=ORIENTED_EDGE('',*,*,#1056,.T.);
#1538=ORIENTED_EDGE('',*,*,#1059,.T.);
#1539=ORIENTED_EDGE('',*,*,#1062,.T.);
#1540=ORIENTED_EDGE('',*,*,#1065,.T.);
#1541=ORIENTED_EDGE('',*,*,#1068,.T.);
#1542=ORIENTED_EDGE('',*,*,#1071,.T.);
#1543=ORIENTED_EDGE('',*,*,#1074,.T.);
#1544=ORIENTED_EDGE('',*,*,#1077,.T.);
#1545=ORIENTED_EDGE('',*,*,#1080,.T.);
#1546=ORIENTED_EDGE('',*,*,#1083,.T.);
#1547=ORIENTED_EDGE('',*,*,#1086,.T.);
#1548=ORIENTED_EDGE('',*,*,#1089,.T.);
#1549=ORIENTED_EDGE('',*,*,#1092,.T.);
#1550=ORIENTED_EDGE('',*,*,#1095,.T.);
#1551=ORIENTED_EDGE('',*,*,#1098,.T.);
#1552=ORIENTED_EDGE('',*,*,#1101,.T.);
#1553=ORIENTED_EDGE('',*,*,#1104,.T.);
#1554=ORIENTED_EDGE('',*,*,#1107,.T.);
#1555=ORIENTED_EDGE('',*,*,#1110,.T.);
#1556=ORIENTED_EDGE('',*,*,#1113,.T.);
#1557=ORIENTED_EDGE('',*,*,#1116,.T.);
#1558=ORIENTED_EDGE('',*,*,#1119,.T.);
#1559=ORIENTED_EDGE('',*,*,#1122,.T.);
#1560=ORIENTED_EDGE('',*,*,#1125,.T.);
#1561=ORIENTED_EDGE('',*,*,#1128,.T.);
#1562=ORIENTED_EDGE('',*,*,#1131,.T.);
#1563=ORIENTED_EDGE('',*,*,#1134,.T.);
#1564=ORIENTED_EDGE('',*,*,#1137,.T.);
#1565=ORIENTED_EDGE('',*,*,#1140,.T.);
#1566=ORIENTED_EDGE('',*,*,#1143,.T.);
#1567=ORIENTED_EDGE('',*,*,#1146,.T.);
#1568=ORIENTED_EDGE('',*,*,#1149,.T.);
#1569=ORIENTED_EDGE('',*,*,#1152,.T.);
#1570=ORIENTED_EDGE('',*,*,#1155,.T.);
#1571=ORIENTED_EDGE('',*,*,#1157,.T.);
#1572=ORIENTED_EDGE('',*,*,#929,.T.);
#1573=ORIENTED_EDGE('',*,*,#933,.T.);
#1574=ORIENTED_EDGE('',*,*,#936,.T.);
#1575=ORIENTED_EDGE('',*,*,#939,.T.);
#1576=ORIENTED_EDGE('',*,*,#942,.T.);
#1577=ORIENTED_EDGE('',*,*,#945,.T.);
#1578=ORIENTED_EDGE('',*,*,#948,.T.);
#1579=ORIENTED_EDGE('',*,*,#951,.T.);
#1580=ORIENTED_EDGE('',*,*,#954,.T.);
#1581=ORIENTED_EDGE('',*,*,#957,.T.);
#1582=ORIENTED_EDGE('',*,*,#960,.T.);
#1583=ORIENTED_EDGE('',*,*,#963,.T.);
#1584=ORIENTED_EDGE('',*,*,#966,.T.);
#1585=ORIENTED_EDGE('',*,*,#969,.T.);
#1586=ORIENTED_EDGE('',*,*,#972,.T.);
#1587=ORIENTED_EDGE('',*,*,#975,.T.);
#1588=ORIENTED_EDGE('',*,*,#978,.T.);
#1589=ORIENTED_EDGE('',*,*,#981,.T.);
#1590=ORIENTED_EDGE('',*,*,#984,.T.);
#1591=ORIENTED_EDGE('',*,*,#987,.T.);
#1592=ORIENTED_EDGE('',*,*,#990,.T.);
#1593=ORIENTED_EDGE('',*,*,#993,.T.);
#1594=ORIENTED_EDGE('',*,*,#995,.T.);
#1595=ORIENTED_EDGE('',*,*,#924,.T.);
#1596=ORIENTED_EDGE('',*,*,#1159,.F.);
#1597=ORIENTED_EDGE('',*,*,#1160,.F.);
#1598=ORIENTED_EDGE('',*,*,#1161,.F.);
#1599=ORIENTED_EDGE('',*,*,#998,.F.);
#1600=ORIENTED_EDGE('',*,*,#1162,.T.);
#1601=ORIENTED_EDGE('',*,*,#1163,.T.);
#1602=ORIENTED_EDGE('',*,*,#1164,.T.);
#1603=ORIENTED_EDGE('',*,*,#1165,.T.);
#1604=ORIENTED_EDGE('',*,*,#926,.F.);
#1605=ORIENTED_EDGE('',*,*,#994,.F.);
#1606=ORIENTED_EDGE('',*,*,#991,.F.);
#1607=ORIENTED_EDGE('',*,*,#988,.F.);
#1608=ORIENTED_EDGE('',*,*,#985,.F.);
#1609=ORIENTED_EDGE('',*,*,#982,.F.);
#1610=ORIENTED_EDGE('',*,*,#979,.F.);
#1611=ORIENTED_EDGE('',*,*,#976,.F.);
#1612=ORIENTED_EDGE('',*,*,#973,.F.);
#1613=ORIENTED_EDGE('',*,*,#970,.F.);
#1614=ORIENTED_EDGE('',*,*,#967,.F.);
#1615=ORIENTED_EDGE('',*,*,#964,.F.);
#1616=ORIENTED_EDGE('',*,*,#961,.F.);
#1617=ORIENTED_EDGE('',*,*,#958,.F.);
#1618=ORIENTED_EDGE('',*,*,#955,.F.);
#1619=ORIENTED_EDGE('',*,*,#952,.F.);
#1620=ORIENTED_EDGE('',*,*,#949,.F.);
#1621=ORIENTED_EDGE('',*,*,#946,.F.);
#1622=ORIENTED_EDGE('',*,*,#943,.F.);
#1623=ORIENTED_EDGE('',*,*,#940,.F.);
#1624=ORIENTED_EDGE('',*,*,#937,.F.);
#1625=ORIENTED_EDGE('',*,*,#934,.F.);
#1626=ORIENTED_EDGE('',*,*,#931,.F.);
#1627=ORIENTED_EDGE('',*,*,#927,.F.);
#1628=ORIENTED_EDGE('',*,*,#1156,.F.);
#1629=ORIENTED_EDGE('',*,*,#1153,.F.);
#1630=ORIENTED_EDGE('',*,*,#1150,.F.);
#1631=ORIENTED_EDGE('',*,*,#1147,.F.);
#1632=ORIENTED_EDGE('',*,*,#1144,.F.);
#1633=ORIENTED_EDGE('',*,*,#1141,.F.);
#1634=ORIENTED_EDGE('',*,*,#1138,.F.);
#1635=ORIENTED_EDGE('',*,*,#1135,.F.);
#1636=ORIENTED_EDGE('',*,*,#1132,.F.);
#1637=ORIENTED_EDGE('',*,*,#1129,.F.);
#1638=ORIENTED_EDGE('',*,*,#1126,.F.);
#1639=ORIENTED_EDGE('',*,*,#1123,.F.);
#1640=ORIENTED_EDGE('',*,*,#1120,.F.);
#1641=ORIENTED_EDGE('',*,*,#1117,.F.);
#1642=ORIENTED_EDGE('',*,*,#1114,.F.);
#1643=ORIENTED_EDGE('',*,*,#1111,.F.);
#1644=ORIENTED_EDGE('',*,*,#1108,.F.);
#1645=ORIENTED_EDGE('',*,*,#1105,.F.);
#1646=ORIENTED_EDGE('',*,*,#1102,.F.);
#1647=ORIENTED_EDGE('',*,*,#1099,.F.);
#1648=ORIENTED_EDGE('',*,*,#1096,.F.);
#1649=ORIENTED_EDGE('',*,*,#1093,.F.);
#1650=ORIENTED_EDGE('',*,*,#1090,.F.);
#1651=ORIENTED_EDGE('',*,*,#1087,.F.);
#1652=ORIENTED_EDGE('',*,*,#1084,.F.);
#1653=ORIENTED_EDGE('',*,*,#1081,.F.);
#1654=ORIENTED_EDGE('',*,*,#1078,.F.);
#1655=ORIENTED_EDGE('',*,*,#1075,.F.);
#1656=ORIENTED_EDGE('',*,*,#1072,.F.);
#1657=ORIENTED_EDGE('',*,*,#1069,.F.);
#1658=ORIENTED_EDGE('',*,*,#1066,.F.);
#1659=ORIENTED_EDGE('',*,*,#1063,.F.);
#1660=ORIENTED_EDGE('',*,*,#1060,.F.);
#1661=ORIENTED_EDGE('',*,*,#1057,.F.);
#1662=ORIENTED_EDGE('',*,*,#1054,.F.);
#1663=ORIENTED_EDGE('',*,*,#1051,.F.);
#1664=ORIENTED_EDGE('',*,*,#1048,.F.);
#1665=ORIENTED_EDGE('',*,*,#1045,.F.);
#1666=ORIENTED_EDGE('',*,*,#1042,.F.);
#1667=ORIENTED_EDGE('',*,*,#1039,.F.);
#1668=ORIENTED_EDGE('',*,*,#1036,.F.);
#1669=ORIENTED_EDGE('',*,*,#1033,.F.);
#1670=ORIENTED_EDGE('',*,*,#1030,.F.);
#1671=ORIENTED_EDGE('',*,*,#1027,.F.);
#1672=ORIENTED_EDGE('',*,*,#1024,.F.);
#1673=ORIENTED_EDGE('',*,*,#1021,.F.);
#1674=ORIENTED_EDGE('',*,*,#1018,.F.);
#1675=ORIENTED_EDGE('',*,*,#1015,.F.);
#1676=ORIENTED_EDGE('',*,*,#1012,.F.);
#1677=ORIENTED_EDGE('',*,*,#1009,.F.);
#1678=ORIENTED_EDGE('',*,*,#1006,.F.);
#1679=ORIENTED_EDGE('',*,*,#1003,.F.);
#1680=ORIENTED_EDGE('',*,*,#1000,.F.);
#1681=ORIENTED_EDGE('',*,*,#1161,.T.);
#1682=ORIENTED_EDGE('',*,*,#1166,.T.);
#1683=ORIENTED_EDGE('',*,*,#1163,.F.);
#1684=ORIENTED_EDGE('',*,*,#1167,.F.);
#1685=ORIENTED_EDGE('',*,*,#1158,.T.);
#1686=ORIENTED_EDGE('',*,*,#1167,.T.);
#1687=ORIENTED_EDGE('',*,*,#1162,.F.);
#1688=ORIENTED_EDGE('',*,*,#997,.F.);
#1689=ORIENTED_EDGE('',*,*,#1159,.T.);
#1690=ORIENTED_EDGE('',*,*,#923,.T.);
#1691=ORIENTED_EDGE('',*,*,#1165,.F.);
#1692=ORIENTED_EDGE('',*,*,#1168,.F.);
#1693=ORIENTED_EDGE('',*,*,#1160,.T.);
#1694=ORIENTED_EDGE('',*,*,#1168,.T.);
#1695=ORIENTED_EDGE('',*,*,#1164,.F.);
#1696=ORIENTED_EDGE('',*,*,#1166,.F.);
#1697=ORIENTED_EDGE('',*,*,#1169,.F.);
#1698=ORIENTED_EDGE('',*,*,#1170,.T.);
#1699=ORIENTED_EDGE('',*,*,#1171,.F.);
#1700=ORIENTED_EDGE('',*,*,#1172,.F.);
#1701=ORIENTED_EDGE('',*,*,#1173,.T.);
#1702=ORIENTED_EDGE('',*,*,#1169,.T.);
#1703=ORIENTED_EDGE('',*,*,#1173,.F.);
#1704=ORIENTED_EDGE('',*,*,#1171,.T.);
#1705=ORIENTED_EDGE('',*,*,#1172,.T.);
#1706=ORIENTED_EDGE('',*,*,#1174,.T.);
#1707=ORIENTED_EDGE('',*,*,#1175,.F.);
#1708=ORIENTED_EDGE('',*,*,#1174,.F.);
#1709=ORIENTED_EDGE('',*,*,#1175,.T.);
#1710=ORIENTED_EDGE('',*,*,#1176,.F.);
#1711=ORIENTED_EDGE('',*,*,#1177,.F.);
#1712=ORIENTED_EDGE('',*,*,#1178,.T.);
#1713=ORIENTED_EDGE('',*,*,#1176,.T.);
#1714=ORIENTED_EDGE('',*,*,#1178,.F.);
#1715=ORIENTED_EDGE('',*,*,#1177,.T.);
#1716=ORIENTED_EDGE('',*,*,#1179,.F.);
#1717=ORIENTED_EDGE('',*,*,#1170,.F.);
#1718=ORIENTED_EDGE('',*,*,#1180,.T.);
#1719=ORIENTED_EDGE('',*,*,#1179,.T.);
#1720=ORIENTED_EDGE('',*,*,#1180,.F.);
#1721=PLANE('',#1901);
#1722=PLANE('',#1909);
#1723=PLANE('',#1910);
#1724=PLANE('',#1914);
#1725=PLANE('',#1917);
#1726=PLANE('',#1921);
#1727=PLANE('',#1922);
#1728=PLANE('',#1926);
#1729=PLANE('',#1930);
#1730=PLANE('',#1934);
#1731=PLANE('',#1935);
#1732=PLANE('',#1936);
#1733=PLANE('',#1937);
#1734=PLANE('',#1941);
#1735=PLANE('',#1948);
#1736=PLANE('',#1952);
#1737=PLANE('',#1956);
#1738=PLANE('',#1957);
#1739=PLANE('',#1958);
#1740=PLANE('',#1959);
#1741=PLANE('',#1960);
#1742=PLANE('',#1961);
#1743=PLANE('',#1965);
#1744=PLANE('',#1969);
#1745=PLANE('',#1970);
#1746=PLANE('',#1974);
#1747=PLANE('',#1978);
#1748=PLANE('',#1982);
#1749=PLANE('',#1983);
#1750=PLANE('',#1984);
#1751=PLANE('',#1988);
#1752=PLANE('',#1992);
#1753=PLANE('',#1993);
#1754=PLANE('',#1994);
#1755=PLANE('',#1998);
#1756=PLANE('',#2002);
#1757=PLANE('',#2003);
#1758=PLANE('',#2004);
#1759=PLANE('',#2008);
#1760=PLANE('',#2012);
#1761=PLANE('',#2013);
#1762=PLANE('',#2014);
#1763=PLANE('',#2021);
#1764=PLANE('',#2022);
#1765=PLANE('',#2023);
#1766=PLANE('',#2027);
#1767=PLANE('',#2034);
#1768=PLANE('',#2035);
#1769=PLANE('',#2036);
#1770=PLANE('',#2040);
#1771=PLANE('',#2044);
#1772=PLANE('',#2045);
#1773=PLANE('',#2046);
#1774=PLANE('',#2050);
#1775=PLANE('',#2051);
#1776=PLANE('',#2052);
#1777=PLANE('',#2053);
#1778=PLANE('',#2054);
#1779=PLANE('',#2055);
#1780=PLANE('',#2056);
#1781=PLANE('',#2057);
#1782=PLANE('',#2065);
#1783=PLANE('',#2066);
#1784=PLANE('',#2070);
#1785=ADVANCED_FACE('',(#455,#451),#1721,.F.);
#1786=ADVANCED_FACE('',(#456),#417,.T.);
#1787=ADVANCED_FACE('',(#457),#19,.T.);
#1788=ADVANCED_FACE('',(#458),#1722,.F.);
#1789=ADVANCED_FACE('',(#459),#1723,.F.);
#1790=ADVANCED_FACE('',(#460),#418,.T.);
#1791=ADVANCED_FACE('',(#461,#452),#1724,.F.);
#1792=ADVANCED_FACE('',(#462),#419,.T.);
#1793=ADVANCED_FACE('',(#463),#1725,.F.);
#1794=ADVANCED_FACE('',(#464),#420,.T.);
#1795=ADVANCED_FACE('',(#465),#1726,.F.);
#1796=ADVANCED_FACE('',(#466),#1727,.F.);
#1797=ADVANCED_FACE('',(#467),#421,.F.);
#1798=ADVANCED_FACE('',(#468),#1728,.F.);
#1799=ADVANCED_FACE('',(#469),#422,.T.);
#1800=ADVANCED_FACE('',(#470),#1729,.F.);
#1801=ADVANCED_FACE('',(#471),#423,.T.);
#1802=ADVANCED_FACE('',(#472),#1730,.F.);
#1803=ADVANCED_FACE('',(#473),#1731,.F.);
#1804=ADVANCED_FACE('',(#474),#1732,.F.);
#1805=ADVANCED_FACE('',(#475),#1733,.F.);
#1806=ADVANCED_FACE('',(#476),#424,.T.);
#1807=ADVANCED_FACE('',(#477),#1734,.F.);
#1808=ADVANCED_FACE('',(#478),#425,.T.);
#1809=ADVANCED_FACE('',(#479),#426,.T.);
#1810=ADVANCED_FACE('',(#480),#1735,.F.);
#1811=ADVANCED_FACE('',(#481),#427,.F.);
#1812=ADVANCED_FACE('',(#482),#1736,.F.);
#1813=ADVANCED_FACE('',(#483),#428,.F.);
#1814=ADVANCED_FACE('',(#484),#1737,.F.);
#1815=ADVANCED_FACE('',(#485),#1738,.F.);
#1816=ADVANCED_FACE('',(#486),#1739,.F.);
#1817=ADVANCED_FACE('',(#487),#1740,.F.);
#1818=ADVANCED_FACE('',(#488),#1741,.F.);
#1819=ADVANCED_FACE('',(#489),#1742,.F.);
#1820=ADVANCED_FACE('',(#490),#429,.T.);
#1821=ADVANCED_FACE('',(#491),#1743,.F.);
#1822=ADVANCED_FACE('',(#492),#430,.T.);
#1823=ADVANCED_FACE('',(#493),#1744,.F.);
#1824=ADVANCED_FACE('',(#494),#1745,.F.);
#1825=ADVANCED_FACE('',(#495),#431,.F.);
#1826=ADVANCED_FACE('',(#496),#1746,.F.);
#1827=ADVANCED_FACE('',(#497),#432,.T.);
#1828=ADVANCED_FACE('',(#498),#1747,.F.);
#1829=ADVANCED_FACE('',(#499),#433,.T.);
#1830=ADVANCED_FACE('',(#500),#1748,.F.);
#1831=ADVANCED_FACE('',(#501),#1749,.F.);
#1832=ADVANCED_FACE('',(#502),#1750,.F.);
#1833=ADVANCED_FACE('',(#503),#434,.T.);
#1834=ADVANCED_FACE('',(#504),#1751,.F.);
#1835=ADVANCED_FACE('',(#505),#435,.T.);
#1836=ADVANCED_FACE('',(#506),#1752,.F.);
#1837=ADVANCED_FACE('',(#507),#1753,.F.);
#1838=ADVANCED_FACE('',(#508),#1754,.F.);
#1839=ADVANCED_FACE('',(#509),#436,.T.);
#1840=ADVANCED_FACE('',(#510),#1755,.F.);
#1841=ADVANCED_FACE('',(#511),#437,.T.);
#1842=ADVANCED_FACE('',(#512),#1756,.F.);
#1843=ADVANCED_FACE('',(#513),#1757,.F.);
#1844=ADVANCED_FACE('',(#514),#1758,.F.);
#1845=ADVANCED_FACE('',(#515),#438,.T.);
#1846=ADVANCED_FACE('',(#516),#1759,.F.);
#1847=ADVANCED_FACE('',(#517),#439,.T.);
#1848=ADVANCED_FACE('',(#518),#1760,.F.);
#1849=ADVANCED_FACE('',(#519),#1761,.F.);
#1850=ADVANCED_FACE('',(#520),#1762,.F.);
#1851=ADVANCED_FACE('',(#521),#440,.T.);
#1852=ADVANCED_FACE('',(#522),#441,.T.);
#1853=ADVANCED_FACE('',(#523),#1763,.F.);
#1854=ADVANCED_FACE('',(#524),#1764,.F.);
#1855=ADVANCED_FACE('',(#525),#1765,.F.);
#1856=ADVANCED_FACE('',(#526),#442,.T.);
#1857=ADVANCED_FACE('',(#527),#1766,.F.);
#1858=ADVANCED_FACE('',(#528),#443,.T.);
#1859=ADVANCED_FACE('',(#529),#444,.T.);
#1860=ADVANCED_FACE('',(#530),#1767,.F.);
#1861=ADVANCED_FACE('',(#531),#1768,.F.);
#1862=ADVANCED_FACE('',(#532),#1769,.F.);
#1863=ADVANCED_FACE('',(#533),#445,.T.);
#1864=ADVANCED_FACE('',(#534),#1770,.F.);
#1865=ADVANCED_FACE('',(#535),#446,.T.);
#1866=ADVANCED_FACE('',(#536),#1771,.F.);
#1867=ADVANCED_FACE('',(#537),#1772,.F.);
#1868=ADVANCED_FACE('',(#538),#1773,.F.);
#1869=ADVANCED_FACE('',(#539),#447,.T.);
#1870=ADVANCED_FACE('',(#540),#1774,.F.);
#1871=ADVANCED_FACE('',(#541),#1775,.T.);
#1872=ADVANCED_FACE('',(#542),#1776,.F.);
#1873=ADVANCED_FACE('',(#543),#1777,.F.);
#1874=ADVANCED_FACE('',(#544),#1778,.F.);
#1875=ADVANCED_FACE('',(#545),#1779,.F.);
#1876=ADVANCED_FACE('',(#546),#1780,.F.);
#1877=ADVANCED_FACE('',(#547,#453),#1781,.F.);
#1878=ADVANCED_FACE('',(#548),#448,.T.);
#1879=ADVANCED_FACE('',(#549),#20,.T.);
#1880=ADVANCED_FACE('',(#550),#1782,.F.);
#1881=ADVANCED_FACE('',(#551),#1783,.F.);
#1882=ADVANCED_FACE('',(#552),#449,.T.);
#1883=ADVANCED_FACE('',(#553,#454),#1784,.F.);
#1884=ADVANCED_FACE('',(#554),#450,.T.);
#1885=CLOSED_SHELL('',(#1785,#1786,#1787,#1788,#1789,#1790,#1791,#1792));
#1886=CLOSED_SHELL('',(#1793,#1794,#1795,#1796,#1797,#1798,#1799,#1800,
#1801,#1802,#1803,#1804,#1805,#1806,#1807,#1808,#1809,#1810,#1811,#1812,
#1813,#1814,#1815,#1816,#1817,#1818,#1819,#1820,#1821,#1822,#1823,#1824,
#1825,#1826,#1827,#1828,#1829,#1830,#1831,#1832,#1833,#1834,#1835,#1836,
#1837,#1838,#1839,#1840,#1841,#1842,#1843,#1844,#1845,#1846,#1847,#1848,
#1849,#1850,#1851,#1852,#1853,#1854,#1855,#1856,#1857,#1858,#1859,#1860,
#1861,#1862,#1863,#1864,#1865,#1866,#1867,#1868,#1869,#1870,#1871,#1872,
#1873,#1874,#1875,#1876));
#1887=CLOSED_SHELL('',(#1877,#1878,#1879,#1880,#1881,#1882,#1883,#1884));
#1888=DERIVED_UNIT_ELEMENT(#1890,1.);
#1889=DERIVED_UNIT_ELEMENT(#3173,-3.);
#1890=(
MASS_UNIT()
NAMED_UNIT(*)
SI_UNIT(.KILO.,.GRAM.)
);
#1891=DERIVED_UNIT((#1888,#1889));
#1892=MEASURE_REPRESENTATION_ITEM('density measure',
POSITIVE_RATIO_MEASURE(7850.),#1891);
#1893=PROPERTY_DEFINITION_REPRESENTATION(#1898,#1895);
#1894=PROPERTY_DEFINITION_REPRESENTATION(#1899,#1896);
#1895=REPRESENTATION('material name',(#1897),#3170);
#1896=REPRESENTATION('density',(#1892),#3170);
#1897=DESCRIPTIVE_REPRESENTATION_ITEM('Steel','Steel');
#1898=PROPERTY_DEFINITION('material property','material name',#3180);
#1899=PROPERTY_DEFINITION('material property','density of part',#3180);
#1900=AXIS2_PLACEMENT_3D('',#2617,#2073,#2074);
#1901=AXIS2_PLACEMENT_3D('',#2618,#2075,#2076);
#1902=AXIS2_PLACEMENT_3D('',#2620,#2077,#2078);
#1903=AXIS2_PLACEMENT_3D('',#2622,#2079,#2080);
#1904=AXIS2_PLACEMENT_3D('',#2623,#2081,#2082);
#1905=AXIS2_PLACEMENT_3D('',#2626,#2083,#2084);
#1906=AXIS2_PLACEMENT_3D('',#2627,#2085,#2086);
#1907=AXIS2_PLACEMENT_3D('',#2629,#2088,#2089);
#1908=AXIS2_PLACEMENT_3D('',#2632,#2091,#2092);
#1909=AXIS2_PLACEMENT_3D('',#2633,#2093,#2094);
#1910=AXIS2_PLACEMENT_3D('',#2634,#2095,#2096);
#1911=AXIS2_PLACEMENT_3D('',#2636,#2097,#2098);
#1912=AXIS2_PLACEMENT_3D('',#2637,#2099,#2100);
#1913=AXIS2_PLACEMENT_3D('',#2639,#2101,#2102);
#1914=AXIS2_PLACEMENT_3D('',#2641,#2104,#2105);
#1915=AXIS2_PLACEMENT_3D('',#2643,#2106,#2107);
#1916=AXIS2_PLACEMENT_3D('',#2644,#2108,#2109);
#1917=AXIS2_PLACEMENT_3D('',#2646,#2111,#2112);
#1918=AXIS2_PLACEMENT_3D('',#2655,#2117,#2118);
#1919=AXIS2_PLACEMENT_3D('',#2658,#2119,#2120);
#1920=AXIS2_PLACEMENT_3D('',#2662,#2122,#2123);
#1921=AXIS2_PLACEMENT_3D('',#2664,#2125,#2126);
#1922=AXIS2_PLACEMENT_3D('',#2670,#2130,#2131);
#1923=AXIS2_PLACEMENT_3D('',#2676,#2135,#2136);
#1924=AXIS2_PLACEMENT_3D('',#2678,#2137,#2138);
#1925=AXIS2_PLACEMENT_3D('',#2681,#2140,#2141);
#1926=AXIS2_PLACEMENT_3D('',#2682,#2142,#2143);
#1927=AXIS2_PLACEMENT_3D('',#2688,#2147,#2148);
#1928=AXIS2_PLACEMENT_3D('',#2690,#2149,#2150);
#1929=AXIS2_PLACEMENT_3D('',#2693,#2152,#2153);
#1930=AXIS2_PLACEMENT_3D('',#2694,#2154,#2155);
#1931=AXIS2_PLACEMENT_3D('',#2700,#2159,#2160);
#1932=AXIS2_PLACEMENT_3D('',#2702,#2161,#2162);
#1933=AXIS2_PLACEMENT_3D('',#2705,#2164,#2165);
#1934=AXIS2_PLACEMENT_3D('',#2706,#2166,#2167);
#1935=AXIS2_PLACEMENT_3D('',#2712,#2171,#2172);
#1936=AXIS2_PLACEMENT_3D('',#2718,#2176,#2177);
#1937=AXIS2_PLACEMENT_3D('',#2724,#2181,#2182);
#1938=AXIS2_PLACEMENT_3D('',#2730,#2186,#2187);
#1939=AXIS2_PLACEMENT_3D('',#2732,#2188,#2189);
#1940=AXIS2_PLACEMENT_3D('',#2735,#2191,#2192);
#1941=AXIS2_PLACEMENT_3D('',#2736,#2193,#2194);
#1942=AXIS2_PLACEMENT_3D('',#2742,#2198,#2199);
#1943=AXIS2_PLACEMENT_3D('',#2744,#2200,#2201);
#1944=AXIS2_PLACEMENT_3D('',#2747,#2203,#2204);
#1945=AXIS2_PLACEMENT_3D('',#2748,#2205,#2206);
#1946=AXIS2_PLACEMENT_3D('',#2750,#2207,#2208);
#1947=AXIS2_PLACEMENT_3D('',#2753,#2210,#2211);
#1948=AXIS2_PLACEMENT_3D('',#2754,#2212,#2213);
#1949=AXIS2_PLACEMENT_3D('',#2760,#2217,#2218);
#1950=AXIS2_PLACEMENT_3D('',#2762,#2219,#2220);
#1951=AXIS2_PLACEMENT_3D('',#2765,#2222,#2223);
#1952=AXIS2_PLACEMENT_3D('',#2766,#2224,#2225);
#1953=AXIS2_PLACEMENT_3D('',#2772,#2229,#2230);
#1954=AXIS2_PLACEMENT_3D('',#2774,#2231,#2232);
#1955=AXIS2_PLACEMENT_3D('',#2777,#2234,#2235);
#1956=AXIS2_PLACEMENT_3D('',#2778,#2236,#2237);
#1957=AXIS2_PLACEMENT_3D('',#2784,#2241,#2242);
#1958=AXIS2_PLACEMENT_3D('',#2790,#2246,#2247);
#1959=AXIS2_PLACEMENT_3D('',#2793,#2250,#2251);
#1960=AXIS2_PLACEMENT_3D('',#2802,#2256,#2257);
#1961=AXIS2_PLACEMENT_3D('',#2808,#2261,#2262);
#1962=AXIS2_PLACEMENT_3D('',#2814,#2266,#2267);
#1963=AXIS2_PLACEMENT_3D('',#2816,#2268,#2269);
#1964=AXIS2_PLACEMENT_3D('',#2819,#2271,#2272);
#1965=AXIS2_PLACEMENT_3D('',#2820,#2273,#2274);
#1966=AXIS2_PLACEMENT_3D('',#2826,#2278,#2279);
#1967=AXIS2_PLACEMENT_3D('',#2828,#2280,#2281);
#1968=AXIS2_PLACEMENT_3D('',#2831,#2283,#2284);
#1969=AXIS2_PLACEMENT_3D('',#2832,#2285,#2286);
#1970=AXIS2_PLACEMENT_3D('',#2838,#2290,#2291);
#1971=AXIS2_PLACEMENT_3D('',#2844,#2295,#2296);
#1972=AXIS2_PLACEMENT_3D('',#2846,#2297,#2298);
#1973=AXIS2_PLACEMENT_3D('',#2849,#2300,#2301);
#1974=AXIS2_PLACEMENT_3D('',#2850,#2302,#2303);
#1975=AXIS2_PLACEMENT_3D('',#2856,#2307,#2308);
#1976=AXIS2_PLACEMENT_3D('',#2858,#2309,#2310);
#1977=AXIS2_PLACEMENT_3D('',#2861,#2312,#2313);
#1978=AXIS2_PLACEMENT_3D('',#2862,#2314,#2315);
#1979=AXIS2_PLACEMENT_3D('',#2868,#2319,#2320);
#1980=AXIS2_PLACEMENT_3D('',#2870,#2321,#2322);
#1981=AXIS2_PLACEMENT_3D('',#2873,#2324,#2325);
#1982=AXIS2_PLACEMENT_3D('',#2874,#2326,#2327);
#1983=AXIS2_PLACEMENT_3D('',#2880,#2331,#2332);
#1984=AXIS2_PLACEMENT_3D('',#2886,#2336,#2337);
#1985=AXIS2_PLACEMENT_3D('',#2892,#2341,#2342);
#1986=AXIS2_PLACEMENT_3D('',#2894,#2343,#2344);
#1987=AXIS2_PLACEMENT_3D('',#2897,#2346,#2347);
#1988=AXIS2_PLACEMENT_3D('',#2898,#2348,#2349);
#1989=AXIS2_PLACEMENT_3D('',#2904,#2353,#2354);
#1990=AXIS2_PLACEMENT_3D('',#2906,#2355,#2356);
#1991=AXIS2_PLACEMENT_3D('',#2909,#2358,#2359);
#1992=AXIS2_PLACEMENT_3D('',#2910,#2360,#2361);
#1993=AXIS2_PLACEMENT_3D('',#2916,#2365,#2366);
#1994=AXIS2_PLACEMENT_3D('',#2922,#2370,#2371);
#1995=AXIS2_PLACEMENT_3D('',#2928,#2375,#2376);
#1996=AXIS2_PLACEMENT_3D('',#2930,#2377,#2378);
#1997=AXIS2_PLACEMENT_3D('',#2933,#2380,#2381);
#1998=AXIS2_PLACEMENT_3D('',#2934,#2382,#2383);
#1999=AXIS2_PLACEMENT_3D('',#2940,#2387,#2388);
#2000=AXIS2_PLACEMENT_3D('',#2942,#2389,#2390);
#2001=AXIS2_PLACEMENT_3D('',#2945,#2392,#2393);
#2002=AXIS2_PLACEMENT_3D('',#2946,#2394,#2395);
#2003=AXIS2_PLACEMENT_3D('',#2952,#2399,#2400);
#2004=AXIS2_PLACEMENT_3D('',#2958,#2404,#2405);
#2005=AXIS2_PLACEMENT_3D('',#2964,#2409,#2410);
#2006=AXIS2_PLACEMENT_3D('',#2966,#2411,#2412);
#2007=AXIS2_PLACEMENT_3D('',#2969,#2414,#2415);
#2008=AXIS2_PLACEMENT_3D('',#2970,#2416,#2417);
#2009=AXIS2_PLACEMENT_3D('',#2976,#2421,#2422);
#2010=AXIS2_PLACEMENT_3D('',#2978,#2423,#2424);
#2011=AXIS2_PLACEMENT_3D('',#2981,#2426,#2427);
#2012=AXIS2_PLACEMENT_3D('',#2982,#2428,#2429);
#2013=AXIS2_PLACEMENT_3D('',#2988,#2433,#2434);
#2014=AXIS2_PLACEMENT_3D('',#2994,#2438,#2439);
#2015=AXIS2_PLACEMENT_3D('',#3000,#2443,#2444);
#2016=AXIS2_PLACEMENT_3D('',#3002,#2445,#2446);
#2017=AXIS2_PLACEMENT_3D('',#3005,#2448,#2449);
#2018=AXIS2_PLACEMENT_3D('',#3006,#2450,#2451);
#2019=AXIS2_PLACEMENT_3D('',#3008,#2452,#2453);
#2020=AXIS2_PLACEMENT_3D('',#3011,#2455,#2456);
#2021=AXIS2_PLACEMENT_3D('',#3012,#2457,#2458);
#2022=AXIS2_PLACEMENT_3D('',#3018,#2462,#2463);
#2023=AXIS2_PLACEMENT_3D('',#3024,#2467,#2468);
#2024=AXIS2_PLACEMENT_3D('',#3030,#2472,#2473);
#2025=AXIS2_PLACEMENT_3D('',#3032,#2474,#2475);
#2026=AXIS2_PLACEMENT_3D('',#3035,#2477,#2478);
#2027=AXIS2_PLACEMENT_3D('',#3036,#2479,#2480);
#2028=AXIS2_PLACEMENT_3D('',#3042,#2484,#2485);
#2029=AXIS2_PLACEMENT_3D('',#3044,#2486,#2487);
#2030=AXIS2_PLACEMENT_3D('',#3047,#2489,#2490);
#2031=AXIS2_PLACEMENT_3D('',#3048,#2491,#2492);
#2032=AXIS2_PLACEMENT_3D('',#3050,#2493,#2494);
#2033=AXIS2_PLACEMENT_3D('',#3053,#2496,#2497);
#2034=AXIS2_PLACEMENT_3D('',#3054,#2498,#2499);
#2035=AXIS2_PLACEMENT_3D('',#3060,#2503,#2504);
#2036=AXIS2_PLACEMENT_3D('',#3066,#2508,#2509);
#2037=AXIS2_PLACEMENT_3D('',#3072,#2513,#2514);
#2038=AXIS2_PLACEMENT_3D('',#3074,#2515,#2516);
#2039=AXIS2_PLACEMENT_3D('',#3077,#2518,#2519);
#2040=AXIS2_PLACEMENT_3D('',#3078,#2520,#2521);
#2041=AXIS2_PLACEMENT_3D('',#3084,#2525,#2526);
#2042=AXIS2_PLACEMENT_3D('',#3086,#2527,#2528);
#2043=AXIS2_PLACEMENT_3D('',#3089,#2530,#2531);
#2044=AXIS2_PLACEMENT_3D('',#3090,#2532,#2533);
#2045=AXIS2_PLACEMENT_3D('',#3096,#2537,#2538);
#2046=AXIS2_PLACEMENT_3D('',#3102,#2542,#2543);
#2047=AXIS2_PLACEMENT_3D('',#3108,#2547,#2548);
#2048=AXIS2_PLACEMENT_3D('',#3110,#2549,#2550);
#2049=AXIS2_PLACEMENT_3D('',#3113,#2552,#2553);
#2050=AXIS2_PLACEMENT_3D('',#3114,#2554,#2555);
#2051=AXIS2_PLACEMENT_3D('',#3117,#2558,#2559);
#2052=AXIS2_PLACEMENT_3D('',#3125,#2564,#2565);
#2053=AXIS2_PLACEMENT_3D('',#3133,#2570,#2571);
#2054=AXIS2_PLACEMENT_3D('',#3136,#2574,#2575);
#2055=AXIS2_PLACEMENT_3D('',#3137,#2576,#2577);
#2056=AXIS2_PLACEMENT_3D('',#3139,#2579,#2580);
#2057=AXIS2_PLACEMENT_3D('',#3140,#2581,#2582);
#2058=AXIS2_PLACEMENT_3D('',#3142,#2583,#2584);
#2059=AXIS2_PLACEMENT_3D('',#3144,#2585,#2586);
#2060=AXIS2_PLACEMENT_3D('',#3145,#2587,#2588);
#2061=AXIS2_PLACEMENT_3D('',#3148,#2589,#2590);
#2062=AXIS2_PLACEMENT_3D('',#3149,#2591,#2592);
#2063=AXIS2_PLACEMENT_3D('',#3151,#2594,#2595);
#2064=AXIS2_PLACEMENT_3D('',#3154,#2597,#2598);
#2065=AXIS2_PLACEMENT_3D('',#3155,#2599,#2600);
#2066=AXIS2_PLACEMENT_3D('',#3156,#2601,#2602);
#2067=AXIS2_PLACEMENT_3D('',#3158,#2603,#2604);
#2068=AXIS2_PLACEMENT_3D('',#3159,#2605,#2606);
#2069=AXIS2_PLACEMENT_3D('',#3161,#2607,#2608);
#2070=AXIS2_PLACEMENT_3D('',#3163,#2610,#2611);
#2071=AXIS2_PLACEMENT_3D('',#3165,#2612,#2613);
#2072=AXIS2_PLACEMENT_3D('',#3166,#2614,#2615);
#2073=DIRECTION('axis',(0.,0.,1.));
#2074=DIRECTION('refdir',(1.,0.,0.));
#2075=DIRECTION('center_axis',(0.,0.,1.));
#2076=DIRECTION('ref_axis',(1.,0.,0.));
#2077=DIRECTION('center_axis',(0.,0.,1.));
#2078=DIRECTION('ref_axis',(1.,0.,0.));
#2079=DIRECTION('center_axis',(0.,0.,1.));
#2080=DIRECTION('ref_axis',(1.,0.,0.));
#2081=DIRECTION('center_axis',(0.,0.,1.));
#2082=DIRECTION('ref_axis',(1.,0.,0.));
#2083=DIRECTION('center_axis',(0.,0.,1.));
#2084=DIRECTION('ref_axis',(1.,0.,0.));
#2085=DIRECTION('center_axis',(0.,0.,1.));
#2086=DIRECTION('ref_axis',(1.,0.,0.));
#2087=DIRECTION('',(0.,0.,-1.));
#2088=DIRECTION('center_axis',(0.,0.,-1.));
#2089=DIRECTION('ref_axis',(-1.,0.,0.));
#2090=DIRECTION('',(-0.686672960783068,8.40931843484021E-17,0.726966467541258));
#2091=DIRECTION('center_axis',(0.,0.,1.));
#2092=DIRECTION('ref_axis',(1.,0.,0.));
#2093=DIRECTION('center_axis',(0.,0.,-1.));
#2094=DIRECTION('ref_axis',(-1.,0.,0.));
#2095=DIRECTION('center_axis',(0.,0.,1.));
#2096=DIRECTION('ref_axis',(1.,0.,0.));
#2097=DIRECTION('center_axis',(0.,0.,1.));
#2098=DIRECTION('ref_axis',(1.,0.,0.));
#2099=DIRECTION('center_axis',(0.,0.,1.));
#2100=DIRECTION('ref_axis',(1.,0.,0.));
#2101=DIRECTION('center_axis',(0.,0.,1.));
#2102=DIRECTION('ref_axis',(1.,0.,0.));
#2103=DIRECTION('',(0.,0.,-1.));
#2104=DIRECTION('center_axis',(0.,0.,-1.));
#2105=DIRECTION('ref_axis',(-1.,0.,0.));
#2106=DIRECTION('center_axis',(0.,0.,1.));
#2107=DIRECTION('ref_axis',(1.,0.,0.));
#2108=DIRECTION('center_axis',(0.,0.,1.));
#2109=DIRECTION('ref_axis',(1.,0.,0.));
#2110=DIRECTION('',(0.,0.,-1.));
#2111=DIRECTION('center_axis',(0.,-9.33651183505086E-17,1.));
#2112=DIRECTION('ref_axis',(0.,-1.,-9.33651183505086E-17));
#2113=DIRECTION('',(-1.,0.,0.));
#2114=DIRECTION('',(-6.12303176911189E-17,-1.,-9.33651183505086E-17));
#2115=DIRECTION('',(-1.,0.,0.));
#2116=DIRECTION('',(-6.12303176911189E-17,-1.,-9.33651183505086E-17));
#2117=DIRECTION('center_axis',(-1.,0.,0.));
#2118=DIRECTION('ref_axis',(0.,0.,1.));
#2119=DIRECTION('center_axis',(1.,-6.12303176911189E-17,0.));
#2120=DIRECTION('ref_axis',(0.,0.,1.));
#2121=DIRECTION('',(-1.,0.,0.));
#2122=DIRECTION('center_axis',(1.,-6.12303176911189E-17,0.));
#2123=DIRECTION('ref_axis',(0.,0.,1.));
#2124=DIRECTION('',(-1.,0.,0.));
#2125=DIRECTION('center_axis',(0.,1.,0.));
#2126=DIRECTION('ref_axis',(0.,0.,1.));
#2127=DIRECTION('',(0.,0.,1.));
#2128=DIRECTION('',(-1.,0.,0.));
#2129=DIRECTION('',(0.,0.,1.));
#2130=DIRECTION('center_axis',(0.,0.523546234083804,-0.851997265709619));
#2131=DIRECTION('ref_axis',(0.,0.851997265709619,0.523546234083804));
#2132=DIRECTION('',(5.21680632513646E-17,0.851997265709619,0.523546234083804));
#2133=DIRECTION('',(-1.,0.,0.));
#2134=DIRECTION('',(5.21680632513646E-17,0.851997265709619,0.523546234083804));
#2135=DIRECTION('center_axis',(-1.,0.,0.));
#2136=DIRECTION('ref_axis',(0.,-0.470673420632332,-0.88230750371413));
#2137=DIRECTION('center_axis',(1.,-6.12303176911189E-17,0.));
#2138=DIRECTION('ref_axis',(0.,0.,1.));
#2139=DIRECTION('',(-1.,0.,0.));
#2140=DIRECTION('center_axis',(1.,-6.12303176911189E-17,0.));
#2141=DIRECTION('ref_axis',(0.,0.,1.));
#2142=DIRECTION('center_axis',(0.,-0.999212825539143,-0.0396702568441653));
#2143=DIRECTION('ref_axis',(0.,0.0396702568441653,-0.999212825539143));
#2144=DIRECTION('',(2.42902242945653E-18,0.0396702568441653,-0.999212825539143));
#2145=DIRECTION('',(-1.,0.,0.));
#2146=DIRECTION('',(2.42902242945653E-18,0.0396702568441653,-0.999212825539143));
#2147=DIRECTION('center_axis',(-1.,0.,0.));
#2148=DIRECTION('ref_axis',(0.,0.,1.));
#2149=DIRECTION('center_axis',(1.,-6.12303176911189E-17,0.));
#2150=DIRECTION('ref_axis',(0.,0.,1.));
#2151=DIRECTION('',(-1.,0.,0.));
#2152=DIRECTION('center_axis',(1.,-6.12303176911189E-17,0.));
#2153=DIRECTION('ref_axis',(0.,0.,1.));
#2154=DIRECTION('center_axis',(0.,5.86503284197183E-14,-1.));
#2155=DIRECTION('ref_axis',(0.,1.,5.86503284197183E-14));
#2156=DIRECTION('',(6.12303176911189E-17,1.,5.86503284197183E-14));
#2157=DIRECTION('',(-1.,0.,0.));
#2158=DIRECTION('',(6.12303176911189E-17,1.,5.86503284197183E-14));
#2159=DIRECTION('center_axis',(-1.,0.,0.));
#2160=DIRECTION('ref_axis',(0.,0.,1.));
#2161=DIRECTION('center_axis',(1.,-6.12303176911189E-17,0.));
#2162=DIRECTION('ref_axis',(0.,0.,1.));
#2163=DIRECTION('',(-1.,0.,0.));
#2164=DIRECTION('center_axis',(1.,-6.12303176911189E-17,0.));
#2165=DIRECTION('ref_axis',(0.,0.,1.));
#2166=DIRECTION('center_axis',(0.,1.,0.));
#2167=DIRECTION('ref_axis',(0.,0.,1.));
#2168=DIRECTION('',(0.,0.,1.));
#2169=DIRECTION('',(-1.,0.,0.));
#2170=DIRECTION('',(0.,0.,1.));
#2171=DIRECTION('center_axis',(0.,0.994543615728352,0.104321600898261));
#2172=DIRECTION('ref_axis',(0.,-0.104321600898261,0.994543615728352));
#2173=DIRECTION('',(-6.38764476504664E-18,-0.104321600898261,0.994543615728352));
#2174=DIRECTION('',(-1.,0.,0.));
#2175=DIRECTION('',(-6.38764476504664E-18,-0.104321600898261,0.994543615728352));
#2176=DIRECTION('center_axis',(0.,0.,-1.));
#2177=DIRECTION('ref_axis',(-1.,0.,0.));
#2178=DIRECTION('',(6.12303176911189E-17,1.,0.));
#2179=DIRECTION('',(-1.,0.,0.));
#2180=DIRECTION('',(6.12303176911189E-17,1.,0.));
#2181=DIRECTION('center_axis',(0.,1.,0.));
#2182=DIRECTION('ref_axis',(0.,0.,1.));
#2183=DIRECTION('',(0.,0.,1.));
#2184=DIRECTION('',(-1.,0.,0.));
#2185=DIRECTION('',(0.,0.,1.));
#2186=DIRECTION('center_axis',(-1.,0.,0.));
#2187=DIRECTION('ref_axis',(0.,0.,1.));
#2188=DIRECTION('center_axis',(1.,-6.12303176911189E-17,0.));
#2189=DIRECTION('ref_axis',(0.,0.,1.));
#2190=DIRECTION('',(-1.,0.,0.));
#2191=DIRECTION('center_axis',(1.,-6.12303176911189E-17,0.));
#2192=DIRECTION('ref_axis',(0.,0.,1.));
#2193=DIRECTION('center_axis',(0.,0.,1.));
#2194=DIRECTION('ref_axis',(1.,0.,0.));
#2195=DIRECTION('',(-6.12303176911189E-17,-1.,0.));
#2196=DIRECTION('',(-1.,0.,0.));
#2197=DIRECTION('',(-6.12303176911189E-17,-1.,0.));
#2198=DIRECTION('center_axis',(-1.,0.,0.));
#2199=DIRECTION('ref_axis',(0.,0.,1.));
#2200=DIRECTION('center_axis',(1.,-6.12303176911189E-17,0.));
#2201=DIRECTION('ref_axis',(0.,0.,1.));
#2202=DIRECTION('',(-1.,0.,0.));
#2203=DIRECTION('center_axis',(1.,-6.12303176911189E-17,0.));
#2204=DIRECTION('ref_axis',(0.,0.,1.));
#2205=DIRECTION('center_axis',(-1.,0.,0.));
#2206=DIRECTION('ref_axis',(0.,0.,1.));
#2207=DIRECTION('center_axis',(1.,-6.12303176911189E-17,0.));
#2208=DIRECTION('ref_axis',(0.,0.,1.));
#2209=DIRECTION('',(-1.,0.,0.));
#2210=DIRECTION('center_axis',(1.,-6.12303176911189E-17,0.));
#2211=DIRECTION('ref_axis',(0.,0.,1.));
#2212=DIRECTION('center_axis',(0.,-0.994080022017763,-0.108650401863795));
#2213=DIRECTION('ref_axis',(0.,0.108650401863795,-0.994080022017763));
#2214=DIRECTION('',(6.6526986233879E-18,0.108650401863795,-0.994080022017763));
#2215=DIRECTION('',(-1.,0.,0.));
#2216=DIRECTION('',(6.6526986233879E-18,0.108650401863795,-0.994080022017763));
#2217=DIRECTION('center_axis',(-1.,0.,0.));
#2218=DIRECTION('ref_axis',(0.,0.,1.));
#2219=DIRECTION('center_axis',(1.,-6.12303176911189E-17,0.));
#2220=DIRECTION('ref_axis',(0.,0.,1.));
#2221=DIRECTION('',(-1.,0.,0.));
#2222=DIRECTION('center_axis',(1.,-6.12303176911189E-17,0.));
#2223=DIRECTION('ref_axis',(0.,0.,1.));
#2224=DIRECTION('center_axis',(0.,-1.6516860079153E-15,1.));
#2225=DIRECTION('ref_axis',(0.,-1.,-1.6516860079153E-15));
#2226=DIRECTION('',(-6.12303176911189E-17,-1.,-1.6516860079153E-15));
#2227=DIRECTION('',(-1.,0.,0.));
#2228=DIRECTION('',(-6.12303176911189E-17,-1.,-1.6516860079153E-15));
#2229=DIRECTION('center_axis',(-1.,0.,0.));
#2230=DIRECTION('ref_axis',(0.,0.,1.));
#2231=DIRECTION('center_axis',(1.,-6.12303176911189E-17,0.));
#2232=DIRECTION('ref_axis',(0.,0.,1.));
#2233=DIRECTION('',(-1.,0.,0.));
#2234=DIRECTION('center_axis',(1.,-6.12303176911189E-17,0.));
#2235=DIRECTION('ref_axis',(0.,0.,1.));
#2236=DIRECTION('center_axis',(0.,1.,0.));
#2237=DIRECTION('ref_axis',(0.,0.,1.));
#2238=DIRECTION('',(0.,0.,1.));
#2239=DIRECTION('',(-1.,0.,0.));
#2240=DIRECTION('',(0.,0.,1.));
#2241=DIRECTION('center_axis',(0.,-3.69171687506354E-15,1.));
#2242=DIRECTION('ref_axis',(0.,-1.,-3.69171687506354E-15));
#2243=DIRECTION('',(-6.12303176911189E-17,-1.,-3.69171687506354E-15));
#2244=DIRECTION('',(-1.,0.,0.));
#2245=DIRECTION('',(-6.12303176911189E-17,-1.,-3.69171687506354E-15));
#2246=DIRECTION('center_axis',(0.,1.,-1.16447345097063E-15));
#2247=DIRECTION('ref_axis',(0.,1.16447345097063E-15,1.));
#2248=DIRECTION('',(7.13010793458052E-32,1.16447345097063E-15,1.));
#2249=DIRECTION('',(7.13010793458052E-32,1.16447345097063E-15,1.));
#2250=DIRECTION('center_axis',(0.,-9.33651183505086E-17,1.));
#2251=DIRECTION('ref_axis',(0.,-1.,-9.33651183505086E-17));
#2252=DIRECTION('',(-6.12303176911189E-17,-1.,-9.33651183505086E-17));
#2253=DIRECTION('',(-1.,0.,0.));
#2254=DIRECTION('',(-6.12303176911189E-17,-1.,-9.33651183505086E-17));
#2255=DIRECTION('',(-1.,0.,0.));
#2256=DIRECTION('center_axis',(0.,-1.,0.));
#2257=DIRECTION('ref_axis',(0.,0.,-1.));
#2258=DIRECTION('',(0.,0.,-1.));
#2259=DIRECTION('',(-1.,0.,0.));
#2260=DIRECTION('',(0.,0.,-1.));
#2261=DIRECTION('center_axis',(0.,-5.39555691097715E-17,1.));
#2262=DIRECTION('ref_axis',(0.,-1.,-5.39555691097715E-17));
#2263=DIRECTION('',(-6.12303176911189E-17,-1.,-5.39555691097715E-17));
#2264=DIRECTION('',(-1.,0.,0.));
#2265=DIRECTION('',(-6.12303176911189E-17,-1.,-5.39555691097715E-17));
#2266=DIRECTION('center_axis',(-1.,0.,0.));
#2267=DIRECTION('ref_axis',(0.,0.,1.));
#2268=DIRECTION('center_axis',(1.,-6.12303176911189E-17,0.));
#2269=DIRECTION('ref_axis',(0.,0.,1.));
#2270=DIRECTION('',(-1.,0.,0.));
#2271=DIRECTION('center_axis',(1.,-6.12303176911189E-17,0.));
#2272=DIRECTION('ref_axis',(0.,0.,1.));
#2273=DIRECTION('center_axis',(0.,-1.,3.32754220783527E-15));
#2274=DIRECTION('ref_axis',(0.,-3.32754220783527E-15,-1.));
#2275=DIRECTION('',(-2.03746466516361E-31,-3.32754220783527E-15,-1.));
#2276=DIRECTION('',(-1.,0.,0.));
#2277=DIRECTION('',(-2.03746466516361E-31,-3.32754220783527E-15,-1.));
#2278=DIRECTION('center_axis',(-1.,0.,0.));
#2279=DIRECTION('ref_axis',(0.,0.,1.));
#2280=DIRECTION('center_axis',(1.,-6.12303176911189E-17,0.));
#2281=DIRECTION('ref_axis',(0.,0.,1.));
#2282=DIRECTION('',(-1.,0.,0.));
#2283=DIRECTION('center_axis',(1.,-6.12303176911189E-17,0.));
#2284=DIRECTION('ref_axis',(0.,0.,1.));
#2285=DIRECTION('center_axis',(0.,-1.19190240387056E-16,-1.));
#2286=DIRECTION('ref_axis',(0.,1.,-1.19190240387056E-16));
#2287=DIRECTION('',(6.12303176911189E-17,1.,-1.19190240387056E-16));
#2288=DIRECTION('',(-1.,0.,0.));
#2289=DIRECTION('',(6.12303176911189E-17,1.,-1.19190240387056E-16));
#2290=DIRECTION('center_axis',(0.,-0.699126328351177,-0.714998165736251));
#2291=DIRECTION('ref_axis',(0.,0.714998165736251,-0.699126328351177));
#2292=DIRECTION('',(4.37795648365979E-17,0.714998165736251,-0.699126328351177));
#2293=DIRECTION('',(-1.,0.,0.));
#2294=DIRECTION('',(4.37795648365979E-17,0.714998165736251,-0.699126328351177));
#2295=DIRECTION('center_axis',(-1.,0.,0.));
#2296=DIRECTION('ref_axis',(0.,0.,1.));
#2297=DIRECTION('center_axis',(1.,-6.12303176911189E-17,0.));
#2298=DIRECTION('ref_axis',(0.,0.,1.));
#2299=DIRECTION('',(-1.,0.,0.));
#2300=DIRECTION('center_axis',(1.,-6.12303176911189E-17,0.));
#2301=DIRECTION('ref_axis',(0.,0.,1.));
#2302=DIRECTION('center_axis',(0.,0.,1.));
#2303=DIRECTION('ref_axis',(1.,0.,0.));
#2304=DIRECTION('',(-6.12303176911189E-17,-1.,0.));
#2305=DIRECTION('',(-1.,0.,0.));
#2306=DIRECTION('',(-6.12303176911189E-17,-1.,0.));
#2307=DIRECTION('center_axis',(-1.,0.,0.));
#2308=DIRECTION('ref_axis',(0.,0.,1.));
#2309=DIRECTION('center_axis',(1.,-6.12303176911189E-17,0.));
#2310=DIRECTION('ref_axis',(0.,0.,1.));
#2311=DIRECTION('',(-1.,0.,0.));
#2312=DIRECTION('center_axis',(1.,-6.12303176911189E-17,0.));
#2313=DIRECTION('ref_axis',(0.,0.,1.));
#2314=DIRECTION('center_axis',(0.,-1.,0.));
#2315=DIRECTION('ref_axis',(0.,0.,-1.));
#2316=DIRECTION('',(0.,0.,-1.));
#2317=DIRECTION('',(-1.,0.,0.));
#2318=DIRECTION('',(0.,0.,-1.));
#2319=DIRECTION('center_axis',(-1.,0.,0.));
#2320=DIRECTION('ref_axis',(0.,0.,1.));
#2321=DIRECTION('center_axis',(1.,-6.12303176911189E-17,0.));
#2322=DIRECTION('ref_axis',(0.,0.,1.));
#2323=DIRECTION('',(-1.,0.,0.));
#2324=DIRECTION('center_axis',(1.,-6.12303176911189E-17,0.));
#2325=DIRECTION('ref_axis',(0.,0.,1.));
#2326=DIRECTION('center_axis',(0.,0.,-1.));
#2327=DIRECTION('ref_axis',(-1.,0.,0.));
#2328=DIRECTION('',(6.12303176911189E-17,1.,0.));
#2329=DIRECTION('',(-1.,0.,0.));
#2330=DIRECTION('',(6.12303176911189E-17,1.,0.));
#2331=DIRECTION('center_axis',(0.,-1.,0.));
#2332=DIRECTION('ref_axis',(0.,0.,-1.));
#2333=DIRECTION('',(0.,0.,-1.));
#2334=DIRECTION('',(-1.,0.,0.));
#2335=DIRECTION('',(0.,0.,-1.));
#2336=DIRECTION('center_axis',(0.,0.,1.));
#2337=DIRECTION('ref_axis',(1.,0.,0.));
#2338=DIRECTION('',(-6.12303176911189E-17,-1.,0.));
#2339=DIRECTION('',(-1.,0.,0.));
#2340=DIRECTION('',(-6.12303176911189E-17,-1.,0.));
#2341=DIRECTION('center_axis',(-1.,0.,0.));
#2342=DIRECTION('ref_axis',(0.,0.,1.));
#2343=DIRECTION('center_axis',(1.,-6.12303176911189E-17,0.));
#2344=DIRECTION('ref_axis',(0.,0.,1.));
#2345=DIRECTION('',(-1.,0.,0.));
#2346=DIRECTION('center_axis',(1.,-6.12303176911189E-17,0.));
#2347=DIRECTION('ref_axis',(0.,0.,1.));
#2348=DIRECTION('center_axis',(0.,-1.,0.));
#2349=DIRECTION('ref_axis',(0.,0.,-1.));
#2350=DIRECTION('',(0.,0.,-1.));
#2351=DIRECTION('',(-1.,0.,0.));
#2352=DIRECTION('',(0.,0.,-1.));
#2353=DIRECTION('center_axis',(-1.,0.,0.));
#2354=DIRECTION('ref_axis',(0.,0.,1.));
#2355=DIRECTION('center_axis',(1.,-6.12303176911189E-17,0.));
#2356=DIRECTION('ref_axis',(0.,0.,1.));
#2357=DIRECTION('',(-1.,0.,0.));
#2358=DIRECTION('center_axis',(1.,-6.12303176911189E-17,0.));
#2359=DIRECTION('ref_axis',(0.,0.,1.));
#2360=DIRECTION('center_axis',(0.,1.46776097371982E-16,-1.));
#2361=DIRECTION('ref_axis',(0.,1.,1.46776097371982E-16));
#2362=DIRECTION('',(6.12303176911189E-17,1.,1.46776097371982E-16));
#2363=DIRECTION('',(-1.,0.,0.));
#2364=DIRECTION('',(6.12303176911189E-17,1.,1.46776097371982E-16));
#2365=DIRECTION('center_axis',(0.,-1.,0.));
#2366=DIRECTION('ref_axis',(0.,0.,-1.));
#2367=DIRECTION('',(0.,0.,-1.));
#2368=DIRECTION('',(-1.,0.,0.));
#2369=DIRECTION('',(0.,0.,-1.));
#2370=DIRECTION('center_axis',(0.,-0.0135719445801784,0.999907896918668));
#2371=DIRECTION('ref_axis',(0.,-0.999907896918668,-0.0135719445801784));
#2372=DIRECTION('',(-6.12246781901886E-17,-0.999907896918667,-0.0135719445801784));
#2373=DIRECTION('',(-1.,0.,0.));
#2374=DIRECTION('',(-6.12246781901886E-17,-0.999907896918667,-0.0135719445801784));
#2375=DIRECTION('center_axis',(-1.,0.,0.));
#2376=DIRECTION('ref_axis',(0.,0.,1.));
#2377=DIRECTION('center_axis',(1.,-6.12303176911189E-17,0.));
#2378=DIRECTION('ref_axis',(0.,0.,1.));
#2379=DIRECTION('',(-1.,0.,0.));
#2380=DIRECTION('center_axis',(1.,-6.12303176911189E-17,0.));
#2381=DIRECTION('ref_axis',(0.,0.,1.));
#2382=DIRECTION('center_axis',(0.,-1.,1.28648233647355E-14));
#2383=DIRECTION('ref_axis',(0.,-1.28648233647355E-14,-1.));
#2384=DIRECTION('',(-7.87717221662884E-31,-1.28648233647355E-14,-1.));
#2385=DIRECTION('',(-1.,0.,0.));
#2386=DIRECTION('',(-7.87717221662884E-31,-1.28648233647355E-14,-1.));
#2387=DIRECTION('center_axis',(-1.,0.,0.));
#2388=DIRECTION('ref_axis',(0.,0.,1.));
#2389=DIRECTION('center_axis',(1.,-6.12303176911189E-17,0.));
#2390=DIRECTION('ref_axis',(0.,0.,1.));
#2391=DIRECTION('',(-1.,0.,0.));
#2392=DIRECTION('center_axis',(1.,-6.12303176911189E-17,0.));
#2393=DIRECTION('ref_axis',(0.,0.,1.));
#2394=DIRECTION('center_axis',(0.,0.,-1.));
#2395=DIRECTION('ref_axis',(-1.,0.,0.));
#2396=DIRECTION('',(6.12303176911189E-17,1.,0.));
#2397=DIRECTION('',(-1.,0.,0.));
#2398=DIRECTION('',(6.12303176911189E-17,1.,0.));
#2399=DIRECTION('center_axis',(0.,-1.,-6.20766941433719E-16));
#2400=DIRECTION('ref_axis',(0.,6.20766941433719E-16,-1.));
#2401=DIRECTION('',(3.80097570361308E-32,6.20766941433719E-16,-1.));
#2402=DIRECTION('',(-1.,0.,0.));
#2403=DIRECTION('',(3.80097570361308E-32,6.20766941433719E-16,-1.));
#2404=DIRECTION('center_axis',(0.,-0.171757426084298,0.985139272684272));
#2405=DIRECTION('ref_axis',(0.,-0.985139272684272,-0.171757426084298));
#2406=DIRECTION('',(-6.03203906364558E-17,-0.985139272684272,-0.171757426084298));
#2407=DIRECTION('',(-1.,0.,0.));
#2408=DIRECTION('',(-6.03203906364558E-17,-0.985139272684272,-0.171757426084298));
#2409=DIRECTION('center_axis',(-1.,0.,0.));
#2410=DIRECTION('ref_axis',(0.,0.,1.));
#2411=DIRECTION('center_axis',(1.,-6.12303176911189E-17,0.));
#2412=DIRECTION('ref_axis',(0.,0.,1.));
#2413=DIRECTION('',(-1.,0.,0.));
#2414=DIRECTION('center_axis',(1.,-6.12303176911189E-17,0.));
#2415=DIRECTION('ref_axis',(0.,0.,1.));
#2416=DIRECTION('center_axis',(0.,-1.,0.));
#2417=DIRECTION('ref_axis',(0.,0.,-1.));
#2418=DIRECTION('',(0.,0.,-1.));
#2419=DIRECTION('',(-1.,0.,0.));
#2420=DIRECTION('',(0.,0.,-1.));
#2421=DIRECTION('center_axis',(-1.,0.,0.));
#2422=DIRECTION('ref_axis',(0.,0.,1.));
#2423=DIRECTION('center_axis',(1.,-6.12303176911189E-17,0.));
#2424=DIRECTION('ref_axis',(0.,0.,1.));
#2425=DIRECTION('',(-1.,0.,0.));
#2426=DIRECTION('center_axis',(1.,-6.12303176911189E-17,0.));
#2427=DIRECTION('ref_axis',(0.,0.,1.));
#2428=DIRECTION('center_axis',(0.,0.174609535303511,-0.984637755817383));
#2429=DIRECTION('ref_axis',(0.,0.984637755817383,0.174609535303511));
#2430=DIRECTION('',(6.02896825993687E-17,0.984637755817383,0.174609535303511));
#2431=DIRECTION('',(-1.,0.,0.));
#2432=DIRECTION('',(6.02896825993687E-17,0.984637755817383,0.174609535303511));
#2433=DIRECTION('center_axis',(0.,-1.,6.9431110292918E-16));
#2434=DIRECTION('ref_axis',(0.,-6.9431110292918E-16,-1.));
#2435=DIRECTION('',(-4.25128894088248E-32,-6.9431110292918E-16,-1.));
#2436=DIRECTION('',(-1.,0.,0.));
#2437=DIRECTION('',(-4.25128894088248E-32,-6.9431110292918E-16,-1.));
#2438=DIRECTION('center_axis',(0.,-0.355922566051084,0.934515450367522));
#2439=DIRECTION('ref_axis',(0.,-0.934515450367522,-0.355922566051084));
#2440=DIRECTION('',(-5.72206779132624E-17,-0.934515450367522,-0.355922566051084));
#2441=DIRECTION('',(-1.,0.,0.));
#2442=DIRECTION('',(-5.72206779132624E-17,-0.934515450367522,-0.355922566051084));
#2443=DIRECTION('center_axis',(-1.,0.,0.));
#2444=DIRECTION('ref_axis',(0.,0.,1.));
#2445=DIRECTION('center_axis',(1.,-6.12303176911189E-17,0.));
#2446=DIRECTION('ref_axis',(0.,0.,1.));
#2447=DIRECTION('',(-1.,0.,0.));
#2448=DIRECTION('center_axis',(1.,-6.12303176911189E-17,0.));
#2449=DIRECTION('ref_axis',(0.,0.,1.));
#2450=DIRECTION('center_axis',(-1.,0.,0.));
#2451=DIRECTION('ref_axis',(0.,0.,1.));
#2452=DIRECTION('center_axis',(1.,-6.12303176911189E-17,0.));
#2453=DIRECTION('ref_axis',(0.,0.,1.));
#2454=DIRECTION('',(-1.,0.,0.));
#2455=DIRECTION('center_axis',(1.,-6.12303176911189E-17,0.));
#2456=DIRECTION('ref_axis',(0.,0.,1.));
#2457=DIRECTION('center_axis',(0.,0.33440674331164,-0.942428846135189));
#2458=DIRECTION('ref_axis',(0.,0.942428846135189,0.33440674331164));
#2459=DIRECTION('',(5.77052176501322E-17,0.942428846135189,0.33440674331164));
#2460=DIRECTION('',(-1.,0.,0.));
#2461=DIRECTION('',(5.77052176501322E-17,0.942428846135189,0.33440674331164));
#2462=DIRECTION('center_axis',(0.,-1.,9.62389924216909E-16));
#2463=DIRECTION('ref_axis',(0.,-9.62389924216909E-16,-1.));
#2464=DIRECTION('',(-5.89274408025332E-32,-9.62389924216909E-16,-1.));
#2465=DIRECTION('',(-1.,0.,0.));
#2466=DIRECTION('',(-5.89274408025332E-32,-9.62389924216909E-16,-1.));
#2467=DIRECTION('center_axis',(0.,-0.517307580781304,0.855799548297494));
#2468=DIRECTION('ref_axis',(0.,-0.855799548297494,-0.517307580781304));
#2469=DIRECTION('',(-5.24008782221716E-17,-0.855799548297494,-0.517307580781304));
#2470=DIRECTION('',(-1.,0.,0.));
#2471=DIRECTION('',(-5.24008782221716E-17,-0.855799548297494,-0.517307580781304));
#2472=DIRECTION('center_axis',(-1.,0.,0.));
#2473=DIRECTION('ref_axis',(0.,0.,1.));
#2474=DIRECTION('center_axis',(1.,-6.12303176911189E-17,0.));
#2475=DIRECTION('ref_axis',(0.,0.,1.));
#2476=DIRECTION('',(-1.,0.,0.));
#2477=DIRECTION('center_axis',(1.,-6.12303176911189E-17,0.));
#2478=DIRECTION('ref_axis',(0.,0.,1.));
#2479=DIRECTION('center_axis',(0.,-1.,2.27004159782714E-14));
#2480=DIRECTION('ref_axis',(0.,-2.27004159782714E-14,-1.));
#2481=DIRECTION('',(-1.38995368207011E-30,-2.27004159782714E-14,-1.));
#2482=DIRECTION('',(-1.,0.,0.));
#2483=DIRECTION('',(-1.38995368207011E-30,-2.27004159782714E-14,-1.));
#2484=DIRECTION('center_axis',(-1.,0.,0.));
#2485=DIRECTION('ref_axis',(0.,0.,1.));
#2486=DIRECTION('center_axis',(1.,-6.12303176911189E-17,0.));
#2487=DIRECTION('ref_axis',(0.,0.,1.));
#2488=DIRECTION('',(-1.,0.,0.));
#2489=DIRECTION('center_axis',(1.,-6.12303176911189E-17,0.));
#2490=DIRECTION('ref_axis',(0.,0.,1.));
#2491=DIRECTION('center_axis',(-1.,0.,0.));
#2492=DIRECTION('ref_axis',(0.,0.,1.));
#2493=DIRECTION('center_axis',(1.,-6.12303176911189E-17,0.));
#2494=DIRECTION('ref_axis',(0.,0.,1.));
#2495=DIRECTION('',(-1.,0.,0.));
#2496=DIRECTION('center_axis',(1.,-6.12303176911189E-17,0.));
#2497=DIRECTION('ref_axis',(0.,0.,1.));
#2498=DIRECTION('center_axis',(0.,0.504831916764859,-0.863217664216574));
#2499=DIRECTION('ref_axis',(0.,0.863217664216574,0.504831916764859));
#2500=DIRECTION('',(5.28550918165664E-17,0.863217664216574,0.504831916764859));
#2501=DIRECTION('',(-1.,0.,0.));
#2502=DIRECTION('',(5.28550918165664E-17,0.863217664216574,0.504831916764859));
#2503=DIRECTION('center_axis',(0.,-0.707106781186548,-0.707106781186548));
#2504=DIRECTION('ref_axis',(0.,0.707106781186548,-0.707106781186548));
#2505=DIRECTION('',(4.32963728535968E-17,0.707106781186548,-0.707106781186548));
#2506=DIRECTION('',(-1.,0.,0.));
#2507=DIRECTION('',(4.32963728535968E-17,0.707106781186548,-0.707106781186548));
#2508=DIRECTION('center_axis',(0.,-0.826919046499935,0.562320985323897));
#2509=DIRECTION('ref_axis',(0.,-0.562320985323897,-0.826919046499935));
#2510=DIRECTION('',(-3.44310925757652E-17,-0.562320985323897,-0.826919046499935));
#2511=DIRECTION('',(-1.,0.,0.));
#2512=DIRECTION('',(-3.44310925757652E-17,-0.562320985323897,-0.826919046499935));
#2513=DIRECTION('center_axis',(-1.,0.,0.));
#2514=DIRECTION('ref_axis',(0.,0.,1.));
#2515=DIRECTION('center_axis',(1.,-6.12303176911189E-17,0.));
#2516=DIRECTION('ref_axis',(0.,0.,1.));
#2517=DIRECTION('',(-1.,0.,0.));
#2518=DIRECTION('center_axis',(1.,-6.12303176911189E-17,0.));
#2519=DIRECTION('ref_axis',(0.,0.,1.));
#2520=DIRECTION('center_axis',(0.,4.46266661041185E-14,-1.));
#2521=DIRECTION('ref_axis',(0.,1.,4.46266661041185E-14));
#2522=DIRECTION('',(6.12303176911189E-17,1.,4.46266661041185E-14));
#2523=DIRECTION('',(-1.,0.,0.));
#2524=DIRECTION('',(6.12303176911189E-17,1.,4.46266661041185E-14));
#2525=DIRECTION('center_axis',(-1.,0.,0.));
#2526=DIRECTION('ref_axis',(0.,0.,1.));
#2527=DIRECTION('center_axis',(1.,-6.12303176911189E-17,0.));
#2528=DIRECTION('ref_axis',(0.,0.,1.));
#2529=DIRECTION('',(-1.,0.,0.));
#2530=DIRECTION('center_axis',(1.,-6.12303176911189E-17,0.));
#2531=DIRECTION('ref_axis',(0.,0.,1.));
#2532=DIRECTION('center_axis',(0.,0.805956992643699,-0.591974092345877));
#2533=DIRECTION('ref_axis',(0.,0.591974092345877,0.805956992643699));
#2534=DIRECTION('',(3.62467617392498E-17,0.591974092345877,0.805956992643699));
#2535=DIRECTION('',(-1.,0.,0.));
#2536=DIRECTION('',(3.62467617392498E-17,0.591974092345877,0.805956992643699));
#2537=DIRECTION('center_axis',(0.,-0.180026911024984,-0.983661685391274));
#2538=DIRECTION('ref_axis',(0.,0.983661685391274,-0.180026911024984));
#2539=DIRECTION('',(6.02299174970892E-17,0.983661685391274,-0.180026911024984));
#2540=DIRECTION('',(-1.,0.,0.));
#2541=DIRECTION('',(6.02299174970892E-17,0.983661685391274,-0.180026911024984));
#2542=DIRECTION('center_axis',(0.,-1.,-8.2045855041142E-16));
#2543=DIRECTION('ref_axis',(0.,8.2045855041142E-16,-1.));
#2544=DIRECTION('',(5.02369376940861E-32,8.2045855041142E-16,-1.));
#2545=DIRECTION('',(-1.,0.,0.));
#2546=DIRECTION('',(5.02369376940861E-32,8.2045855041142E-16,-1.));
#2547=DIRECTION('center_axis',(-1.,0.,0.));
#2548=DIRECTION('ref_axis',(0.,0.,1.));
#2549=DIRECTION('center_axis',(1.,-6.12303176911189E-17,0.));
#2550=DIRECTION('ref_axis',(0.,0.,1.));
#2551=DIRECTION('',(-1.,0.,0.));
#2552=DIRECTION('center_axis',(1.,-6.12303176911189E-17,0.));
#2553=DIRECTION('ref_axis',(0.,0.,1.));
#2554=DIRECTION('center_axis',(0.,0.,-1.));
#2555=DIRECTION('ref_axis',(-1.,0.,0.));
#2556=DIRECTION('',(6.12303176911189E-17,1.,0.));
#2557=DIRECTION('',(6.12303176911189E-17,1.,0.));
#2558=DIRECTION('center_axis',(1.,-6.12303176911189E-17,0.));
#2559=DIRECTION('ref_axis',(6.12303176911189E-17,1.,0.));
#2560=DIRECTION('',(0.,0.,1.));
#2561=DIRECTION('',(0.,0.,-1.));
#2562=DIRECTION('',(-4.45123877583417E-17,-0.726966467541258,-0.686672960783068));
#2563=DIRECTION('',(-4.20452035386485E-17,-0.686672960783068,0.726966467541258));
#2564=DIRECTION('center_axis',(1.,-6.12303176911189E-17,0.));
#2565=DIRECTION('ref_axis',(6.12303176911189E-17,1.,0.));
#2566=DIRECTION('',(0.,0.,1.));
#2567=DIRECTION('',(-4.20452035386485E-17,-0.686672960783068,0.726966467541258));
#2568=DIRECTION('',(-4.45123877583417E-17,-0.726966467541258,-0.686672960783068));
#2569=DIRECTION('',(0.,0.,-1.));
#2570=DIRECTION('center_axis',(0.,0.726966467541258,0.686672960783068));
#2571=DIRECTION('ref_axis',(0.,-0.686672960783068,0.726966467541258));
#2572=DIRECTION('',(-1.,0.,0.));
#2573=DIRECTION('',(-1.,0.,0.));
#2574=DIRECTION('center_axis',(0.,1.,0.));
#2575=DIRECTION('ref_axis',(0.,0.,1.));
#2576=DIRECTION('center_axis',(0.,-1.,0.));
#2577=DIRECTION('ref_axis',(0.,0.,-1.));
#2578=DIRECTION('',(-1.,0.,0.));
#2579=DIRECTION('center_axis',(0.,-0.686672960783068,0.726966467541258));
#2580=DIRECTION('ref_axis',(0.,-0.726966467541258,-0.686672960783068));
#2581=DIRECTION('center_axis',(0.,0.,1.));
#2582=DIRECTION('ref_axis',(1.,0.,0.));
#2583=DIRECTION('center_axis',(0.,0.,1.));
#2584=DIRECTION('ref_axis',(1.,0.,0.));
#2585=DIRECTION('center_axis',(0.,0.,1.));
#2586=DIRECTION('ref_axis',(1.,0.,0.));
#2587=DIRECTION('center_axis',(0.,0.,1.));
#2588=DIRECTION('ref_axis',(1.,0.,0.));
#2589=DIRECTION('center_axis',(0.,0.,1.));
#2590=DIRECTION('ref_axis',(1.,0.,0.));
#2591=DIRECTION('center_axis',(0.,0.,1.));
#2592=DIRECTION('ref_axis',(1.,0.,0.));
#2593=DIRECTION('',(0.,0.,-1.));
#2594=DIRECTION('center_axis',(0.,0.,-1.));
#2595=DIRECTION('ref_axis',(-1.,0.,0.));
#2596=DIRECTION('',(-0.686672960783068,8.40931843484021E-17,0.726966467541258));
#2597=DIRECTION('center_axis',(0.,0.,1.));
#2598=DIRECTION('ref_axis',(1.,0.,0.));
#2599=DIRECTION('center_axis',(0.,0.,-1.));
#2600=DIRECTION('ref_axis',(-1.,0.,0.));
#2601=DIRECTION('center_axis',(0.,0.,1.));
#2602=DIRECTION('ref_axis',(1.,0.,0.));
#2603=DIRECTION('center_axis',(0.,0.,1.));
#2604=DIRECTION('ref_axis',(1.,0.,0.));
#2605=DIRECTION('center_axis',(0.,0.,1.));
#2606=DIRECTION('ref_axis',(1.,0.,0.));
#2607=DIRECTION('center_axis',(0.,0.,1.));
#2608=DIRECTION('ref_axis',(1.,0.,0.));
#2609=DIRECTION('',(0.,0.,-1.));
#2610=DIRECTION('center_axis',(0.,0.,-1.));
#2611=DIRECTION('ref_axis',(-1.,0.,0.));
#2612=DIRECTION('center_axis',(0.,0.,1.));
#2613=DIRECTION('ref_axis',(1.,0.,0.));
#2614=DIRECTION('center_axis',(0.,0.,1.));
#2615=DIRECTION('ref_axis',(1.,0.,0.));
#2616=DIRECTION('',(0.,0.,-1.));
#2617=CARTESIAN_POINT('',(0.,0.,0.));
#2618=CARTESIAN_POINT('Origin',(47.97,-10.7471792888287,-2.26925980187244));
#2619=CARTESIAN_POINT('',(46.8386025904976,-11.63535475712,-2.26925980187244));
#2620=CARTESIAN_POINT('Origin',(47.97,-11.63535475712,-2.26925980187244));
#2621=CARTESIAN_POINT('',(47.0818245317087,-11.63535475712,-2.26925980187244));
#2622=CARTESIAN_POINT('Origin',(47.97,-11.63535475712,-2.26925980187244));
#2623=CARTESIAN_POINT('Origin',(47.97,-11.63535475712,4.59970432512891));
#2624=CARTESIAN_POINT('',(49.1013974095024,-11.63535475712,3.75953312888207));
#2625=CARTESIAN_POINT('',(46.8386025904976,-11.63535475712,3.75953312888207));
#2626=CARTESIAN_POINT('Origin',(47.97,-11.63535475712,3.75953312888207));
#2627=CARTESIAN_POINT('Origin',(47.97,-11.63535475712,3.75953312888207));
#2628=CARTESIAN_POINT('',(46.8386025904976,-11.63535475712,4.59970432512891));
#2629=CARTESIAN_POINT('Origin',(47.97,-11.63535475712,3.75953312888207));
#2630=CARTESIAN_POINT('',(48.3077943086018,-11.63535475712,4.59970432512891));
#2631=CARTESIAN_POINT('',(49.1013974095024,-11.63535475712,3.75953312888207));
#2632=CARTESIAN_POINT('Origin',(47.97,-11.63535475712,4.59970432512891));
#2633=CARTESIAN_POINT('Origin',(47.97,-11.2975604485182,4.59970432512891));
#2634=CARTESIAN_POINT('Origin',(47.97,-11.63535475712,-3.36790843132843));
#2635=CARTESIAN_POINT('',(46.8817106684264,-11.63535475712,-3.36790843132843));
#2636=CARTESIAN_POINT('Origin',(47.97,-11.63535475712,-3.36790843132843));
#2637=CARTESIAN_POINT('Origin',(47.97,-11.63535475712,4.59970432512891));
#2638=CARTESIAN_POINT('',(46.8817106684264,-11.63535475712,-2.66298465490108));
#2639=CARTESIAN_POINT('Origin',(47.97,-11.63535475712,-2.66298465490108));
#2640=CARTESIAN_POINT('',(46.8817106684264,-11.63535475712,4.59970432512891));
#2641=CARTESIAN_POINT('Origin',(47.97,-10.5470654255464,-2.66298465490108));
#2642=CARTESIAN_POINT('',(47.0818245317087,-11.63535475712,-2.66298465490108));
#2643=CARTESIAN_POINT('Origin',(47.97,-11.63535475712,-2.66298465490108));
#2644=CARTESIAN_POINT('Origin',(47.97,-11.63535475712,4.59970432512891));
#2645=CARTESIAN_POINT('',(47.0818245317087,-11.63535475712,4.59970432512891));
#2646=CARTESIAN_POINT('Origin',(25.,-14.4175090642228,2.60208521396521E-15));
#2647=CARTESIAN_POINT('',(50.,-12.9303807657182,1.37046556177874E-15));
#2648=CARTESIAN_POINT('',(-50.,-12.9303807657182,1.37046556177874E-15));
#2649=CARTESIAN_POINT('',(32.9994470048482,-12.9303807657182,2.74093112355748E-15));
#2650=CARTESIAN_POINT('',(50.,-14.4175090642228,1.30104260698261E-15));
#2651=CARTESIAN_POINT('',(50.,-16.0628289067699,2.22044604925031E-15));
#2652=CARTESIAN_POINT('',(-50.,-14.4175090642228,1.30104260698261E-15));
#2653=CARTESIAN_POINT('',(25.,-14.4175090642228,2.60208521396521E-15));
#2654=CARTESIAN_POINT('',(-50.,-16.0628289067699,2.22044604925031E-15));
#2655=CARTESIAN_POINT('Origin',(25.,-17.708148749317,34.55));
#2656=CARTESIAN_POINT('',(-50.,-17.708148749317,35.05));
#2657=CARTESIAN_POINT('',(-50.,-18.208148749317,34.55));
#2658=CARTESIAN_POINT('Origin',(-50.,-17.708148749317,34.55));
#2659=CARTESIAN_POINT('',(50.,-18.208148749317,34.55));
#2660=CARTESIAN_POINT('',(25.,-18.208148749317,34.55));
#2661=CARTESIAN_POINT('',(50.,-17.708148749317,35.05));
#2662=CARTESIAN_POINT('Origin',(50.,-17.708148749317,34.55));
#2663=CARTESIAN_POINT('',(25.,-17.708148749317,35.05));
#2664=CARTESIAN_POINT('Origin',(25.,-18.208148749317,34.55));
#2665=CARTESIAN_POINT('',(-50.,-18.208148749317,30.3213318360643));
#2666=CARTESIAN_POINT('',(-50.,-18.208148749317,34.55));
#2667=CARTESIAN_POINT('',(50.,-18.208148749317,30.3213318360643));
#2668=CARTESIAN_POINT('',(25.,-18.208148749317,30.3213318360643));
#2669=CARTESIAN_POINT('',(50.,-18.208148749317,34.55));
#2670=CARTESIAN_POINT('Origin',(25.,-18.208148749317,30.3213318360643));
#2671=CARTESIAN_POINT('',(-50.,-20.0238611680157,29.2055895241484));
#2672=CARTESIAN_POINT('',(-50.,-17.0835541382797,31.012387191728));
#2673=CARTESIAN_POINT('',(50.,-20.0238611680157,29.2055895241484));
#2674=CARTESIAN_POINT('',(25.,-20.0238611680157,29.2055895241484));
#2675=CARTESIAN_POINT('',(50.,-17.0835541382797,31.012387191728));
#2676=CARTESIAN_POINT('Origin',(25.,-20.2856342850576,29.6315881570032));
#2677=CARTESIAN_POINT('',(-50.,-20.7852406978272,29.6117530285811));
#2678=CARTESIAN_POINT('Origin',(-50.,-20.2856342850576,29.6315881570032));
#2679=CARTESIAN_POINT('',(50.,-20.7852406978272,29.6117530285811));
#2680=CARTESIAN_POINT('',(25.,-20.7852406978272,29.6117530285811));
#2681=CARTESIAN_POINT('Origin',(50.,-20.2856342850576,29.6315881570032));
#2682=CARTESIAN_POINT('Origin',(25.,-20.7852406978272,29.6117530285811));
#2683=CARTESIAN_POINT('',(-50.,-20.9820840382327,34.5698351284221));
#2684=CARTESIAN_POINT('',(-50.,-20.8806931015009,32.0160043132153));
#2685=CARTESIAN_POINT('',(50.,-20.9820840382327,34.5698351284221));
#2686=CARTESIAN_POINT('',(25.,-20.9820840382327,34.5698351284221));
#2687=CARTESIAN_POINT('',(50.,-20.8806931015009,32.0160043132153));
#2688=CARTESIAN_POINT('Origin',(25.,-21.4816904510022,34.55));
#2689=CARTESIAN_POINT('',(-50.,-21.4816904510022,35.05));
#2690=CARTESIAN_POINT('Origin',(-50.,-21.4816904510022,34.55));
#2691=CARTESIAN_POINT('',(50.,-21.4816904510022,35.05));
#2692=CARTESIAN_POINT('',(25.,-21.4816904510022,35.05));
#2693=CARTESIAN_POINT('Origin',(50.,-21.4816904510022,34.55));
#2694=CARTESIAN_POINT('Origin',(25.,-21.4816904510022,35.05));
#2695=CARTESIAN_POINT('',(-50.,-21.6,35.05));
#2696=CARTESIAN_POINT('',(-50.,-19.5949196001596,35.0500000000001));
#2697=CARTESIAN_POINT('',(50.,-21.6,35.05));
#2698=CARTESIAN_POINT('',(25.,-21.6,35.05));
#2699=CARTESIAN_POINT('',(50.,-19.5949196001596,35.0500000000001));
#2700=CARTESIAN_POINT('Origin',(25.,-21.6,34.55));
#2701=CARTESIAN_POINT('',(-50.,-22.1,34.55));
#2702=CARTESIAN_POINT('Origin',(-50.,-21.6,34.55));
#2703=CARTESIAN_POINT('',(50.,-22.1,34.55));
#2704=CARTESIAN_POINT('',(25.,-22.1,34.55));
#2705=CARTESIAN_POINT('Origin',(50.,-21.6,34.55));
#2706=CARTESIAN_POINT('Origin',(25.,-22.1,34.55));
#2707=CARTESIAN_POINT('',(-50.,-22.1,29.3906465899393));
#2708=CARTESIAN_POINT('',(-50.,-22.1,34.55));
#2709=CARTESIAN_POINT('',(50.,-22.1,29.3906465899393));
#2710=CARTESIAN_POINT('',(25.,-22.1,29.3906465899393));
#2711=CARTESIAN_POINT('',(50.,-22.1,34.55));
#2712=CARTESIAN_POINT('Origin',(25.,-22.1,29.3906465899393));
#2713=CARTESIAN_POINT('',(-50.,-20.7513669492162,16.533535703333));
#2714=CARTESIAN_POINT('',(-50.,-22.3437493526331,31.7144161679732));
#2715=CARTESIAN_POINT('',(50.,-20.7513669492162,16.533535703333));
#2716=CARTESIAN_POINT('',(25.,-20.7513669492162,16.533535703333));
#2717=CARTESIAN_POINT('',(50.,-22.3437493526331,31.7144161679732));
#2718=CARTESIAN_POINT('Origin',(25.,-20.7513669492162,16.533535703333));
#2719=CARTESIAN_POINT('',(-50.,-22.1,16.533535703333));
#2720=CARTESIAN_POINT('',(-50.,-19.2297578492666,16.533535703333));
#2721=CARTESIAN_POINT('',(50.,-22.1,16.533535703333));
#2722=CARTESIAN_POINT('',(25.,-22.1,16.533535703333));
#2723=CARTESIAN_POINT('',(50.,-19.2297578492666,16.533535703333));
#2724=CARTESIAN_POINT('Origin',(25.,-22.1,16.533535703333));
#2725=CARTESIAN_POINT('',(-50.,-22.1,11.8801059491472));
#2726=CARTESIAN_POINT('',(-50.,-22.1,25.5417678516665));
#2727=CARTESIAN_POINT('',(50.,-22.1,11.8801059491472));
#2728=CARTESIAN_POINT('',(25.,-22.1,11.8801059491472));
#2729=CARTESIAN_POINT('',(50.,-22.1,25.5417678516665));
#2730=CARTESIAN_POINT('Origin',(25.,-21.4489665451401,11.8801059491472));
#2731=CARTESIAN_POINT('',(-50.,-21.4489665451401,11.2290724942873));
#2732=CARTESIAN_POINT('Origin',(-50.,-21.4489665451401,11.8801059491472));
#2733=CARTESIAN_POINT('',(50.,-21.4489665451401,11.2290724942873));
#2734=CARTESIAN_POINT('',(25.,-21.4489665451401,11.2290724942873));
#2735=CARTESIAN_POINT('Origin',(50.,-21.4489665451401,11.8801059491472));
#2736=CARTESIAN_POINT('Origin',(25.,-21.4489665451401,11.2290724942873));
#2737=CARTESIAN_POINT('',(-50.,-21.4036285092672,11.2290724942873));
#2738=CARTESIAN_POINT('',(-50.,-19.5785576472285,11.2290724942873));
#2739=CARTESIAN_POINT('',(50.,-21.4036285092672,11.2290724942873));
#2740=CARTESIAN_POINT('',(25.,-21.4036285092672,11.2290724942873));
#2741=CARTESIAN_POINT('',(50.,-19.5785576472285,11.2290724942873));
#2742=CARTESIAN_POINT('Origin',(25.,-21.4036285092672,12.6083233046752));
#2743=CARTESIAN_POINT('',(-50.,-20.2680307917673,11.825539412426));
#2744=CARTESIAN_POINT('Origin',(-50.,-21.4036285092672,12.6083233046752));
#2745=CARTESIAN_POINT('',(50.,-20.2680307917673,11.825539412426));
#2746=CARTESIAN_POINT('',(25.,-20.2680307917673,11.825539412426));
#2747=CARTESIAN_POINT('Origin',(50.,-21.4036285092672,12.6083233046752));
#2748=CARTESIAN_POINT('Origin',(25.,-24.3506196124986,14.6397267943635));
#2749=CARTESIAN_POINT('',(-50.,-19.4115555484499,15.0788489539486));
#2750=CARTESIAN_POINT('Origin',(-50.,-24.3506196124986,14.6397267943635));
#2751=CARTESIAN_POINT('',(50.,-19.4115555484499,15.0788489539486));
#2752=CARTESIAN_POINT('',(25.,-19.4115555484499,15.0788489539486));
#2753=CARTESIAN_POINT('Origin',(50.,-24.3506196124986,14.6397267943635));
#2754=CARTESIAN_POINT('Origin',(25.,-19.4115555484499,15.0788489539486));
#2755=CARTESIAN_POINT('',(-50.,-20.3872814215775,24.0061016911992));
#2756=CARTESIAN_POINT('',(-50.,-20.4530134596398,24.6075067916262));
#2757=CARTESIAN_POINT('',(50.,-20.3872814215775,24.0061016911992));
#2758=CARTESIAN_POINT('',(25.,-20.3872814215775,24.0061016911992));
#2759=CARTESIAN_POINT('',(50.,-20.4530134596398,24.6075067916262));
#2760=CARTESIAN_POINT('Origin',(25.,-17.4003850716231,24.3325618167023));
#2761=CARTESIAN_POINT('',(-50.,-17.4003850716231,27.3372458298582));
#2762=CARTESIAN_POINT('Origin',(-50.,-17.4003850716231,24.3325618167023));
#2763=CARTESIAN_POINT('',(50.,-17.4003850716231,27.3372458298582));
#2764=CARTESIAN_POINT('',(25.,-17.4003850716231,27.3372458298582));
#2765=CARTESIAN_POINT('Origin',(50.,-17.4003850716231,24.3325618167023));
#2766=CARTESIAN_POINT('Origin',(25.,-17.4003850716231,27.3372458298582));
#2767=CARTESIAN_POINT('',(-50.,-15.2998363381912,27.3372458298582));
#2768=CARTESIAN_POINT('',(-50.,-17.55426691047,27.3372458298582));
#2769=CARTESIAN_POINT('',(50.,-15.2998363381912,27.3372458298582));
#2770=CARTESIAN_POINT('',(25.,-15.2998363381912,27.3372458298582));
#2771=CARTESIAN_POINT('',(50.,-17.55426691047,27.3372458298582));
#2772=CARTESIAN_POINT('Origin',(25.,-15.2998363381912,26.9248146867915));
#2773=CARTESIAN_POINT('',(-50.,-14.8874051951245,26.9248146867915));
#2774=CARTESIAN_POINT('Origin',(-50.,-15.2998363381912,26.9248146867915));
#2775=CARTESIAN_POINT('',(50.,-14.8874051951245,26.9248146867915));
#2776=CARTESIAN_POINT('',(25.,-14.8874051951245,26.9248146867915));
#2777=CARTESIAN_POINT('Origin',(50.,-15.2998363381912,26.9248146867915));
#2778=CARTESIAN_POINT('Origin',(25.,-14.8874051951245,26.9248146867915));
#2779=CARTESIAN_POINT('',(-50.,-14.8874051951245,2.97941266849985));
#2780=CARTESIAN_POINT('',(-50.,-14.8874051951245,30.7374073433957));
#2781=CARTESIAN_POINT('',(50.,-14.8874051951245,2.97941266849985));
#2782=CARTESIAN_POINT('',(25.,-14.8874051951245,2.97941266849985));
#2783=CARTESIAN_POINT('',(50.,-14.8874051951245,30.7374073433957));
#2784=CARTESIAN_POINT('Origin',(25.,-14.8874051951245,2.97941266849985));
#2785=CARTESIAN_POINT('',(-50.,-14.4175090642228,2.97941266849985));
#2786=CARTESIAN_POINT('',(-50.,-16.2977769722207,2.97941266849985));
#2787=CARTESIAN_POINT('',(50.,-14.4175090642228,2.97941266849985));
#2788=CARTESIAN_POINT('',(25.,-14.4175090642228,2.97941266849985));
#2789=CARTESIAN_POINT('',(50.,-16.2977769722207,2.97941266849985));
#2790=CARTESIAN_POINT('Origin',(25.,-14.4175090642228,2.97941266849985));
#2791=CARTESIAN_POINT('',(-50.,-14.4175090642228,18.7647063342499));
#2792=CARTESIAN_POINT('',(50.,-14.4175090642228,18.7647063342499));
#2793=CARTESIAN_POINT('Origin',(25.,-14.4175090642228,2.60208521396521E-15));
#2794=CARTESIAN_POINT('',(50.,-10.4799088303459,1.30104260698261E-15));
#2795=CARTESIAN_POINT('',(50.,-8.53774061046205,1.57552524576209E-15));
#2796=CARTESIAN_POINT('',(50.,-16.0628289067699,2.22044604925031E-15));
#2797=CARTESIAN_POINT('',(-50.,-10.4799088303459,1.30104260698261E-15));
#2798=CARTESIAN_POINT('',(32.9994470048482,-10.4799088303459,2.60208521396521E-15));
#2799=CARTESIAN_POINT('',(-50.,-8.53774061046205,1.57552524576209E-15));
#2800=CARTESIAN_POINT('',(-50.,-16.0628289067699,2.22044604925031E-15));
#2801=CARTESIAN_POINT('',(25.,-8.53774061046205,3.15105049152417E-15));
#2802=CARTESIAN_POINT('Origin',(25.,-8.53774061046205,3.15105049152417E-15));
#2803=CARTESIAN_POINT('',(-50.,-8.53774061046205,3.86925902000237));
#2804=CARTESIAN_POINT('',(-50.,-8.53774061046205,17.275));
#2805=CARTESIAN_POINT('',(50.,-8.53774061046205,3.86925902000237));
#2806=CARTESIAN_POINT('',(25.,-8.53774061046205,3.86925902000237));
#2807=CARTESIAN_POINT('',(50.,-8.53774061046205,17.275));
#2808=CARTESIAN_POINT('Origin',(25.,-8.53774061046205,3.86925902000237));
#2809=CARTESIAN_POINT('',(-50.,-0.5,3.86925902000237));
#2810=CARTESIAN_POINT('',(-50.,-13.1229446798895,3.86925902000237));
#2811=CARTESIAN_POINT('',(50.,-0.5,3.86925902000237));
#2812=CARTESIAN_POINT('',(25.,-0.5,3.86925902000237));
#2813=CARTESIAN_POINT('',(50.,-13.1229446798895,3.86925902000237));
#2814=CARTESIAN_POINT('Origin',(25.,-0.5,4.36925902000237));
#2815=CARTESIAN_POINT('',(-50.,-5.4210108624275E-17,4.36925902000237));
#2816=CARTESIAN_POINT('Origin',(-50.,-0.5,4.36925902000237));
#2817=CARTESIAN_POINT('',(50.,-1.16443313324943E-15,4.36925902000237));
#2818=CARTESIAN_POINT('',(25.,-1.0842021724855E-16,4.36925902000237));
#2819=CARTESIAN_POINT('Origin',(50.,-0.5,4.36925902000237));
#2820=CARTESIAN_POINT('Origin',(25.,-1.0842021724855E-16,4.36925902000237));
#2821=CARTESIAN_POINT('',(-50.,0.,4.4018416922802));
#2822=CARTESIAN_POINT('',(-50.,4.9960036108132E-14,19.4596295100012));
#2823=CARTESIAN_POINT('',(50.,-1.11022302462516E-15,4.4018416922802));
#2824=CARTESIAN_POINT('',(25.,0.,4.4018416922802));
#2825=CARTESIAN_POINT('',(50.,4.9960036108132E-14,19.4596295100012));
#2826=CARTESIAN_POINT('Origin',(25.,-0.5,4.4018416922802));
#2827=CARTESIAN_POINT('',(-50.,-0.5,4.9018416922802));
#2828=CARTESIAN_POINT('Origin',(-50.,-0.5,4.4018416922802));
#2829=CARTESIAN_POINT('',(50.,-0.5,4.9018416922802));
#2830=CARTESIAN_POINT('',(25.,-0.5,4.9018416922802));
#2831=CARTESIAN_POINT('Origin',(50.,-0.5,4.4018416922802));
#2832=CARTESIAN_POINT('Origin',(25.,-0.5,4.9018416922802));
#2833=CARTESIAN_POINT('',(-50.,-7.77712046868731,4.9018416922802));
#2834=CARTESIAN_POINT('',(-50.,-9.1040743746585,4.9018416922802));
#2835=CARTESIAN_POINT('',(50.,-7.77712046868731,4.9018416922802));
#2836=CARTESIAN_POINT('',(25.,-7.77712046868731,4.9018416922802));
#2837=CARTESIAN_POINT('',(50.,-9.10407437465851,4.9018416922802));
#2838=CARTESIAN_POINT('Origin',(25.,-7.77712046868731,4.9018416922802));
#2839=CARTESIAN_POINT('',(-50.,-10.2166168206171,7.28718505297898));
#2840=CARTESIAN_POINT('',(-50.,-17.7257747818916,14.6296514900347));
#2841=CARTESIAN_POINT('',(50.,-10.2166168206171,7.28718505297898));
#2842=CARTESIAN_POINT('',(25.,-10.2166168206171,7.28718505297898));
#2843=CARTESIAN_POINT('',(50.,-17.7257747818916,14.6296514900347));
#2844=CARTESIAN_POINT('Origin',(25.,-9.9671238674309,7.54234209206942));
#2845=CARTESIAN_POINT('',(-50.,-9.9671238674309,7.89920599930434));
#2846=CARTESIAN_POINT('Origin',(-50.,-9.9671238674309,7.54234209206942));
#2847=CARTESIAN_POINT('',(50.,-9.9671238674309,7.89920599930434));
#2848=CARTESIAN_POINT('',(25.,-9.9671238674309,7.89920599930434));
#2849=CARTESIAN_POINT('Origin',(50.,-9.9671238674309,7.54234209206942));
#2850=CARTESIAN_POINT('Origin',(25.,-9.9671238674309,7.89920599930434));
#2851=CARTESIAN_POINT('',(-50.,-0.5,7.89920599930434));
#2852=CARTESIAN_POINT('',(-50.,-13.8376363083739,7.89920599930434));
#2853=CARTESIAN_POINT('',(50.,-0.5,7.89920599930434));
#2854=CARTESIAN_POINT('',(25.,-0.5,7.89920599930434));
#2855=CARTESIAN_POINT('',(50.,-13.837636308374,7.89920599930434));
#2856=CARTESIAN_POINT('Origin',(25.,-0.5,8.39920599930434));
#2857=CARTESIAN_POINT('',(-50.,0.,8.39920599930434));
#2858=CARTESIAN_POINT('Origin',(-50.,-0.5,8.39920599930434));
#2859=CARTESIAN_POINT('',(50.,-1.11022302462516E-15,8.39920599930434));
#2860=CARTESIAN_POINT('',(25.,0.,8.39920599930434));
#2861=CARTESIAN_POINT('Origin',(50.,-0.5,8.39920599930434));
#2862=CARTESIAN_POINT('Origin',(25.,0.,8.39920599930434));
#2863=CARTESIAN_POINT('',(-50.,0.,8.45509569836967));
#2864=CARTESIAN_POINT('',(-50.,0.,21.4746029996522));
#2865=CARTESIAN_POINT('',(50.,-1.11022302462516E-15,8.45509569836967));
#2866=CARTESIAN_POINT('',(25.,0.,8.45509569836967));
#2867=CARTESIAN_POINT('',(50.,0.,21.4746029996522));
#2868=CARTESIAN_POINT('Origin',(25.,-0.5,8.45509569836967));
#2869=CARTESIAN_POINT('',(-50.,-0.5,8.95509569836967));
#2870=CARTESIAN_POINT('Origin',(-50.,-0.5,8.45509569836967));
#2871=CARTESIAN_POINT('',(50.,-0.5,8.95509569836967));
#2872=CARTESIAN_POINT('',(25.,-0.5,8.95509569836967));
#2873=CARTESIAN_POINT('Origin',(50.,-0.5,8.45509569836967));
#2874=CARTESIAN_POINT('Origin',(25.,-0.5,8.95509569836967));
#2875=CARTESIAN_POINT('',(-50.,-12.3188418076032,8.95509569836967));
#2876=CARTESIAN_POINT('',(-50.,-9.1040743746585,8.95509569836967));
#2877=CARTESIAN_POINT('',(50.,-12.3188418076032,8.95509569836967));
#2878=CARTESIAN_POINT('',(25.,-12.3188418076032,8.95509569836967));
#2879=CARTESIAN_POINT('',(50.,-9.1040743746585,8.95509569836967));
#2880=CARTESIAN_POINT('Origin',(25.,-12.3188418076032,8.95509569836967));
#2881=CARTESIAN_POINT('',(-50.,-12.3188418076032,11.8957149721031));
#2882=CARTESIAN_POINT('',(-50.,-12.3188418076032,21.7525478491848));
#2883=CARTESIAN_POINT('',(50.,-12.3188418076032,11.8957149721031));
#2884=CARTESIAN_POINT('',(25.,-12.3188418076032,11.8957149721031));
#2885=CARTESIAN_POINT('',(50.,-12.3188418076032,21.7525478491848));
#2886=CARTESIAN_POINT('Origin',(25.,-12.3188418076032,11.8957149721031));
#2887=CARTESIAN_POINT('',(-50.,-0.5,11.8957149721031));
#2888=CARTESIAN_POINT('',(-50.,-15.0134952784601,11.8957149721031));
#2889=CARTESIAN_POINT('',(50.,-0.5,11.8957149721031));
#2890=CARTESIAN_POINT('',(25.,-0.5,11.8957149721031));
#2891=CARTESIAN_POINT('',(50.,-15.0134952784601,11.8957149721031));
#2892=CARTESIAN_POINT('Origin',(25.,-0.5,12.3957149721031));
#2893=CARTESIAN_POINT('',(-50.,0.,12.3957149721031));
#2894=CARTESIAN_POINT('Origin',(-50.,-0.5,12.3957149721031));
#2895=CARTESIAN_POINT('',(50.,-1.11022302462516E-15,12.3957149721031));
#2896=CARTESIAN_POINT('',(25.,0.,12.3957149721031));
#2897=CARTESIAN_POINT('Origin',(50.,-0.5,12.3957149721031));
#2898=CARTESIAN_POINT('Origin',(25.,0.,12.3957149721031));
#2899=CARTESIAN_POINT('',(-50.,0.,12.7020018126815));
#2900=CARTESIAN_POINT('',(-50.,0.,23.4728574860516));
#2901=CARTESIAN_POINT('',(50.,-1.11022302462516E-15,12.7020018126815));
#2902=CARTESIAN_POINT('',(25.,0.,12.7020018126815));
#2903=CARTESIAN_POINT('',(50.,0.,23.4728574860516));
#2904=CARTESIAN_POINT('Origin',(25.,-0.5,12.7020018126815));
#2905=CARTESIAN_POINT('',(-50.,-0.5,13.2020018126815));
#2906=CARTESIAN_POINT('Origin',(-50.,-0.5,12.7020018126815));
#2907=CARTESIAN_POINT('',(50.,-0.5,13.2020018126815));
#2908=CARTESIAN_POINT('',(25.,-0.5,13.2020018126815));
#2909=CARTESIAN_POINT('Origin',(50.,-0.5,12.7020018126815));
#2910=CARTESIAN_POINT('Origin',(25.,-0.5,13.2020018126815));
#2911=CARTESIAN_POINT('',(-50.,-12.3188418076032,13.2020018126815));
#2912=CARTESIAN_POINT('',(-50.,-9.1040743746585,13.2020018126815));
#2913=CARTESIAN_POINT('',(50.,-12.3188418076032,13.2020018126815));
#2914=CARTESIAN_POINT('',(25.,-12.3188418076032,13.2020018126815));
#2915=CARTESIAN_POINT('',(50.,-9.1040743746585,13.2020018126815));
#2916=CARTESIAN_POINT('Origin',(25.,-12.3188418076032,13.2020018126815));
#2917=CARTESIAN_POINT('',(-50.,-12.3188418076032,15.9439184069585));
#2918=CARTESIAN_POINT('',(-50.,-12.3188418076032,23.8760009063408));
#2919=CARTESIAN_POINT('',(50.,-12.3188418076032,15.9439184069585));
#2920=CARTESIAN_POINT('',(25.,-12.3188418076032,15.9439184069585));
#2921=CARTESIAN_POINT('',(50.,-12.3188418076032,23.8760009063408));
#2922=CARTESIAN_POINT('Origin',(25.,-12.3188418076032,15.9439184069585));
#2923=CARTESIAN_POINT('',(-50.,-0.493214027709911,16.1044299554212));
#2924=CARTESIAN_POINT('',(-50.,-14.8867502043933,15.9090636862831));
#2925=CARTESIAN_POINT('',(50.,-0.493214027709911,16.1044299554212));
#2926=CARTESIAN_POINT('',(25.,-0.493214027709911,16.1044299554212));
#2927=CARTESIAN_POINT('',(50.,-14.8867502043934,15.9090636862831));
#2928=CARTESIAN_POINT('Origin',(25.,-0.500000000000001,16.6043839038805));
#2929=CARTESIAN_POINT('',(-50.,-6.50521303491305E-16,16.6043839038805));
#2930=CARTESIAN_POINT('Origin',(-50.,-0.500000000000001,16.6043839038805));
#2931=CARTESIAN_POINT('',(50.,-1.76074432811646E-15,16.6043839038805));
#2932=CARTESIAN_POINT('',(25.,-1.30104260698261E-15,16.6043839038805));
#2933=CARTESIAN_POINT('Origin',(50.,-0.500000000000001,16.6043839038805));
#2934=CARTESIAN_POINT('Origin',(25.,-1.30104260698261E-15,16.6043839038805));
#2935=CARTESIAN_POINT('',(-50.,0.,16.7055156932644));
#2936=CARTESIAN_POINT('',(-50.,1.14352971536391E-13,25.5771919519401));
#2937=CARTESIAN_POINT('',(50.,-1.11022302462516E-15,16.7055156932644));
#2938=CARTESIAN_POINT('',(25.,0.,16.7055156932644));
#2939=CARTESIAN_POINT('',(50.,1.14352971536391E-13,25.5771919519401));
#2940=CARTESIAN_POINT('Origin',(25.,-0.5,16.7055156932644));
#2941=CARTESIAN_POINT('',(-50.,-0.5,17.2055156932644));
#2942=CARTESIAN_POINT('Origin',(-50.,-0.5,16.7055156932644));
#2943=CARTESIAN_POINT('',(50.,-0.5,17.2055156932644));
#2944=CARTESIAN_POINT('',(25.,-0.5,17.2055156932644));
#2945=CARTESIAN_POINT('Origin',(50.,-0.5,16.7055156932644));
#2946=CARTESIAN_POINT('Origin',(25.,-0.5,17.2055156932644));
#2947=CARTESIAN_POINT('',(-50.,-12.3188418076032,17.2055156932644));
#2948=CARTESIAN_POINT('',(-50.,-9.1040743746585,17.2055156932644));
#2949=CARTESIAN_POINT('',(50.,-12.3188418076032,17.2055156932644));
#2950=CARTESIAN_POINT('',(25.,-12.3188418076032,17.2055156932644));
#2951=CARTESIAN_POINT('',(50.,-9.1040743746585,17.2055156932644));
#2952=CARTESIAN_POINT('Origin',(25.,-12.3188418076032,17.2055156932644));
#2953=CARTESIAN_POINT('',(-50.,-12.3188418076032,20.));
#2954=CARTESIAN_POINT('',(-50.,-12.3188418076032,25.8777578466322));
#2955=CARTESIAN_POINT('',(50.,-12.3188418076032,20.));
#2956=CARTESIAN_POINT('',(25.,-12.3188418076032,20.));
#2957=CARTESIAN_POINT('',(50.,-12.3188418076032,25.8777578466322));
#2958=CARTESIAN_POINT('Origin',(25.,-12.3188418076032,20.));
#2959=CARTESIAN_POINT('',(-50.,-0.414121286957852,22.0755686140779));
#2960=CARTESIAN_POINT('',(-50.,-13.7030350763551,19.7586681602935));
#2961=CARTESIAN_POINT('',(50.,-0.414121286957852,22.0755686140779));
#2962=CARTESIAN_POINT('',(25.,-0.414121286957853,22.0755686140779));
#2963=CARTESIAN_POINT('',(50.,-13.7030350763551,19.7586681602935));
#2964=CARTESIAN_POINT('Origin',(25.,-0.5,22.56813825042));
#2965=CARTESIAN_POINT('',(-50.,0.,22.56813825042));
#2966=CARTESIAN_POINT('Origin',(-50.,-0.5,22.56813825042));
#2967=CARTESIAN_POINT('',(50.,-1.11022302462516E-15,22.56813825042));
#2968=CARTESIAN_POINT('',(25.,0.,22.56813825042));
#2969=CARTESIAN_POINT('Origin',(50.,-0.5,22.56813825042));
#2970=CARTESIAN_POINT('Origin',(25.,0.,22.56813825042));
#2971=CARTESIAN_POINT('',(-50.,0.,22.6619639248399));
#2972=CARTESIAN_POINT('',(-50.,0.,28.55906912521));
#2973=CARTESIAN_POINT('',(50.,-1.11022302462516E-15,22.6619639248399));
#2974=CARTESIAN_POINT('',(25.,0.,22.6619639248399));
#2975=CARTESIAN_POINT('',(50.,0.,28.55906912521));
#2976=CARTESIAN_POINT('Origin',(25.,-0.499999999999999,22.6619639248399));
#2977=CARTESIAN_POINT('',(-50.,-0.587304767651755,23.1542828027486));
#2978=CARTESIAN_POINT('Origin',(-50.,-0.499999999999999,22.6619639248399));
#2979=CARTESIAN_POINT('',(50.,-0.587304767651753,23.1542828027486));
#2980=CARTESIAN_POINT('',(25.,-0.587304767651754,23.1542828027486));
#2981=CARTESIAN_POINT('Origin',(50.,-0.499999999999999,22.6619639248399));
#2982=CARTESIAN_POINT('Origin',(25.,-0.587304767651755,23.1542828027486));
#2983=CARTESIAN_POINT('',(-50.,-12.3188418076032,21.073884992651));
#2984=CARTESIAN_POINT('',(-50.,-7.90711588116958,21.8562330281086));
#2985=CARTESIAN_POINT('',(50.,-12.3188418076032,21.073884992651));
#2986=CARTESIAN_POINT('',(25.,-12.3188418076032,21.073884992651));
#2987=CARTESIAN_POINT('',(50.,-7.90711588116959,21.8562330281086));
#2988=CARTESIAN_POINT('Origin',(25.,-12.3188418076032,21.073884992651));
#2989=CARTESIAN_POINT('',(-50.,-12.3188418076032,23.572366535951));
#2990=CARTESIAN_POINT('',(-50.,-12.3188418076032,27.8119424963255));
#2991=CARTESIAN_POINT('',(50.,-12.3188418076032,23.572366535951));
#2992=CARTESIAN_POINT('',(25.,-12.3188418076032,23.572366535951));
#2993=CARTESIAN_POINT('',(50.,-12.3188418076032,27.8119424963255));
#2994=CARTESIAN_POINT('Origin',(25.,-12.3188418076032,23.572366535951));
#2995=CARTESIAN_POINT('',(-50.,-0.322038716974456,28.1415076226467));
#2996=CARTESIAN_POINT('',(-50.,-12.8464706943842,23.3714120977639));
#2997=CARTESIAN_POINT('',(50.,-0.322038716974456,28.1415076226467));
#2998=CARTESIAN_POINT('',(25.,-0.322038716974456,28.1415076226467));
#2999=CARTESIAN_POINT('',(50.,-12.8464706943842,23.3714120977639));
#3000=CARTESIAN_POINT('Origin',(25.,-0.500000000000001,28.6087653478304));
#3001=CARTESIAN_POINT('',(-50.,-3.89082538497314E-5,28.6025278210772));
#3002=CARTESIAN_POINT('Origin',(-50.,-0.500000000000001,28.6087653478304));
#3003=CARTESIAN_POINT('',(50.,-3.89082538497314E-5,28.6025278210772));
#3004=CARTESIAN_POINT('',(25.,-3.89082538495731E-5,28.6025278210772));
#3005=CARTESIAN_POINT('Origin',(50.,-0.500000000000001,28.6087653478304));
#3006=CARTESIAN_POINT('Origin',(25.,-0.500000000000001,28.5962902943241));
#3007=CARTESIAN_POINT('',(-50.,-0.667203371655824,29.0675047173916));
#3008=CARTESIAN_POINT('Origin',(-50.,-0.500000000000001,28.5962902943241));
#3009=CARTESIAN_POINT('',(50.,-0.667203371655824,29.0675047173916));
#3010=CARTESIAN_POINT('',(25.,-0.667203371655824,29.0675047173916));
#3011=CARTESIAN_POINT('Origin',(50.,-0.500000000000001,28.5962902943241));
#3012=CARTESIAN_POINT('Origin',(25.,-0.667203371655821,29.0675047173916));
#3013=CARTESIAN_POINT('',(-50.,-12.3188418076032,24.933095547311));
#3014=CARTESIAN_POINT('',(-50.,-7.37093305089464,26.6887867703878));
#3015=CARTESIAN_POINT('',(50.,-12.3188418076032,24.933095547311));
#3016=CARTESIAN_POINT('',(25.,-12.3188418076032,24.933095547311));
#3017=CARTESIAN_POINT('',(50.,-7.37093305089465,26.6887867703878));
#3018=CARTESIAN_POINT('Origin',(25.,-12.3188418076032,24.933095547311));
#3019=CARTESIAN_POINT('',(-50.,-12.3188418076032,26.7356117960013));
#3020=CARTESIAN_POINT('',(-50.,-12.3188418076032,29.7415477736555));
#3021=CARTESIAN_POINT('',(50.,-12.3188418076032,26.7356117960013));
#3022=CARTESIAN_POINT('',(25.,-12.3188418076032,26.7356117960013));
#3023=CARTESIAN_POINT('',(50.,-12.3188418076032,29.7415477736555));
#3024=CARTESIAN_POINT('Origin',(25.,-12.3188418076032,26.7356117960013));
#3025=CARTESIAN_POINT('',(-50.,-0.241346209609349,34.0361298228268));
#3026=CARTESIAN_POINT('',(-50.,-12.5626266595141,26.5882504749723));
#3027=CARTESIAN_POINT('',(50.,-0.241346209609348,34.0361298228268));
#3028=CARTESIAN_POINT('',(25.,-0.241346209609349,34.0361298228268));
#3029=CARTESIAN_POINT('',(50.,-12.5626266595141,26.5882504749723));
#3030=CARTESIAN_POINT('Origin',(25.,-0.500000000000002,34.4640295969756));
#3031=CARTESIAN_POINT('',(-50.,-9.75781955236955E-16,34.4640295969756));
#3032=CARTESIAN_POINT('Origin',(-50.,-0.500000000000002,34.4640295969756));
#3033=CARTESIAN_POINT('',(50.,-2.08600497986211E-15,34.4640295969756));
#3034=CARTESIAN_POINT('',(25.,-1.95156391047391E-15,34.4640295969756));
#3035=CARTESIAN_POINT('Origin',(50.,-0.500000000000002,34.4640295969756));
#3036=CARTESIAN_POINT('Origin',(25.,-1.95156391047391E-15,34.4640295969756));
#3037=CARTESIAN_POINT('',(-50.,0.,34.55));
#3038=CARTESIAN_POINT('',(-50.,-1.11022302462516E-15,34.5070147984876));
#3039=CARTESIAN_POINT('',(50.,-1.11022302462516E-15,34.55));
#3040=CARTESIAN_POINT('',(25.,0.,34.55));
#3041=CARTESIAN_POINT('',(50.,-1.11022302462516E-15,34.5070147984876));
#3042=CARTESIAN_POINT('Origin',(25.,-0.5,34.55));
#3043=CARTESIAN_POINT('',(-50.,-0.448351369140354,35.0473252647215));
#3044=CARTESIAN_POINT('Origin',(-50.,-0.5,34.55));
#3045=CARTESIAN_POINT('',(50.,-0.448351369140352,35.0473252647215));
#3046=CARTESIAN_POINT('',(25.,-0.448351369140353,35.0473252647215));
#3047=CARTESIAN_POINT('Origin',(50.,-0.5,34.55));
#3048=CARTESIAN_POINT('Origin',(25.,-0.396702738280704,34.55));
#3049=CARTESIAN_POINT('',(-50.,-0.649118696663138,34.9816088321083));
#3050=CARTESIAN_POINT('Origin',(-50.,-0.396702738280704,34.55));
#3051=CARTESIAN_POINT('',(50.,-0.649118696663138,34.9816088321083));
#3052=CARTESIAN_POINT('',(25.,-0.649118696663138,34.9816088321083));
#3053=CARTESIAN_POINT('Origin',(50.,-0.396702738280704,34.55));
#3054=CARTESIAN_POINT('Origin',(25.,-0.649118696663138,34.9816088321083));
#3055=CARTESIAN_POINT('',(-50.,-12.6380080521821,27.9701976387085));
#3056=CARTESIAN_POINT('',(-50.,-7.09888512890226,31.2096193494464));
#3057=CARTESIAN_POINT('',(50.,-12.6380080521821,27.9701976387085));
#3058=CARTESIAN_POINT('',(25.,-12.6380080521821,27.9701976387085));
#3059=CARTESIAN_POINT('',(50.,-7.09888512890227,31.2096193494464));
#3060=CARTESIAN_POINT('Origin',(25.,-12.6380080521821,27.9701976387085));
#3061=CARTESIAN_POINT('',(-50.,-13.802103548173,29.1342931346994));
#3062=CARTESIAN_POINT('',(-50.,-15.5504938167887,30.8826834033151));
#3063=CARTESIAN_POINT('',(50.,-13.802103548173,29.1342931346994));
#3064=CARTESIAN_POINT('',(25.,-13.802103548173,29.1342931346994));
#3065=CARTESIAN_POINT('',(50.,-15.5504938167887,30.8826834033151));
#3066=CARTESIAN_POINT('Origin',(25.,-13.802103548173,29.1342931346994));
#3067=CARTESIAN_POINT('',(-50.,-10.3105124575163,34.2688395073381));
#3068=CARTESIAN_POINT('',(-50.,-13.1605234281353,30.0777664087927));
#3069=CARTESIAN_POINT('',(50.,-10.3105124575163,34.2688395073381));
#3070=CARTESIAN_POINT('',(25.,-10.3105124575163,34.2688395073381));
#3071=CARTESIAN_POINT('',(50.,-13.1605234281353,30.0777664087927));
#3072=CARTESIAN_POINT('Origin',(25.,-10.7239719807663,34.55));
#3073=CARTESIAN_POINT('',(-50.,-10.7239719807663,35.05));
#3074=CARTESIAN_POINT('Origin',(-50.,-10.7239719807663,34.55));
#3075=CARTESIAN_POINT('',(50.,-10.7239719807663,35.05));
#3076=CARTESIAN_POINT('',(25.,-10.7239719807663,35.05));
#3077=CARTESIAN_POINT('Origin',(50.,-10.7239719807663,34.55));
#3078=CARTESIAN_POINT('Origin',(25.,-10.7239719807663,35.05));
#3079=CARTESIAN_POINT('',(-50.,-10.8794595963484,35.05));
#3080=CARTESIAN_POINT('',(-50.,-14.2160603650417,35.0499999999998));
#3081=CARTESIAN_POINT('',(50.,-10.8794595963484,35.05));
#3082=CARTESIAN_POINT('',(25.,-10.8794595963484,35.05));
#3083=CARTESIAN_POINT('',(50.,-14.2160603650417,35.0499999999998));
#3084=CARTESIAN_POINT('Origin',(25.,-10.8794595963484,34.55));
#3085=CARTESIAN_POINT('',(-50.,-11.2824380926702,34.8459870461729));
#3086=CARTESIAN_POINT('Origin',(-50.,-10.8794595963484,34.55));
#3087=CARTESIAN_POINT('',(50.,-11.2824380926702,34.8459870461729));
#3088=CARTESIAN_POINT('',(25.,-11.2824380926702,34.8459870461729));
#3089=CARTESIAN_POINT('Origin',(50.,-10.8794595963484,34.55));
#3090=CARTESIAN_POINT('Origin',(25.,-11.2824380926702,34.8459870461729));
#3091=CARTESIAN_POINT('',(-50.,-14.8996812795044,29.9212065900404));
#3092=CARTESIAN_POINT('',(-50.,-12.4789382187474,33.2169839263073));
#3093=CARTESIAN_POINT('',(50.,-14.8996812795044,29.9212065900404));
#3094=CARTESIAN_POINT('',(25.,-14.8996812795044,29.9212065900404));
#3095=CARTESIAN_POINT('',(50.,-12.4789382187474,33.2169839263073));
#3096=CARTESIAN_POINT('Origin',(25.,-14.8996812795044,29.9212065900404));
#3097=CARTESIAN_POINT('',(-50.,-17.0859537186114,30.3213318360643));
#3098=CARTESIAN_POINT('',(-50.,-16.6682505068289,30.2448850047409));
#3099=CARTESIAN_POINT('',(50.,-17.0859537186114,30.3213318360643));
#3100=CARTESIAN_POINT('',(25.,-17.0859537186114,30.3213318360643));
#3101=CARTESIAN_POINT('',(50.,-16.6682505068289,30.2448850047409));
#3102=CARTESIAN_POINT('Origin',(25.,-17.0859537186114,30.3213318360643));
#3103=CARTESIAN_POINT('',(-50.,-17.0859537186114,34.55));
#3104=CARTESIAN_POINT('',(-50.,-17.0859537186114,32.4356659180322));
#3105=CARTESIAN_POINT('',(50.,-17.0859537186114,34.55));
#3106=CARTESIAN_POINT('',(25.,-17.0859537186114,34.55));
#3107=CARTESIAN_POINT('',(50.,-17.0859537186114,32.4356659180322));
#3108=CARTESIAN_POINT('Origin',(25.,-17.5859537186114,34.55));
#3109=CARTESIAN_POINT('',(-50.,-17.5859537186114,35.05));
#3110=CARTESIAN_POINT('Origin',(-50.,-17.5859537186114,34.55));
#3111=CARTESIAN_POINT('',(50.,-17.5859537186114,35.05));
#3112=CARTESIAN_POINT('',(25.,-17.5859537186114,35.05));
#3113=CARTESIAN_POINT('Origin',(50.,-17.5859537186114,34.55));
#3114=CARTESIAN_POINT('Origin',(25.,-17.5859537186114,35.05));
#3115=CARTESIAN_POINT('',(-50.,-17.6470512339642,35.05));
#3116=CARTESIAN_POINT('',(50.,-17.6470512339642,35.05));
#3117=CARTESIAN_POINT('Origin',(50.,-17.708148749317,34.55));
#3118=CARTESIAN_POINT('',(50.,-10.4799088303459,4.80389489390841));
#3119=CARTESIAN_POINT('',(50.,-10.4799088303459,19.6769474469542));
#3120=CARTESIAN_POINT('',(50.,-12.9303807657182,4.8038948939084));
#3121=CARTESIAN_POINT('',(50.,-12.9303807657182,17.275));
#3122=CARTESIAN_POINT('',(50.,-11.63535475712,6.02714160929391));
#3123=CARTESIAN_POINT('',(50.,-6.76840618261802,10.6243302512067));
#3124=CARTESIAN_POINT('',(50.,-20.1862133320196,15.0797588050414));
#3125=CARTESIAN_POINT('Origin',(-50.,-17.708148749317,34.55));
#3126=CARTESIAN_POINT('',(-50.,-10.4799088303459,4.80389489390841));
#3127=CARTESIAN_POINT('',(-50.,-10.4799088303459,19.6769474469542));
#3128=CARTESIAN_POINT('',(-50.,-11.63535475712,6.02714160929391));
#3129=CARTESIAN_POINT('',(-50.,-20.1862133320196,15.0797588050414));
#3130=CARTESIAN_POINT('',(-50.,-12.9303807657182,4.8038948939084));
#3131=CARTESIAN_POINT('',(-50.,-6.76840618261802,10.6243302512067));
#3132=CARTESIAN_POINT('',(-50.,-12.9303807657182,17.275));
#3133=CARTESIAN_POINT('Origin',(32.9994470048482,-11.63535475712,6.02714160929391));
#3134=CARTESIAN_POINT('',(32.9994470048482,-11.63535475712,6.02714160929391));
#3135=CARTESIAN_POINT('',(32.9994470048482,-10.4799088303459,4.80389489390841));
#3136=CARTESIAN_POINT('Origin',(32.9994470048482,-10.4799088303459,4.80389489390841));
#3137=CARTESIAN_POINT('Origin',(32.9994470048482,-12.9303807657182,2.74093112355748E-15));
#3138=CARTESIAN_POINT('',(32.9994470048482,-12.9303807657182,4.8038948939084));
#3139=CARTESIAN_POINT('Origin',(32.9994470048482,-12.9303807657182,4.8038948939084));
#3140=CARTESIAN_POINT('Origin',(-47.97,-10.7471792888287,-2.26925980187244));
#3141=CARTESIAN_POINT('',(-49.1013974095024,-11.63535475712,-2.26925980187244));
#3142=CARTESIAN_POINT('Origin',(-47.97,-11.63535475712,-2.26925980187244));
#3143=CARTESIAN_POINT('',(-48.8581754682913,-11.63535475712,-2.26925980187244));
#3144=CARTESIAN_POINT('Origin',(-47.97,-11.63535475712,-2.26925980187244));
#3145=CARTESIAN_POINT('Origin',(-47.97,-11.63535475712,4.59970432512891));
#3146=CARTESIAN_POINT('',(-46.8386025904976,-11.63535475712,3.75953312888207));
#3147=CARTESIAN_POINT('',(-49.1013974095024,-11.63535475712,3.75953312888207));
#3148=CARTESIAN_POINT('Origin',(-47.97,-11.63535475712,3.75953312888207));
#3149=CARTESIAN_POINT('Origin',(-47.97,-11.63535475712,3.75953312888207));
#3150=CARTESIAN_POINT('',(-49.1013974095024,-11.63535475712,4.59970432512891));
#3151=CARTESIAN_POINT('Origin',(-47.97,-11.63535475712,3.75953312888207));
#3152=CARTESIAN_POINT('',(-47.6322056913982,-11.63535475712,4.59970432512891));
#3153=CARTESIAN_POINT('',(-46.8386025904976,-11.63535475712,3.75953312888207));
#3154=CARTESIAN_POINT('Origin',(-47.97,-11.63535475712,4.59970432512891));
#3155=CARTESIAN_POINT('Origin',(-47.97,-11.2975604485182,4.59970432512891));
#3156=CARTESIAN_POINT('Origin',(-47.97,-11.63535475712,-3.36790843132843));
#3157=CARTESIAN_POINT('',(-49.0582893315736,-11.63535475712,-3.36790843132843));
#3158=CARTESIAN_POINT('Origin',(-47.97,-11.63535475712,-3.36790843132843));
#3159=CARTESIAN_POINT('Origin',(-47.97,-11.63535475712,4.59970432512891));
#3160=CARTESIAN_POINT('',(-49.0582893315736,-11.63535475712,-2.66298465490108));
#3161=CARTESIAN_POINT('Origin',(-47.97,-11.63535475712,-2.66298465490108));
#3162=CARTESIAN_POINT('',(-49.0582893315736,-11.63535475712,4.59970432512891));
#3163=CARTESIAN_POINT('Origin',(-47.97,-10.5470654255464,-2.66298465490108));
#3164=CARTESIAN_POINT('',(-48.8581754682913,-11.63535475712,-2.66298465490108));
#3165=CARTESIAN_POINT('Origin',(-47.97,-11.63535475712,-2.66298465490108));
#3166=CARTESIAN_POINT('Origin',(-47.97,-11.63535475712,4.59970432512891));
#3167=CARTESIAN_POINT('',(-48.8581754682913,-11.63535475712,4.59970432512891));
#3168=UNCERTAINTY_MEASURE_WITH_UNIT(LENGTH_MEASURE(0.01),#3172,
'DISTANCE_ACCURACY_VALUE',
'Maximum model space distance between geometric entities at asserted c
onnectivities');
#3169=UNCERTAINTY_MEASURE_WITH_UNIT(LENGTH_MEASURE(0.01),#3172,
'DISTANCE_ACCURACY_VALUE',
'Maximum model space distance between geometric entities at asserted c
onnectivities');
#3170=(
GEOMETRIC_REPRESENTATION_CONTEXT(3)
GLOBAL_UNCERTAINTY_ASSIGNED_CONTEXT((#3168))
GLOBAL_UNIT_ASSIGNED_CONTEXT((#3172,#3174,#3175))
REPRESENTATION_CONTEXT('','3D')
);
#3171=(
GEOMETRIC_REPRESENTATION_CONTEXT(3)
GLOBAL_UNCERTAINTY_ASSIGNED_CONTEXT((#3169))
GLOBAL_UNIT_ASSIGNED_CONTEXT((#3172,#3174,#3175))
REPRESENTATION_CONTEXT('','3D')
);
#3172=(
LENGTH_UNIT()
NAMED_UNIT(*)
SI_UNIT(.MILLI.,.METRE.)
);
#3173=(
LENGTH_UNIT()
NAMED_UNIT(*)
SI_UNIT($,.METRE.)
);
#3174=(
NAMED_UNIT(*)
PLANE_ANGLE_UNIT()
SI_UNIT($,.RADIAN.)
);
#3175=(
NAMED_UNIT(*)
SI_UNIT($,.STERADIAN.)
SOLID_ANGLE_UNIT()
);
#3176=SHAPE_DEFINITION_REPRESENTATION(#3177,#3178);
#3177=PRODUCT_DEFINITION_SHAPE('',$,#3180);
#3178=SHAPE_REPRESENTATION('',(#1900),#3170);
#3179=PRODUCT_DEFINITION_CONTEXT('part definition',#3184,'design');
#3180=PRODUCT_DEFINITION('694-50','694-50(New)',#3181,#3179);
#3181=PRODUCT_DEFINITION_FORMATION('',$,#3186);
#3182=PRODUCT_RELATED_PRODUCT_CATEGORY('694-50(New)','694-50(New)',(#3186));
#3183=APPLICATION_PROTOCOL_DEFINITION('international standard',
'automotive_design',2009,#3184);
#3184=APPLICATION_CONTEXT(
'Core Data for Automotive Mechanical Design Process');
#3185=PRODUCT_CONTEXT('part definition',#3184,'mechanical');
#3186=PRODUCT('694-50','694-50(New)','Unknown',(#3185));
#3187=PRESENTATION_STYLE_ASSIGNMENT((#3190));
#3188=PRESENTATION_STYLE_ASSIGNMENT((#3191));
#3189=PRESENTATION_STYLE_ASSIGNMENT((#3192));
#3190=SURFACE_STYLE_USAGE(.BOTH.,#3193);
#3191=SURFACE_STYLE_USAGE(.BOTH.,#3194);
#3192=SURFACE_STYLE_USAGE(.BOTH.,#3195);
#3193=SURFACE_SIDE_STYLE('',(#3196));
#3194=SURFACE_SIDE_STYLE('',(#3197));
#3195=SURFACE_SIDE_STYLE('',(#3198));
#3196=SURFACE_STYLE_FILL_AREA(#3199);
#3197=SURFACE_STYLE_FILL_AREA(#3200);
#3198=SURFACE_STYLE_FILL_AREA(#3201);
#3199=FILL_AREA_STYLE('Steel - Satin',(#3202));
#3200=FILL_AREA_STYLE('Opaque(178,178,178)',(#3203));
#3201=FILL_AREA_STYLE('Opaque(51,51,51)',(#3204));
#3202=FILL_AREA_STYLE_COLOUR('Steel - Satin',#3205);
#3203=FILL_AREA_STYLE_COLOUR('Opaque(178,178,178)',#3206);
#3204=FILL_AREA_STYLE_COLOUR('Opaque(51,51,51)',#3207);
#3205=COLOUR_RGB('Steel - Satin',0.627450980392157,0.627450980392157,0.627450980392157);
#3206=COLOUR_RGB('Opaque(178,178,178)',0.698039215686274,0.698039215686274,
0.698039215686274);
#3207=COLOUR_RGB('Opaque(51,51,51)',0.2,0.2,0.2);
ENDSEC;
END-ISO-10303-21;
