ISO-10303-21;
HEADER;
/* Generated by software containing ST-Developer
 * from STEP Tools, Inc. (www.steptools.com) 
 */
/* OPTION: strings as raw bytes, not using required /X/ escapes */

FILE_DESCRIPTION(
/* description */ ('Unknown'),
/* implementation_level */ '2;1');

FILE_NAME(
/* name */ '694-50',
/* time_stamp */ '2024-10-17T14:08:05+02:00',
/* author */ ('Unknown'),
/* organization */ ('Unknown'),
/* preprocessor_version */ 'ST-DEVELOPER v18.102',
/* originating_system */ 'Solid Edge',
/* authorisation */ 'Unknown');

FILE_SCHEMA (('AUTOMOTIVE_DESIGN {1 0 10303 214 3 1 1}'));
ENDSEC;

DATA;
#10=PROPERTY_DEFINITION_REPRESENTATION(#14,#12);
#11=PROPERTY_DEFINITION_REPRESENTATION(#15,#13);
#12=REPRESENTATION('',(#16),#3126);
#13=REPRESENTATION('',(#17),#3126);
#14=PROPERTY_DEFINITION('pmi validation property','',#3131);
#15=PROPERTY_DEFINITION('pmi validation property','',#3131);
#16=VALUE_REPRESENTATION_ITEM('number of annotations',COUNT_MEASURE(0.));
#17=VALUE_REPRESENTATION_ITEM('number of views',COUNT_MEASURE(0.));
#18=LINE('',#2610,#208);
#19=LINE('',#2613,#209);
#20=LINE('',#2615,#210);
#21=LINE('',#2617,#211);
#22=LINE('',#2622,#212);
#23=LINE('',#2626,#213);
#24=LINE('',#2628,#214);
#25=LINE('',#2630,#215);
#26=LINE('',#2632,#216);
#27=LINE('',#2634,#217);
#28=LINE('',#2636,#218);
#29=LINE('',#2638,#219);
#30=LINE('',#2642,#220);
#31=LINE('',#2646,#221);
#32=LINE('',#2648,#222);
#33=LINE('',#2650,#223);
#34=LINE('',#2654,#224);
#35=LINE('',#2658,#225);
#36=LINE('',#2660,#226);
#37=LINE('',#2662,#227);
#38=LINE('',#2666,#228);
#39=LINE('',#2670,#229);
#40=LINE('',#2672,#230);
#41=LINE('',#2674,#231);
#42=LINE('',#2676,#232);
#43=LINE('',#2678,#233);
#44=LINE('',#2680,#234);
#45=LINE('',#2682,#235);
#46=LINE('',#2684,#236);
#47=LINE('',#2686,#237);
#48=LINE('',#2688,#238);
#49=LINE('',#2690,#239);
#50=LINE('',#2692,#240);
#51=LINE('',#2696,#241);
#52=LINE('',#2700,#242);
#53=LINE('',#2702,#243);
#54=LINE('',#2704,#244);
#55=LINE('',#2708,#245);
#56=LINE('',#2714,#246);
#57=LINE('',#2718,#247);
#58=LINE('',#2720,#248);
#59=LINE('',#2722,#249);
#60=LINE('',#2726,#250);
#61=LINE('',#2730,#251);
#62=LINE('',#2732,#252);
#63=LINE('',#2734,#253);
#64=LINE('',#2738,#254);
#65=LINE('',#2742,#255);
#66=LINE('',#2744,#256);
#67=LINE('',#2746,#257);
#68=LINE('',#2748,#258);
#69=LINE('',#2750,#259);
#70=LINE('',#2752,#260);
#71=LINE('',#2754,#261);
#72=LINE('',#2755,#262);
#73=LINE('',#2757,#263);
#74=LINE('',#2760,#264);
#75=LINE('',#2762,#265);
#76=LINE('',#2764,#266);
#77=LINE('',#2766,#267);
#78=LINE('',#2768,#268);
#79=LINE('',#2770,#269);
#80=LINE('',#2772,#270);
#81=LINE('',#2774,#271);
#82=LINE('',#2776,#272);
#83=LINE('',#2780,#273);
#84=LINE('',#2784,#274);
#85=LINE('',#2786,#275);
#86=LINE('',#2788,#276);
#87=LINE('',#2792,#277);
#88=LINE('',#2796,#278);
#89=LINE('',#2798,#279);
#90=LINE('',#2800,#280);
#91=LINE('',#2802,#281);
#92=LINE('',#2804,#282);
#93=LINE('',#2806,#283);
#94=LINE('',#2810,#284);
#95=LINE('',#2814,#285);
#96=LINE('',#2816,#286);
#97=LINE('',#2818,#287);
#98=LINE('',#2822,#288);
#99=LINE('',#2826,#289);
#100=LINE('',#2828,#290);
#101=LINE('',#2830,#291);
#102=LINE('',#2834,#292);
#103=LINE('',#2838,#293);
#104=LINE('',#2840,#294);
#105=LINE('',#2842,#295);
#106=LINE('',#2844,#296);
#107=LINE('',#2846,#297);
#108=LINE('',#2848,#298);
#109=LINE('',#2850,#299);
#110=LINE('',#2852,#300);
#111=LINE('',#2854,#301);
#112=LINE('',#2858,#302);
#113=LINE('',#2862,#303);
#114=LINE('',#2864,#304);
#115=LINE('',#2866,#305);
#116=LINE('',#2870,#306);
#117=LINE('',#2874,#307);
#118=LINE('',#2876,#308);
#119=LINE('',#2878,#309);
#120=LINE('',#2880,#310);
#121=LINE('',#2882,#311);
#122=LINE('',#2884,#312);
#123=LINE('',#2886,#313);
#124=LINE('',#2888,#314);
#125=LINE('',#2890,#315);
#126=LINE('',#2894,#316);
#127=LINE('',#2898,#317);
#128=LINE('',#2900,#318);
#129=LINE('',#2902,#319);
#130=LINE('',#2906,#320);
#131=LINE('',#2910,#321);
#132=LINE('',#2912,#322);
#133=LINE('',#2914,#323);
#134=LINE('',#2916,#324);
#135=LINE('',#2918,#325);
#136=LINE('',#2920,#326);
#137=LINE('',#2922,#327);
#138=LINE('',#2924,#328);
#139=LINE('',#2926,#329);
#140=LINE('',#2930,#330);
#141=LINE('',#2934,#331);
#142=LINE('',#2936,#332);
#143=LINE('',#2938,#333);
#144=LINE('',#2942,#334);
#145=LINE('',#2946,#335);
#146=LINE('',#2948,#336);
#147=LINE('',#2950,#337);
#148=LINE('',#2952,#338);
#149=LINE('',#2954,#339);
#150=LINE('',#2956,#340);
#151=LINE('',#2958,#341);
#152=LINE('',#2960,#342);
#153=LINE('',#2962,#343);
#154=LINE('',#2966,#344);
#155=LINE('',#2972,#345);
#156=LINE('',#2976,#346);
#157=LINE('',#2978,#347);
#158=LINE('',#2980,#348);
#159=LINE('',#2982,#349);
#160=LINE('',#2984,#350);
#161=LINE('',#2986,#351);
#162=LINE('',#2988,#352);
#163=LINE('',#2990,#353);
#164=LINE('',#2992,#354);
#165=LINE('',#2996,#355);
#166=LINE('',#3000,#356);
#167=LINE('',#3002,#357);
#168=LINE('',#3004,#358);
#169=LINE('',#3008,#359);
#170=LINE('',#3014,#360);
#171=LINE('',#3018,#361);
#172=LINE('',#3020,#362);
#173=LINE('',#3022,#363);
#174=LINE('',#3024,#364);
#175=LINE('',#3026,#365);
#176=LINE('',#3028,#366);
#177=LINE('',#3030,#367);
#178=LINE('',#3032,#368);
#179=LINE('',#3034,#369);
#180=LINE('',#3038,#370);
#181=LINE('',#3042,#371);
#182=LINE('',#3044,#372);
#183=LINE('',#3046,#373);
#184=LINE('',#3050,#374);
#185=LINE('',#3054,#375);
#186=LINE('',#3056,#376);
#187=LINE('',#3058,#377);
#188=LINE('',#3060,#378);
#189=LINE('',#3062,#379);
#190=LINE('',#3064,#380);
#191=LINE('',#3066,#381);
#192=LINE('',#3068,#382);
#193=LINE('',#3070,#383);
#194=LINE('',#3074,#384);
#195=LINE('',#3078,#385);
#196=LINE('',#3079,#386);
#197=LINE('',#3081,#387);
#198=LINE('',#3083,#388);
#199=LINE('',#3085,#389);
#200=LINE('',#3087,#390);
#201=LINE('',#3089,#391);
#202=LINE('',#3091,#392);
#203=LINE('',#3093,#393);
#204=LINE('',#3095,#394);
#205=LINE('',#3097,#395);
#206=LINE('',#3098,#396);
#207=LINE('',#3101,#397);
#208=VECTOR('',#2088,1000.);
#209=VECTOR('',#2089,1000.);
#210=VECTOR('',#2090,1000.);
#211=VECTOR('',#2091,1000.);
#212=VECTOR('',#2096,1000.);
#213=VECTOR('',#2099,1000.);
#214=VECTOR('',#2102,1000.);
#215=VECTOR('',#2103,1000.);
#216=VECTOR('',#2104,1000.);
#217=VECTOR('',#2107,1000.);
#218=VECTOR('',#2108,1000.);
#219=VECTOR('',#2109,1000.);
#220=VECTOR('',#2114,1000.);
#221=VECTOR('',#2119,1000.);
#222=VECTOR('',#2120,1000.);
#223=VECTOR('',#2121,1000.);
#224=VECTOR('',#2126,1000.);
#225=VECTOR('',#2131,1000.);
#226=VECTOR('',#2132,1000.);
#227=VECTOR('',#2133,1000.);
#228=VECTOR('',#2138,1000.);
#229=VECTOR('',#2143,1000.);
#230=VECTOR('',#2144,1000.);
#231=VECTOR('',#2145,1000.);
#232=VECTOR('',#2148,1000.);
#233=VECTOR('',#2149,1000.);
#234=VECTOR('',#2150,1000.);
#235=VECTOR('',#2153,1000.);
#236=VECTOR('',#2154,1000.);
#237=VECTOR('',#2155,1000.);
#238=VECTOR('',#2158,1000.);
#239=VECTOR('',#2159,1000.);
#240=VECTOR('',#2160,1000.);
#241=VECTOR('',#2165,1000.);
#242=VECTOR('',#2170,1000.);
#243=VECTOR('',#2171,1000.);
#244=VECTOR('',#2172,1000.);
#245=VECTOR('',#2177,1000.);
#246=VECTOR('',#2184,1000.);
#247=VECTOR('',#2189,1000.);
#248=VECTOR('',#2190,1000.);
#249=VECTOR('',#2191,1000.);
#250=VECTOR('',#2196,1000.);
#251=VECTOR('',#2201,1000.);
#252=VECTOR('',#2202,1000.);
#253=VECTOR('',#2203,1000.);
#254=VECTOR('',#2208,1000.);
#255=VECTOR('',#2213,1000.);
#256=VECTOR('',#2214,1000.);
#257=VECTOR('',#2215,1000.);
#258=VECTOR('',#2218,1000.);
#259=VECTOR('',#2219,1000.);
#260=VECTOR('',#2220,1000.);
#261=VECTOR('',#2223,1000.);
#262=VECTOR('',#2224,1000.);
#263=VECTOR('',#2227,1000.);
#264=VECTOR('',#2228,1000.);
#265=VECTOR('',#2229,1000.);
#266=VECTOR('',#2230,1000.);
#267=VECTOR('',#2233,1000.);
#268=VECTOR('',#2234,1000.);
#269=VECTOR('',#2235,1000.);
#270=VECTOR('',#2238,1000.);
#271=VECTOR('',#2239,1000.);
#272=VECTOR('',#2240,1000.);
#273=VECTOR('',#2245,1000.);
#274=VECTOR('',#2250,1000.);
#275=VECTOR('',#2251,1000.);
#276=VECTOR('',#2252,1000.);
#277=VECTOR('',#2257,1000.);
#278=VECTOR('',#2262,1000.);
#279=VECTOR('',#2263,1000.);
#280=VECTOR('',#2264,1000.);
#281=VECTOR('',#2267,1000.);
#282=VECTOR('',#2268,1000.);
#283=VECTOR('',#2269,1000.);
#284=VECTOR('',#2274,1000.);
#285=VECTOR('',#2279,1000.);
#286=VECTOR('',#2280,1000.);
#287=VECTOR('',#2281,1000.);
#288=VECTOR('',#2286,1000.);
#289=VECTOR('',#2291,1000.);
#290=VECTOR('',#2292,1000.);
#291=VECTOR('',#2293,1000.);
#292=VECTOR('',#2298,1000.);
#293=VECTOR('',#2303,1000.);
#294=VECTOR('',#2304,1000.);
#295=VECTOR('',#2305,1000.);
#296=VECTOR('',#2308,1000.);
#297=VECTOR('',#2309,1000.);
#298=VECTOR('',#2310,1000.);
#299=VECTOR('',#2313,1000.);
#300=VECTOR('',#2314,1000.);
#301=VECTOR('',#2315,1000.);
#302=VECTOR('',#2320,1000.);
#303=VECTOR('',#2325,1000.);
#304=VECTOR('',#2326,1000.);
#305=VECTOR('',#2327,1000.);
#306=VECTOR('',#2332,1000.);
#307=VECTOR('',#2337,1000.);
#308=VECTOR('',#2338,1000.);
#309=VECTOR('',#2339,1000.);
#310=VECTOR('',#2342,1000.);
#311=VECTOR('',#2343,1000.);
#312=VECTOR('',#2344,1000.);
#313=VECTOR('',#2347,1000.);
#314=VECTOR('',#2348,1000.);
#315=VECTOR('',#2349,1000.);
#316=VECTOR('',#2354,1000.);
#317=VECTOR('',#2359,1000.);
#318=VECTOR('',#2360,1000.);
#319=VECTOR('',#2361,1000.);
#320=VECTOR('',#2366,1000.);
#321=VECTOR('',#2371,1000.);
#322=VECTOR('',#2372,1000.);
#323=VECTOR('',#2373,1000.);
#324=VECTOR('',#2376,1000.);
#325=VECTOR('',#2377,1000.);
#326=VECTOR('',#2378,1000.);
#327=VECTOR('',#2381,1000.);
#328=VECTOR('',#2382,1000.);
#329=VECTOR('',#2383,1000.);
#330=VECTOR('',#2388,1000.);
#331=VECTOR('',#2393,1000.);
#332=VECTOR('',#2394,1000.);
#333=VECTOR('',#2395,1000.);
#334=VECTOR('',#2400,1000.);
#335=VECTOR('',#2405,1000.);
#336=VECTOR('',#2406,1000.);
#337=VECTOR('',#2407,1000.);
#338=VECTOR('',#2410,1000.);
#339=VECTOR('',#2411,1000.);
#340=VECTOR('',#2412,1000.);
#341=VECTOR('',#2415,1000.);
#342=VECTOR('',#2416,1000.);
#343=VECTOR('',#2417,1000.);
#344=VECTOR('',#2422,1000.);
#345=VECTOR('',#2429,1000.);
#346=VECTOR('',#2434,1000.);
#347=VECTOR('',#2435,1000.);
#348=VECTOR('',#2436,1000.);
#349=VECTOR('',#2439,1000.);
#350=VECTOR('',#2440,1000.);
#351=VECTOR('',#2441,1000.);
#352=VECTOR('',#2444,1000.);
#353=VECTOR('',#2445,1000.);
#354=VECTOR('',#2446,1000.);
#355=VECTOR('',#2451,1000.);
#356=VECTOR('',#2456,1000.);
#357=VECTOR('',#2457,1000.);
#358=VECTOR('',#2458,1000.);
#359=VECTOR('',#2463,1000.);
#360=VECTOR('',#2470,1000.);
#361=VECTOR('',#2475,1000.);
#362=VECTOR('',#2476,1000.);
#363=VECTOR('',#2477,1000.);
#364=VECTOR('',#2480,1000.);
#365=VECTOR('',#2481,1000.);
#366=VECTOR('',#2482,1000.);
#367=VECTOR('',#2485,1000.);
#368=VECTOR('',#2486,1000.);
#369=VECTOR('',#2487,1000.);
#370=VECTOR('',#2492,1000.);
#371=VECTOR('',#2497,1000.);
#372=VECTOR('',#2498,1000.);
#373=VECTOR('',#2499,1000.);
#374=VECTOR('',#2504,1000.);
#375=VECTOR('',#2509,1000.);
#376=VECTOR('',#2510,1000.);
#377=VECTOR('',#2511,1000.);
#378=VECTOR('',#2514,1000.);
#379=VECTOR('',#2515,1000.);
#380=VECTOR('',#2516,1000.);
#381=VECTOR('',#2519,1000.);
#382=VECTOR('',#2520,1000.);
#383=VECTOR('',#2521,1000.);
#384=VECTOR('',#2526,1000.);
#385=VECTOR('',#2531,1000.);
#386=VECTOR('',#2532,1000.);
#387=VECTOR('',#2535,1000.);
#388=VECTOR('',#2536,1000.);
#389=VECTOR('',#2537,1000.);
#390=VECTOR('',#2538,1000.);
#391=VECTOR('',#2541,1000.);
#392=VECTOR('',#2542,1000.);
#393=VECTOR('',#2543,1000.);
#394=VECTOR('',#2544,1000.);
#395=VECTOR('',#2547,1000.);
#396=VECTOR('',#2548,1000.);
#397=VECTOR('',#2553,1000.);
#398=SHAPE_REPRESENTATION_RELATIONSHIP('','',#1882,#399);
#399=ADVANCED_BREP_SHAPE_REPRESENTATION('',(#1878,#1879,#1880),#3126);
#400=CONICAL_SURFACE('',#1889,1.13139740950238,0.756902495259025);
#401=CONICAL_SURFACE('',#2044,1.13139740950238,0.756902495259025);
#402=CYLINDRICAL_SURFACE('',#1887,1.13139740950238);
#403=CYLINDRICAL_SURFACE('',#1894,1.08828933157361);
#404=CYLINDRICAL_SURFACE('',#1898,0.888175468291289);
#405=CYLINDRICAL_SURFACE('',#1900,0.5);
#406=CYLINDRICAL_SURFACE('',#1905,0.5);
#407=CYLINDRICAL_SURFACE('',#1909,0.5);
#408=CYLINDRICAL_SURFACE('',#1913,0.5);
#409=CYLINDRICAL_SURFACE('',#1920,0.651033454859909);
#410=CYLINDRICAL_SURFACE('',#1924,1.37925081038787);
#411=CYLINDRICAL_SURFACE('',#1927,4.95854636963457);
#412=CYLINDRICAL_SURFACE('',#1931,3.00468401315586);
#413=CYLINDRICAL_SURFACE('',#1935,0.412431143066688);
#414=CYLINDRICAL_SURFACE('',#1944,0.5);
#415=CYLINDRICAL_SURFACE('',#1948,0.5);
#416=CYLINDRICAL_SURFACE('',#1953,0.356863907234921);
#417=CYLINDRICAL_SURFACE('',#1957,0.5);
#418=CYLINDRICAL_SURFACE('',#1961,0.5);
#419=CYLINDRICAL_SURFACE('',#1967,0.5);
#420=CYLINDRICAL_SURFACE('',#1971,0.5);
#421=CYLINDRICAL_SURFACE('',#1977,0.5);
#422=CYLINDRICAL_SURFACE('',#1981,0.5);
#423=CYLINDRICAL_SURFACE('',#1987,0.5);
#424=CYLINDRICAL_SURFACE('',#1991,0.5);
#425=CYLINDRICAL_SURFACE('',#1997,0.5);
#426=CYLINDRICAL_SURFACE('',#2000,0.5);
#427=CYLINDRICAL_SURFACE('',#2006,0.5);
#428=CYLINDRICAL_SURFACE('',#2010,0.5);
#429=CYLINDRICAL_SURFACE('',#2013,0.5);
#430=CYLINDRICAL_SURFACE('',#2019,0.5);
#431=CYLINDRICAL_SURFACE('',#2023,0.5);
#432=CYLINDRICAL_SURFACE('',#2029,0.5);
#433=CYLINDRICAL_SURFACE('',#2042,1.13139740950238);
#434=CYLINDRICAL_SURFACE('',#2049,1.08828933157361);
#435=CYLINDRICAL_SURFACE('',#2053,0.888175468291289);
#436=ORIENTED_EDGE('',*,*,#956,.F.);
#437=ORIENTED_EDGE('',*,*,#957,.T.);
#438=ORIENTED_EDGE('',*,*,#958,.F.);
#439=ORIENTED_EDGE('',*,*,#956,.T.);
#440=ORIENTED_EDGE('',*,*,#959,.F.);
#441=ORIENTED_EDGE('',*,*,#958,.T.);
#442=ORIENTED_EDGE('',*,*,#959,.T.);
#443=ORIENTED_EDGE('',*,*,#960,.F.);
#444=ORIENTED_EDGE('',*,*,#961,.F.);
#445=ORIENTED_EDGE('',*,*,#960,.T.);
#446=ORIENTED_EDGE('',*,*,#962,.F.);
#447=ORIENTED_EDGE('',*,*,#961,.T.);
#448=ORIENTED_EDGE('',*,*,#957,.F.);
#449=ORIENTED_EDGE('',*,*,#962,.T.);
#450=ORIENTED_EDGE('',*,*,#963,.F.);
#451=ORIENTED_EDGE('',*,*,#964,.F.);
#452=ORIENTED_EDGE('',*,*,#965,.T.);
#453=ORIENTED_EDGE('',*,*,#966,.T.);
#454=ORIENTED_EDGE('',*,*,#967,.T.);
#455=ORIENTED_EDGE('',*,*,#968,.F.);
#456=ORIENTED_EDGE('',*,*,#969,.F.);
#457=ORIENTED_EDGE('',*,*,#970,.T.);
#458=ORIENTED_EDGE('',*,*,#971,.T.);
#459=ORIENTED_EDGE('',*,*,#972,.F.);
#460=ORIENTED_EDGE('',*,*,#973,.F.);
#461=ORIENTED_EDGE('',*,*,#968,.T.);
#462=ORIENTED_EDGE('',*,*,#974,.T.);
#463=ORIENTED_EDGE('',*,*,#975,.F.);
#464=ORIENTED_EDGE('',*,*,#976,.F.);
#465=ORIENTED_EDGE('',*,*,#972,.T.);
#466=ORIENTED_EDGE('',*,*,#977,.T.);
#467=ORIENTED_EDGE('',*,*,#978,.F.);
#468=ORIENTED_EDGE('',*,*,#979,.F.);
#469=ORIENTED_EDGE('',*,*,#975,.T.);
#470=ORIENTED_EDGE('',*,*,#980,.T.);
#471=ORIENTED_EDGE('',*,*,#981,.F.);
#472=ORIENTED_EDGE('',*,*,#982,.F.);
#473=ORIENTED_EDGE('',*,*,#978,.T.);
#474=ORIENTED_EDGE('',*,*,#983,.T.);
#475=ORIENTED_EDGE('',*,*,#984,.F.);
#476=ORIENTED_EDGE('',*,*,#985,.F.);
#477=ORIENTED_EDGE('',*,*,#981,.T.);
#478=ORIENTED_EDGE('',*,*,#986,.T.);
#479=ORIENTED_EDGE('',*,*,#987,.F.);
#480=ORIENTED_EDGE('',*,*,#988,.F.);
#481=ORIENTED_EDGE('',*,*,#984,.T.);
#482=ORIENTED_EDGE('',*,*,#989,.T.);
#483=ORIENTED_EDGE('',*,*,#990,.F.);
#484=ORIENTED_EDGE('',*,*,#991,.F.);
#485=ORIENTED_EDGE('',*,*,#987,.T.);
#486=ORIENTED_EDGE('',*,*,#992,.T.);
#487=ORIENTED_EDGE('',*,*,#993,.F.);
#488=ORIENTED_EDGE('',*,*,#994,.F.);
#489=ORIENTED_EDGE('',*,*,#990,.T.);
#490=ORIENTED_EDGE('',*,*,#995,.T.);
#491=ORIENTED_EDGE('',*,*,#996,.F.);
#492=ORIENTED_EDGE('',*,*,#997,.F.);
#493=ORIENTED_EDGE('',*,*,#993,.T.);
#494=ORIENTED_EDGE('',*,*,#998,.T.);
#495=ORIENTED_EDGE('',*,*,#999,.F.);
#496=ORIENTED_EDGE('',*,*,#1000,.F.);
#497=ORIENTED_EDGE('',*,*,#996,.T.);
#498=ORIENTED_EDGE('',*,*,#1001,.T.);
#499=ORIENTED_EDGE('',*,*,#1002,.F.);
#500=ORIENTED_EDGE('',*,*,#1003,.F.);
#501=ORIENTED_EDGE('',*,*,#999,.T.);
#502=ORIENTED_EDGE('',*,*,#1004,.T.);
#503=ORIENTED_EDGE('',*,*,#1005,.F.);
#504=ORIENTED_EDGE('',*,*,#1006,.F.);
#505=ORIENTED_EDGE('',*,*,#1002,.T.);
#506=ORIENTED_EDGE('',*,*,#1007,.T.);
#507=ORIENTED_EDGE('',*,*,#1008,.F.);
#508=ORIENTED_EDGE('',*,*,#1009,.F.);
#509=ORIENTED_EDGE('',*,*,#1005,.T.);
#510=ORIENTED_EDGE('',*,*,#1010,.T.);
#511=ORIENTED_EDGE('',*,*,#1011,.F.);
#512=ORIENTED_EDGE('',*,*,#1012,.F.);
#513=ORIENTED_EDGE('',*,*,#1008,.T.);
#514=ORIENTED_EDGE('',*,*,#1013,.T.);
#515=ORIENTED_EDGE('',*,*,#1014,.F.);
#516=ORIENTED_EDGE('',*,*,#1015,.F.);
#517=ORIENTED_EDGE('',*,*,#1011,.T.);
#518=ORIENTED_EDGE('',*,*,#1016,.T.);
#519=ORIENTED_EDGE('',*,*,#1017,.F.);
#520=ORIENTED_EDGE('',*,*,#1018,.F.);
#521=ORIENTED_EDGE('',*,*,#1014,.T.);
#522=ORIENTED_EDGE('',*,*,#1019,.T.);
#523=ORIENTED_EDGE('',*,*,#1020,.F.);
#524=ORIENTED_EDGE('',*,*,#1021,.F.);
#525=ORIENTED_EDGE('',*,*,#1017,.T.);
#526=ORIENTED_EDGE('',*,*,#1022,.T.);
#527=ORIENTED_EDGE('',*,*,#1023,.F.);
#528=ORIENTED_EDGE('',*,*,#1024,.F.);
#529=ORIENTED_EDGE('',*,*,#1020,.T.);
#530=ORIENTED_EDGE('',*,*,#1025,.T.);
#531=ORIENTED_EDGE('',*,*,#1026,.F.);
#532=ORIENTED_EDGE('',*,*,#1027,.F.);
#533=ORIENTED_EDGE('',*,*,#1023,.T.);
#534=ORIENTED_EDGE('',*,*,#1028,.T.);
#535=ORIENTED_EDGE('',*,*,#1029,.F.);
#536=ORIENTED_EDGE('',*,*,#1030,.F.);
#537=ORIENTED_EDGE('',*,*,#1026,.T.);
#538=ORIENTED_EDGE('',*,*,#1031,.T.);
#539=ORIENTED_EDGE('',*,*,#1032,.F.);
#540=ORIENTED_EDGE('',*,*,#1033,.F.);
#541=ORIENTED_EDGE('',*,*,#1029,.T.);
#542=ORIENTED_EDGE('',*,*,#1034,.T.);
#543=ORIENTED_EDGE('',*,*,#965,.F.);
#544=ORIENTED_EDGE('',*,*,#1035,.F.);
#545=ORIENTED_EDGE('',*,*,#1032,.T.);
#546=ORIENTED_EDGE('',*,*,#1036,.F.);
#547=ORIENTED_EDGE('',*,*,#1037,.T.);
#548=ORIENTED_EDGE('',*,*,#1038,.T.);
#549=ORIENTED_EDGE('',*,*,#1039,.F.);
#550=ORIENTED_EDGE('',*,*,#1040,.T.);
#551=ORIENTED_EDGE('',*,*,#1041,.F.);
#552=ORIENTED_EDGE('',*,*,#1042,.F.);
#553=ORIENTED_EDGE('',*,*,#1039,.T.);
#554=ORIENTED_EDGE('',*,*,#1043,.T.);
#555=ORIENTED_EDGE('',*,*,#1044,.F.);
#556=ORIENTED_EDGE('',*,*,#1045,.F.);
#557=ORIENTED_EDGE('',*,*,#1041,.T.);
#558=ORIENTED_EDGE('',*,*,#1046,.T.);
#559=ORIENTED_EDGE('',*,*,#1047,.F.);
#560=ORIENTED_EDGE('',*,*,#1048,.F.);
#561=ORIENTED_EDGE('',*,*,#1044,.T.);
#562=ORIENTED_EDGE('',*,*,#1049,.T.);
#563=ORIENTED_EDGE('',*,*,#1050,.F.);
#564=ORIENTED_EDGE('',*,*,#1051,.F.);
#565=ORIENTED_EDGE('',*,*,#1047,.T.);
#566=ORIENTED_EDGE('',*,*,#1052,.T.);
#567=ORIENTED_EDGE('',*,*,#1053,.F.);
#568=ORIENTED_EDGE('',*,*,#1054,.F.);
#569=ORIENTED_EDGE('',*,*,#1050,.T.);
#570=ORIENTED_EDGE('',*,*,#1055,.T.);
#571=ORIENTED_EDGE('',*,*,#1056,.F.);
#572=ORIENTED_EDGE('',*,*,#1057,.F.);
#573=ORIENTED_EDGE('',*,*,#1053,.T.);
#574=ORIENTED_EDGE('',*,*,#1058,.T.);
#575=ORIENTED_EDGE('',*,*,#1059,.F.);
#576=ORIENTED_EDGE('',*,*,#1060,.F.);
#577=ORIENTED_EDGE('',*,*,#1056,.T.);
#578=ORIENTED_EDGE('',*,*,#1061,.T.);
#579=ORIENTED_EDGE('',*,*,#1062,.F.);
#580=ORIENTED_EDGE('',*,*,#1063,.F.);
#581=ORIENTED_EDGE('',*,*,#1059,.T.);
#582=ORIENTED_EDGE('',*,*,#1064,.T.);
#583=ORIENTED_EDGE('',*,*,#1065,.F.);
#584=ORIENTED_EDGE('',*,*,#1066,.F.);
#585=ORIENTED_EDGE('',*,*,#1062,.T.);
#586=ORIENTED_EDGE('',*,*,#1067,.T.);
#587=ORIENTED_EDGE('',*,*,#1068,.F.);
#588=ORIENTED_EDGE('',*,*,#1069,.F.);
#589=ORIENTED_EDGE('',*,*,#1065,.T.);
#590=ORIENTED_EDGE('',*,*,#1070,.T.);
#591=ORIENTED_EDGE('',*,*,#1071,.F.);
#592=ORIENTED_EDGE('',*,*,#1072,.F.);
#593=ORIENTED_EDGE('',*,*,#1068,.T.);
#594=ORIENTED_EDGE('',*,*,#1073,.T.);
#595=ORIENTED_EDGE('',*,*,#1074,.F.);
#596=ORIENTED_EDGE('',*,*,#1075,.F.);
#597=ORIENTED_EDGE('',*,*,#1071,.T.);
#598=ORIENTED_EDGE('',*,*,#1076,.T.);
#599=ORIENTED_EDGE('',*,*,#1077,.F.);
#600=ORIENTED_EDGE('',*,*,#1078,.F.);
#601=ORIENTED_EDGE('',*,*,#1074,.T.);
#602=ORIENTED_EDGE('',*,*,#1079,.T.);
#603=ORIENTED_EDGE('',*,*,#1080,.F.);
#604=ORIENTED_EDGE('',*,*,#1081,.F.);
#605=ORIENTED_EDGE('',*,*,#1077,.T.);
#606=ORIENTED_EDGE('',*,*,#1082,.T.);
#607=ORIENTED_EDGE('',*,*,#1083,.F.);
#608=ORIENTED_EDGE('',*,*,#1084,.F.);
#609=ORIENTED_EDGE('',*,*,#1080,.T.);
#610=ORIENTED_EDGE('',*,*,#1085,.T.);
#611=ORIENTED_EDGE('',*,*,#1086,.F.);
#612=ORIENTED_EDGE('',*,*,#1087,.F.);
#613=ORIENTED_EDGE('',*,*,#1083,.T.);
#614=ORIENTED_EDGE('',*,*,#1088,.T.);
#615=ORIENTED_EDGE('',*,*,#1089,.F.);
#616=ORIENTED_EDGE('',*,*,#1090,.F.);
#617=ORIENTED_EDGE('',*,*,#1086,.T.);
#618=ORIENTED_EDGE('',*,*,#1091,.T.);
#619=ORIENTED_EDGE('',*,*,#1092,.F.);
#620=ORIENTED_EDGE('',*,*,#1093,.F.);
#621=ORIENTED_EDGE('',*,*,#1089,.T.);
#622=ORIENTED_EDGE('',*,*,#1094,.T.);
#623=ORIENTED_EDGE('',*,*,#1095,.F.);
#624=ORIENTED_EDGE('',*,*,#1096,.F.);
#625=ORIENTED_EDGE('',*,*,#1092,.T.);
#626=ORIENTED_EDGE('',*,*,#1097,.T.);
#627=ORIENTED_EDGE('',*,*,#1098,.F.);
#628=ORIENTED_EDGE('',*,*,#1099,.F.);
#629=ORIENTED_EDGE('',*,*,#1095,.T.);
#630=ORIENTED_EDGE('',*,*,#1100,.T.);
#631=ORIENTED_EDGE('',*,*,#1101,.F.);
#632=ORIENTED_EDGE('',*,*,#1102,.F.);
#633=ORIENTED_EDGE('',*,*,#1098,.T.);
#634=ORIENTED_EDGE('',*,*,#1103,.T.);
#635=ORIENTED_EDGE('',*,*,#1104,.F.);
#636=ORIENTED_EDGE('',*,*,#1105,.F.);
#637=ORIENTED_EDGE('',*,*,#1101,.T.);
#638=ORIENTED_EDGE('',*,*,#1106,.T.);
#639=ORIENTED_EDGE('',*,*,#1107,.F.);
#640=ORIENTED_EDGE('',*,*,#1108,.F.);
#641=ORIENTED_EDGE('',*,*,#1104,.T.);
#642=ORIENTED_EDGE('',*,*,#1109,.T.);
#643=ORIENTED_EDGE('',*,*,#1110,.F.);
#644=ORIENTED_EDGE('',*,*,#1111,.F.);
#645=ORIENTED_EDGE('',*,*,#1107,.T.);
#646=ORIENTED_EDGE('',*,*,#1112,.T.);
#647=ORIENTED_EDGE('',*,*,#1113,.F.);
#648=ORIENTED_EDGE('',*,*,#1114,.F.);
#649=ORIENTED_EDGE('',*,*,#1110,.T.);
#650=ORIENTED_EDGE('',*,*,#1115,.T.);
#651=ORIENTED_EDGE('',*,*,#1116,.F.);
#652=ORIENTED_EDGE('',*,*,#1117,.F.);
#653=ORIENTED_EDGE('',*,*,#1113,.T.);
#654=ORIENTED_EDGE('',*,*,#1118,.T.);
#655=ORIENTED_EDGE('',*,*,#1119,.F.);
#656=ORIENTED_EDGE('',*,*,#1120,.F.);
#657=ORIENTED_EDGE('',*,*,#1116,.T.);
#658=ORIENTED_EDGE('',*,*,#1121,.T.);
#659=ORIENTED_EDGE('',*,*,#1122,.F.);
#660=ORIENTED_EDGE('',*,*,#1123,.F.);
#661=ORIENTED_EDGE('',*,*,#1119,.T.);
#662=ORIENTED_EDGE('',*,*,#1124,.T.);
#663=ORIENTED_EDGE('',*,*,#1125,.F.);
#664=ORIENTED_EDGE('',*,*,#1126,.F.);
#665=ORIENTED_EDGE('',*,*,#1122,.T.);
#666=ORIENTED_EDGE('',*,*,#1127,.T.);
#667=ORIENTED_EDGE('',*,*,#1128,.F.);
#668=ORIENTED_EDGE('',*,*,#1129,.F.);
#669=ORIENTED_EDGE('',*,*,#1125,.T.);
#670=ORIENTED_EDGE('',*,*,#1130,.T.);
#671=ORIENTED_EDGE('',*,*,#1131,.F.);
#672=ORIENTED_EDGE('',*,*,#1132,.F.);
#673=ORIENTED_EDGE('',*,*,#1128,.T.);
#674=ORIENTED_EDGE('',*,*,#1133,.T.);
#675=ORIENTED_EDGE('',*,*,#1134,.F.);
#676=ORIENTED_EDGE('',*,*,#1135,.F.);
#677=ORIENTED_EDGE('',*,*,#1131,.T.);
#678=ORIENTED_EDGE('',*,*,#1136,.T.);
#679=ORIENTED_EDGE('',*,*,#1137,.F.);
#680=ORIENTED_EDGE('',*,*,#1138,.F.);
#681=ORIENTED_EDGE('',*,*,#1134,.T.);
#682=ORIENTED_EDGE('',*,*,#1139,.T.);
#683=ORIENTED_EDGE('',*,*,#1140,.F.);
#684=ORIENTED_EDGE('',*,*,#1141,.F.);
#685=ORIENTED_EDGE('',*,*,#1137,.T.);
#686=ORIENTED_EDGE('',*,*,#1142,.T.);
#687=ORIENTED_EDGE('',*,*,#1143,.F.);
#688=ORIENTED_EDGE('',*,*,#1144,.F.);
#689=ORIENTED_EDGE('',*,*,#1140,.T.);
#690=ORIENTED_EDGE('',*,*,#1145,.T.);
#691=ORIENTED_EDGE('',*,*,#1146,.F.);
#692=ORIENTED_EDGE('',*,*,#1147,.F.);
#693=ORIENTED_EDGE('',*,*,#1143,.T.);
#694=ORIENTED_EDGE('',*,*,#1148,.T.);
#695=ORIENTED_EDGE('',*,*,#1149,.F.);
#696=ORIENTED_EDGE('',*,*,#1150,.F.);
#697=ORIENTED_EDGE('',*,*,#1146,.T.);
#698=ORIENTED_EDGE('',*,*,#1151,.T.);
#699=ORIENTED_EDGE('',*,*,#1152,.F.);
#700=ORIENTED_EDGE('',*,*,#1153,.F.);
#701=ORIENTED_EDGE('',*,*,#1149,.T.);
#702=ORIENTED_EDGE('',*,*,#1154,.T.);
#703=ORIENTED_EDGE('',*,*,#1155,.F.);
#704=ORIENTED_EDGE('',*,*,#1156,.F.);
#705=ORIENTED_EDGE('',*,*,#1152,.T.);
#706=ORIENTED_EDGE('',*,*,#1157,.T.);
#707=ORIENTED_EDGE('',*,*,#1158,.F.);
#708=ORIENTED_EDGE('',*,*,#1159,.F.);
#709=ORIENTED_EDGE('',*,*,#1155,.T.);
#710=ORIENTED_EDGE('',*,*,#1160,.T.);
#711=ORIENTED_EDGE('',*,*,#1161,.F.);
#712=ORIENTED_EDGE('',*,*,#1162,.F.);
#713=ORIENTED_EDGE('',*,*,#1158,.T.);
#714=ORIENTED_EDGE('',*,*,#1163,.T.);
#715=ORIENTED_EDGE('',*,*,#1164,.F.);
#716=ORIENTED_EDGE('',*,*,#1165,.F.);
#717=ORIENTED_EDGE('',*,*,#1161,.T.);
#718=ORIENTED_EDGE('',*,*,#1166,.T.);
#719=ORIENTED_EDGE('',*,*,#1167,.F.);
#720=ORIENTED_EDGE('',*,*,#1168,.F.);
#721=ORIENTED_EDGE('',*,*,#1164,.T.);
#722=ORIENTED_EDGE('',*,*,#1169,.T.);
#723=ORIENTED_EDGE('',*,*,#1170,.F.);
#724=ORIENTED_EDGE('',*,*,#1171,.F.);
#725=ORIENTED_EDGE('',*,*,#1167,.T.);
#726=ORIENTED_EDGE('',*,*,#1172,.T.);
#727=ORIENTED_EDGE('',*,*,#1173,.F.);
#728=ORIENTED_EDGE('',*,*,#1174,.F.);
#729=ORIENTED_EDGE('',*,*,#1170,.T.);
#730=ORIENTED_EDGE('',*,*,#1175,.T.);
#731=ORIENTED_EDGE('',*,*,#1176,.F.);
#732=ORIENTED_EDGE('',*,*,#1177,.F.);
#733=ORIENTED_EDGE('',*,*,#1173,.T.);
#734=ORIENTED_EDGE('',*,*,#1178,.T.);
#735=ORIENTED_EDGE('',*,*,#1179,.F.);
#736=ORIENTED_EDGE('',*,*,#1180,.F.);
#737=ORIENTED_EDGE('',*,*,#1176,.T.);
#738=ORIENTED_EDGE('',*,*,#1181,.T.);
#739=ORIENTED_EDGE('',*,*,#1182,.F.);
#740=ORIENTED_EDGE('',*,*,#1183,.F.);
#741=ORIENTED_EDGE('',*,*,#1179,.T.);
#742=ORIENTED_EDGE('',*,*,#1184,.T.);
#743=ORIENTED_EDGE('',*,*,#1185,.F.);
#744=ORIENTED_EDGE('',*,*,#1186,.F.);
#745=ORIENTED_EDGE('',*,*,#1182,.T.);
#746=ORIENTED_EDGE('',*,*,#1187,.T.);
#747=ORIENTED_EDGE('',*,*,#1188,.F.);
#748=ORIENTED_EDGE('',*,*,#1189,.F.);
#749=ORIENTED_EDGE('',*,*,#1185,.T.);
#750=ORIENTED_EDGE('',*,*,#1190,.T.);
#751=ORIENTED_EDGE('',*,*,#1191,.F.);
#752=ORIENTED_EDGE('',*,*,#1192,.F.);
#753=ORIENTED_EDGE('',*,*,#1188,.T.);
#754=ORIENTED_EDGE('',*,*,#1193,.T.);
#755=ORIENTED_EDGE('',*,*,#1194,.F.);
#756=ORIENTED_EDGE('',*,*,#1195,.F.);
#757=ORIENTED_EDGE('',*,*,#1191,.T.);
#758=ORIENTED_EDGE('',*,*,#1196,.T.);
#759=ORIENTED_EDGE('',*,*,#970,.F.);
#760=ORIENTED_EDGE('',*,*,#1197,.F.);
#761=ORIENTED_EDGE('',*,*,#1194,.T.);
#762=ORIENTED_EDGE('',*,*,#1198,.F.);
#763=ORIENTED_EDGE('',*,*,#1036,.T.);
#764=ORIENTED_EDGE('',*,*,#1042,.T.);
#765=ORIENTED_EDGE('',*,*,#1045,.T.);
#766=ORIENTED_EDGE('',*,*,#1048,.T.);
#767=ORIENTED_EDGE('',*,*,#1051,.T.);
#768=ORIENTED_EDGE('',*,*,#1054,.T.);
#769=ORIENTED_EDGE('',*,*,#1057,.T.);
#770=ORIENTED_EDGE('',*,*,#1060,.T.);
#771=ORIENTED_EDGE('',*,*,#1063,.T.);
#772=ORIENTED_EDGE('',*,*,#1066,.T.);
#773=ORIENTED_EDGE('',*,*,#1069,.T.);
#774=ORIENTED_EDGE('',*,*,#1072,.T.);
#775=ORIENTED_EDGE('',*,*,#1075,.T.);
#776=ORIENTED_EDGE('',*,*,#1078,.T.);
#777=ORIENTED_EDGE('',*,*,#1081,.T.);
#778=ORIENTED_EDGE('',*,*,#1084,.T.);
#779=ORIENTED_EDGE('',*,*,#1087,.T.);
#780=ORIENTED_EDGE('',*,*,#1090,.T.);
#781=ORIENTED_EDGE('',*,*,#1093,.T.);
#782=ORIENTED_EDGE('',*,*,#1096,.T.);
#783=ORIENTED_EDGE('',*,*,#1099,.T.);
#784=ORIENTED_EDGE('',*,*,#1102,.T.);
#785=ORIENTED_EDGE('',*,*,#1105,.T.);
#786=ORIENTED_EDGE('',*,*,#1108,.T.);
#787=ORIENTED_EDGE('',*,*,#1111,.T.);
#788=ORIENTED_EDGE('',*,*,#1114,.T.);
#789=ORIENTED_EDGE('',*,*,#1117,.T.);
#790=ORIENTED_EDGE('',*,*,#1120,.T.);
#791=ORIENTED_EDGE('',*,*,#1123,.T.);
#792=ORIENTED_EDGE('',*,*,#1126,.T.);
#793=ORIENTED_EDGE('',*,*,#1129,.T.);
#794=ORIENTED_EDGE('',*,*,#1132,.T.);
#795=ORIENTED_EDGE('',*,*,#1135,.T.);
#796=ORIENTED_EDGE('',*,*,#1138,.T.);
#797=ORIENTED_EDGE('',*,*,#1141,.T.);
#798=ORIENTED_EDGE('',*,*,#1144,.T.);
#799=ORIENTED_EDGE('',*,*,#1147,.T.);
#800=ORIENTED_EDGE('',*,*,#1150,.T.);
#801=ORIENTED_EDGE('',*,*,#1153,.T.);
#802=ORIENTED_EDGE('',*,*,#1156,.T.);
#803=ORIENTED_EDGE('',*,*,#1159,.T.);
#804=ORIENTED_EDGE('',*,*,#1162,.T.);
#805=ORIENTED_EDGE('',*,*,#1165,.T.);
#806=ORIENTED_EDGE('',*,*,#1168,.T.);
#807=ORIENTED_EDGE('',*,*,#1171,.T.);
#808=ORIENTED_EDGE('',*,*,#1174,.T.);
#809=ORIENTED_EDGE('',*,*,#1177,.T.);
#810=ORIENTED_EDGE('',*,*,#1180,.T.);
#811=ORIENTED_EDGE('',*,*,#1183,.T.);
#812=ORIENTED_EDGE('',*,*,#1186,.T.);
#813=ORIENTED_EDGE('',*,*,#1189,.T.);
#814=ORIENTED_EDGE('',*,*,#1192,.T.);
#815=ORIENTED_EDGE('',*,*,#1195,.T.);
#816=ORIENTED_EDGE('',*,*,#1197,.T.);
#817=ORIENTED_EDGE('',*,*,#969,.T.);
#818=ORIENTED_EDGE('',*,*,#973,.T.);
#819=ORIENTED_EDGE('',*,*,#976,.T.);
#820=ORIENTED_EDGE('',*,*,#979,.T.);
#821=ORIENTED_EDGE('',*,*,#982,.T.);
#822=ORIENTED_EDGE('',*,*,#985,.T.);
#823=ORIENTED_EDGE('',*,*,#988,.T.);
#824=ORIENTED_EDGE('',*,*,#991,.T.);
#825=ORIENTED_EDGE('',*,*,#994,.T.);
#826=ORIENTED_EDGE('',*,*,#997,.T.);
#827=ORIENTED_EDGE('',*,*,#1000,.T.);
#828=ORIENTED_EDGE('',*,*,#1003,.T.);
#829=ORIENTED_EDGE('',*,*,#1006,.T.);
#830=ORIENTED_EDGE('',*,*,#1009,.T.);
#831=ORIENTED_EDGE('',*,*,#1012,.T.);
#832=ORIENTED_EDGE('',*,*,#1015,.T.);
#833=ORIENTED_EDGE('',*,*,#1018,.T.);
#834=ORIENTED_EDGE('',*,*,#1021,.T.);
#835=ORIENTED_EDGE('',*,*,#1024,.T.);
#836=ORIENTED_EDGE('',*,*,#1027,.T.);
#837=ORIENTED_EDGE('',*,*,#1030,.T.);
#838=ORIENTED_EDGE('',*,*,#1033,.T.);
#839=ORIENTED_EDGE('',*,*,#1035,.T.);
#840=ORIENTED_EDGE('',*,*,#964,.T.);
#841=ORIENTED_EDGE('',*,*,#1199,.F.);
#842=ORIENTED_EDGE('',*,*,#1200,.F.);
#843=ORIENTED_EDGE('',*,*,#1201,.F.);
#844=ORIENTED_EDGE('',*,*,#1038,.F.);
#845=ORIENTED_EDGE('',*,*,#1202,.T.);
#846=ORIENTED_EDGE('',*,*,#1203,.T.);
#847=ORIENTED_EDGE('',*,*,#1204,.T.);
#848=ORIENTED_EDGE('',*,*,#1205,.T.);
#849=ORIENTED_EDGE('',*,*,#966,.F.);
#850=ORIENTED_EDGE('',*,*,#1034,.F.);
#851=ORIENTED_EDGE('',*,*,#1031,.F.);
#852=ORIENTED_EDGE('',*,*,#1028,.F.);
#853=ORIENTED_EDGE('',*,*,#1025,.F.);
#854=ORIENTED_EDGE('',*,*,#1022,.F.);
#855=ORIENTED_EDGE('',*,*,#1019,.F.);
#856=ORIENTED_EDGE('',*,*,#1016,.F.);
#857=ORIENTED_EDGE('',*,*,#1013,.F.);
#858=ORIENTED_EDGE('',*,*,#1010,.F.);
#859=ORIENTED_EDGE('',*,*,#1007,.F.);
#860=ORIENTED_EDGE('',*,*,#1004,.F.);
#861=ORIENTED_EDGE('',*,*,#1001,.F.);
#862=ORIENTED_EDGE('',*,*,#998,.F.);
#863=ORIENTED_EDGE('',*,*,#995,.F.);
#864=ORIENTED_EDGE('',*,*,#992,.F.);
#865=ORIENTED_EDGE('',*,*,#989,.F.);
#866=ORIENTED_EDGE('',*,*,#986,.F.);
#867=ORIENTED_EDGE('',*,*,#983,.F.);
#868=ORIENTED_EDGE('',*,*,#980,.F.);
#869=ORIENTED_EDGE('',*,*,#977,.F.);
#870=ORIENTED_EDGE('',*,*,#974,.F.);
#871=ORIENTED_EDGE('',*,*,#971,.F.);
#872=ORIENTED_EDGE('',*,*,#967,.F.);
#873=ORIENTED_EDGE('',*,*,#1196,.F.);
#874=ORIENTED_EDGE('',*,*,#1193,.F.);
#875=ORIENTED_EDGE('',*,*,#1190,.F.);
#876=ORIENTED_EDGE('',*,*,#1187,.F.);
#877=ORIENTED_EDGE('',*,*,#1184,.F.);
#878=ORIENTED_EDGE('',*,*,#1181,.F.);
#879=ORIENTED_EDGE('',*,*,#1178,.F.);
#880=ORIENTED_EDGE('',*,*,#1175,.F.);
#881=ORIENTED_EDGE('',*,*,#1172,.F.);
#882=ORIENTED_EDGE('',*,*,#1169,.F.);
#883=ORIENTED_EDGE('',*,*,#1166,.F.);
#884=ORIENTED_EDGE('',*,*,#1163,.F.);
#885=ORIENTED_EDGE('',*,*,#1160,.F.);
#886=ORIENTED_EDGE('',*,*,#1157,.F.);
#887=ORIENTED_EDGE('',*,*,#1154,.F.);
#888=ORIENTED_EDGE('',*,*,#1151,.F.);
#889=ORIENTED_EDGE('',*,*,#1148,.F.);
#890=ORIENTED_EDGE('',*,*,#1145,.F.);
#891=ORIENTED_EDGE('',*,*,#1142,.F.);
#892=ORIENTED_EDGE('',*,*,#1139,.F.);
#893=ORIENTED_EDGE('',*,*,#1136,.F.);
#894=ORIENTED_EDGE('',*,*,#1133,.F.);
#895=ORIENTED_EDGE('',*,*,#1130,.F.);
#896=ORIENTED_EDGE('',*,*,#1127,.F.);
#897=ORIENTED_EDGE('',*,*,#1124,.F.);
#898=ORIENTED_EDGE('',*,*,#1121,.F.);
#899=ORIENTED_EDGE('',*,*,#1118,.F.);
#900=ORIENTED_EDGE('',*,*,#1115,.F.);
#901=ORIENTED_EDGE('',*,*,#1112,.F.);
#902=ORIENTED_EDGE('',*,*,#1109,.F.);
#903=ORIENTED_EDGE('',*,*,#1106,.F.);
#904=ORIENTED_EDGE('',*,*,#1103,.F.);
#905=ORIENTED_EDGE('',*,*,#1100,.F.);
#906=ORIENTED_EDGE('',*,*,#1097,.F.);
#907=ORIENTED_EDGE('',*,*,#1094,.F.);
#908=ORIENTED_EDGE('',*,*,#1091,.F.);
#909=ORIENTED_EDGE('',*,*,#1088,.F.);
#910=ORIENTED_EDGE('',*,*,#1085,.F.);
#911=ORIENTED_EDGE('',*,*,#1082,.F.);
#912=ORIENTED_EDGE('',*,*,#1079,.F.);
#913=ORIENTED_EDGE('',*,*,#1076,.F.);
#914=ORIENTED_EDGE('',*,*,#1073,.F.);
#915=ORIENTED_EDGE('',*,*,#1070,.F.);
#916=ORIENTED_EDGE('',*,*,#1067,.F.);
#917=ORIENTED_EDGE('',*,*,#1064,.F.);
#918=ORIENTED_EDGE('',*,*,#1061,.F.);
#919=ORIENTED_EDGE('',*,*,#1058,.F.);
#920=ORIENTED_EDGE('',*,*,#1055,.F.);
#921=ORIENTED_EDGE('',*,*,#1052,.F.);
#922=ORIENTED_EDGE('',*,*,#1049,.F.);
#923=ORIENTED_EDGE('',*,*,#1046,.F.);
#924=ORIENTED_EDGE('',*,*,#1043,.F.);
#925=ORIENTED_EDGE('',*,*,#1040,.F.);
#926=ORIENTED_EDGE('',*,*,#1201,.T.);
#927=ORIENTED_EDGE('',*,*,#1206,.T.);
#928=ORIENTED_EDGE('',*,*,#1203,.F.);
#929=ORIENTED_EDGE('',*,*,#1207,.F.);
#930=ORIENTED_EDGE('',*,*,#1198,.T.);
#931=ORIENTED_EDGE('',*,*,#1207,.T.);
#932=ORIENTED_EDGE('',*,*,#1202,.F.);
#933=ORIENTED_EDGE('',*,*,#1037,.F.);
#934=ORIENTED_EDGE('',*,*,#1199,.T.);
#935=ORIENTED_EDGE('',*,*,#963,.T.);
#936=ORIENTED_EDGE('',*,*,#1205,.F.);
#937=ORIENTED_EDGE('',*,*,#1208,.F.);
#938=ORIENTED_EDGE('',*,*,#1200,.T.);
#939=ORIENTED_EDGE('',*,*,#1208,.T.);
#940=ORIENTED_EDGE('',*,*,#1204,.F.);
#941=ORIENTED_EDGE('',*,*,#1206,.F.);
#942=ORIENTED_EDGE('',*,*,#1209,.F.);
#943=ORIENTED_EDGE('',*,*,#1210,.T.);
#944=ORIENTED_EDGE('',*,*,#1211,.F.);
#945=ORIENTED_EDGE('',*,*,#1209,.T.);
#946=ORIENTED_EDGE('',*,*,#1212,.F.);
#947=ORIENTED_EDGE('',*,*,#1211,.T.);
#948=ORIENTED_EDGE('',*,*,#1212,.T.);
#949=ORIENTED_EDGE('',*,*,#1213,.F.);
#950=ORIENTED_EDGE('',*,*,#1214,.F.);
#951=ORIENTED_EDGE('',*,*,#1213,.T.);
#952=ORIENTED_EDGE('',*,*,#1215,.F.);
#953=ORIENTED_EDGE('',*,*,#1214,.T.);
#954=ORIENTED_EDGE('',*,*,#1210,.F.);
#955=ORIENTED_EDGE('',*,*,#1215,.T.);
#956=EDGE_CURVE('',#1216,#1216,#1394,.T.);
#957=EDGE_CURVE('',#1217,#1217,#1395,.T.);
#958=EDGE_CURVE('',#1218,#1218,#1396,.T.);
#959=EDGE_CURVE('',#1219,#1219,#1397,.T.);
#960=EDGE_CURVE('',#1220,#1220,#1398,.T.);
#961=EDGE_CURVE('',#1221,#1221,#1399,.T.);
#962=EDGE_CURVE('',#1222,#1222,#1400,.T.);
#963=EDGE_CURVE('',#1223,#1224,#18,.T.);
#964=EDGE_CURVE('',#1225,#1223,#19,.T.);
#965=EDGE_CURVE('',#1225,#1226,#20,.T.);
#966=EDGE_CURVE('',#1226,#1224,#21,.T.);
#967=EDGE_CURVE('',#1227,#1228,#1401,.T.);
#968=EDGE_CURVE('',#1229,#1228,#22,.T.);
#969=EDGE_CURVE('',#1230,#1229,#1402,.T.);
#970=EDGE_CURVE('',#1230,#1227,#23,.T.);
#971=EDGE_CURVE('',#1228,#1231,#24,.T.);
#972=EDGE_CURVE('',#1232,#1231,#25,.T.);
#973=EDGE_CURVE('',#1229,#1232,#26,.T.);
#974=EDGE_CURVE('',#1231,#1233,#27,.T.);
#975=EDGE_CURVE('',#1234,#1233,#28,.T.);
#976=EDGE_CURVE('',#1232,#1234,#29,.T.);
#977=EDGE_CURVE('',#1233,#1235,#1403,.T.);
#978=EDGE_CURVE('',#1236,#1235,#30,.T.);
#979=EDGE_CURVE('',#1234,#1236,#1404,.T.);
#980=EDGE_CURVE('',#1235,#1237,#31,.T.);
#981=EDGE_CURVE('',#1238,#1237,#32,.T.);
#982=EDGE_CURVE('',#1236,#1238,#33,.T.);
#983=EDGE_CURVE('',#1237,#1239,#1405,.T.);
#984=EDGE_CURVE('',#1240,#1239,#34,.T.);
#985=EDGE_CURVE('',#1238,#1240,#1406,.T.);
#986=EDGE_CURVE('',#1239,#1241,#35,.T.);
#987=EDGE_CURVE('',#1242,#1241,#36,.T.);
#988=EDGE_CURVE('',#1240,#1242,#37,.T.);
#989=EDGE_CURVE('',#1241,#1243,#1407,.T.);
#990=EDGE_CURVE('',#1244,#1243,#38,.T.);
#991=EDGE_CURVE('',#1242,#1244,#1408,.T.);
#992=EDGE_CURVE('',#1243,#1245,#39,.T.);
#993=EDGE_CURVE('',#1246,#1245,#40,.T.);
#994=EDGE_CURVE('',#1244,#1246,#41,.T.);
#995=EDGE_CURVE('',#1245,#1247,#42,.T.);
#996=EDGE_CURVE('',#1248,#1247,#43,.T.);
#997=EDGE_CURVE('',#1246,#1248,#44,.T.);
#998=EDGE_CURVE('',#1247,#1249,#45,.T.);
#999=EDGE_CURVE('',#1250,#1249,#46,.T.);
#1000=EDGE_CURVE('',#1248,#1250,#47,.T.);
#1001=EDGE_CURVE('',#1249,#1251,#48,.T.);
#1002=EDGE_CURVE('',#1252,#1251,#49,.T.);
#1003=EDGE_CURVE('',#1250,#1252,#50,.T.);
#1004=EDGE_CURVE('',#1251,#1253,#1409,.T.);
#1005=EDGE_CURVE('',#1254,#1253,#51,.T.);
#1006=EDGE_CURVE('',#1252,#1254,#1410,.T.);
#1007=EDGE_CURVE('',#1253,#1255,#52,.T.);
#1008=EDGE_CURVE('',#1256,#1255,#53,.T.);
#1009=EDGE_CURVE('',#1254,#1256,#54,.T.);
#1010=EDGE_CURVE('',#1255,#1257,#1411,.T.);
#1011=EDGE_CURVE('',#1258,#1257,#55,.T.);
#1012=EDGE_CURVE('',#1256,#1258,#1412,.T.);
#1013=EDGE_CURVE('',#1257,#1259,#1413,.T.);
#1014=EDGE_CURVE('',#1260,#1259,#56,.T.);
#1015=EDGE_CURVE('',#1258,#1260,#1414,.T.);
#1016=EDGE_CURVE('',#1259,#1261,#57,.T.);
#1017=EDGE_CURVE('',#1262,#1261,#58,.T.);
#1018=EDGE_CURVE('',#1260,#1262,#59,.T.);
#1019=EDGE_CURVE('',#1261,#1263,#1415,.T.);
#1020=EDGE_CURVE('',#1264,#1263,#60,.T.);
#1021=EDGE_CURVE('',#1262,#1264,#1416,.T.);
#1022=EDGE_CURVE('',#1263,#1265,#61,.T.);
#1023=EDGE_CURVE('',#1266,#1265,#62,.T.);
#1024=EDGE_CURVE('',#1264,#1266,#63,.T.);
#1025=EDGE_CURVE('',#1265,#1267,#1417,.T.);
#1026=EDGE_CURVE('',#1268,#1267,#64,.T.);
#1027=EDGE_CURVE('',#1266,#1268,#1418,.T.);
#1028=EDGE_CURVE('',#1267,#1269,#65,.T.);
#1029=EDGE_CURVE('',#1270,#1269,#66,.T.);
#1030=EDGE_CURVE('',#1268,#1270,#67,.T.);
#1031=EDGE_CURVE('',#1269,#1271,#68,.T.);
#1032=EDGE_CURVE('',#1272,#1271,#69,.T.);
#1033=EDGE_CURVE('',#1270,#1272,#70,.T.);
#1034=EDGE_CURVE('',#1271,#1226,#71,.T.);
#1035=EDGE_CURVE('',#1272,#1225,#72,.T.);
#1036=EDGE_CURVE('',#1273,#1274,#73,.T.);
#1037=EDGE_CURVE('',#1273,#1275,#74,.T.);
#1038=EDGE_CURVE('',#1275,#1276,#75,.T.);
#1039=EDGE_CURVE('',#1274,#1276,#76,.T.);
#1040=EDGE_CURVE('',#1276,#1277,#77,.T.);
#1041=EDGE_CURVE('',#1278,#1277,#78,.T.);
#1042=EDGE_CURVE('',#1274,#1278,#79,.T.);
#1043=EDGE_CURVE('',#1277,#1279,#80,.T.);
#1044=EDGE_CURVE('',#1280,#1279,#81,.T.);
#1045=EDGE_CURVE('',#1278,#1280,#82,.T.);
#1046=EDGE_CURVE('',#1279,#1281,#1419,.T.);
#1047=EDGE_CURVE('',#1282,#1281,#83,.T.);
#1048=EDGE_CURVE('',#1280,#1282,#1420,.T.);
#1049=EDGE_CURVE('',#1281,#1283,#84,.T.);
#1050=EDGE_CURVE('',#1284,#1283,#85,.T.);
#1051=EDGE_CURVE('',#1282,#1284,#86,.T.);
#1052=EDGE_CURVE('',#1283,#1285,#1421,.T.);
#1053=EDGE_CURVE('',#1286,#1285,#87,.T.);
#1054=EDGE_CURVE('',#1284,#1286,#1422,.T.);
#1055=EDGE_CURVE('',#1285,#1287,#88,.T.);
#1056=EDGE_CURVE('',#1288,#1287,#89,.T.);
#1057=EDGE_CURVE('',#1286,#1288,#90,.T.);
#1058=EDGE_CURVE('',#1287,#1289,#91,.T.);
#1059=EDGE_CURVE('',#1290,#1289,#92,.T.);
#1060=EDGE_CURVE('',#1288,#1290,#93,.T.);
#1061=EDGE_CURVE('',#1289,#1291,#1423,.T.);
#1062=EDGE_CURVE('',#1292,#1291,#94,.T.);
#1063=EDGE_CURVE('',#1290,#1292,#1424,.T.);
#1064=EDGE_CURVE('',#1291,#1293,#95,.T.);
#1065=EDGE_CURVE('',#1294,#1293,#96,.T.);
#1066=EDGE_CURVE('',#1292,#1294,#97,.T.);
#1067=EDGE_CURVE('',#1293,#1295,#1425,.T.);
#1068=EDGE_CURVE('',#1296,#1295,#98,.T.);
#1069=EDGE_CURVE('',#1294,#1296,#1426,.T.);
#1070=EDGE_CURVE('',#1295,#1297,#99,.T.);
#1071=EDGE_CURVE('',#1298,#1297,#100,.T.);
#1072=EDGE_CURVE('',#1296,#1298,#101,.T.);
#1073=EDGE_CURVE('',#1297,#1299,#1427,.T.);
#1074=EDGE_CURVE('',#1300,#1299,#102,.T.);
#1075=EDGE_CURVE('',#1298,#1300,#1428,.T.);
#1076=EDGE_CURVE('',#1299,#1301,#103,.T.);
#1077=EDGE_CURVE('',#1302,#1301,#104,.T.);
#1078=EDGE_CURVE('',#1300,#1302,#105,.T.);
#1079=EDGE_CURVE('',#1301,#1303,#106,.T.);
#1080=EDGE_CURVE('',#1304,#1303,#107,.T.);
#1081=EDGE_CURVE('',#1302,#1304,#108,.T.);
#1082=EDGE_CURVE('',#1303,#1305,#109,.T.);
#1083=EDGE_CURVE('',#1306,#1305,#110,.T.);
#1084=EDGE_CURVE('',#1304,#1306,#111,.T.);
#1085=EDGE_CURVE('',#1305,#1307,#1429,.T.);
#1086=EDGE_CURVE('',#1308,#1307,#112,.T.);
#1087=EDGE_CURVE('',#1306,#1308,#1430,.T.);
#1088=EDGE_CURVE('',#1307,#1309,#113,.T.);
#1089=EDGE_CURVE('',#1310,#1309,#114,.T.);
#1090=EDGE_CURVE('',#1308,#1310,#115,.T.);
#1091=EDGE_CURVE('',#1309,#1311,#1431,.T.);
#1092=EDGE_CURVE('',#1312,#1311,#116,.T.);
#1093=EDGE_CURVE('',#1310,#1312,#1432,.T.);
#1094=EDGE_CURVE('',#1311,#1313,#117,.T.);
#1095=EDGE_CURVE('',#1314,#1313,#118,.T.);
#1096=EDGE_CURVE('',#1312,#1314,#119,.T.);
#1097=EDGE_CURVE('',#1313,#1315,#120,.T.);
#1098=EDGE_CURVE('',#1316,#1315,#121,.T.);
#1099=EDGE_CURVE('',#1314,#1316,#122,.T.);
#1100=EDGE_CURVE('',#1315,#1317,#123,.T.);
#1101=EDGE_CURVE('',#1318,#1317,#124,.T.);
#1102=EDGE_CURVE('',#1316,#1318,#125,.T.);
#1103=EDGE_CURVE('',#1317,#1319,#1433,.T.);
#1104=EDGE_CURVE('',#1320,#1319,#126,.T.);
#1105=EDGE_CURVE('',#1318,#1320,#1434,.T.);
#1106=EDGE_CURVE('',#1319,#1321,#127,.T.);
#1107=EDGE_CURVE('',#1322,#1321,#128,.T.);
#1108=EDGE_CURVE('',#1320,#1322,#129,.T.);
#1109=EDGE_CURVE('',#1321,#1323,#1435,.T.);
#1110=EDGE_CURVE('',#1324,#1323,#130,.T.);
#1111=EDGE_CURVE('',#1322,#1324,#1436,.T.);
#1112=EDGE_CURVE('',#1323,#1325,#131,.T.);
#1113=EDGE_CURVE('',#1326,#1325,#132,.T.);
#1114=EDGE_CURVE('',#1324,#1326,#133,.T.);
#1115=EDGE_CURVE('',#1325,#1327,#134,.T.);
#1116=EDGE_CURVE('',#1328,#1327,#135,.T.);
#1117=EDGE_CURVE('',#1326,#1328,#136,.T.);
#1118=EDGE_CURVE('',#1327,#1329,#137,.T.);
#1119=EDGE_CURVE('',#1330,#1329,#138,.T.);
#1120=EDGE_CURVE('',#1328,#1330,#139,.T.);
#1121=EDGE_CURVE('',#1329,#1331,#1437,.T.);
#1122=EDGE_CURVE('',#1332,#1331,#140,.T.);
#1123=EDGE_CURVE('',#1330,#1332,#1438,.T.);
#1124=EDGE_CURVE('',#1331,#1333,#141,.T.);
#1125=EDGE_CURVE('',#1334,#1333,#142,.T.);
#1126=EDGE_CURVE('',#1332,#1334,#143,.T.);
#1127=EDGE_CURVE('',#1333,#1335,#1439,.T.);
#1128=EDGE_CURVE('',#1336,#1335,#144,.T.);
#1129=EDGE_CURVE('',#1334,#1336,#1440,.T.);
#1130=EDGE_CURVE('',#1335,#1337,#145,.T.);
#1131=EDGE_CURVE('',#1338,#1337,#146,.T.);
#1132=EDGE_CURVE('',#1336,#1338,#147,.T.);
#1133=EDGE_CURVE('',#1337,#1339,#148,.T.);
#1134=EDGE_CURVE('',#1340,#1339,#149,.T.);
#1135=EDGE_CURVE('',#1338,#1340,#150,.T.);
#1136=EDGE_CURVE('',#1339,#1341,#151,.T.);
#1137=EDGE_CURVE('',#1342,#1341,#152,.T.);
#1138=EDGE_CURVE('',#1340,#1342,#153,.T.);
#1139=EDGE_CURVE('',#1341,#1343,#1441,.T.);
#1140=EDGE_CURVE('',#1344,#1343,#154,.T.);
#1141=EDGE_CURVE('',#1342,#1344,#1442,.T.);
#1142=EDGE_CURVE('',#1343,#1345,#1443,.T.);
#1143=EDGE_CURVE('',#1346,#1345,#155,.T.);
#1144=EDGE_CURVE('',#1344,#1346,#1444,.T.);
#1145=EDGE_CURVE('',#1345,#1347,#156,.T.);
#1146=EDGE_CURVE('',#1348,#1347,#157,.T.);
#1147=EDGE_CURVE('',#1346,#1348,#158,.T.);
#1148=EDGE_CURVE('',#1347,#1349,#159,.T.);
#1149=EDGE_CURVE('',#1350,#1349,#160,.T.);
#1150=EDGE_CURVE('',#1348,#1350,#161,.T.);
#1151=EDGE_CURVE('',#1349,#1351,#162,.T.);
#1152=EDGE_CURVE('',#1352,#1351,#163,.T.);
#1153=EDGE_CURVE('',#1350,#1352,#164,.T.);
#1154=EDGE_CURVE('',#1351,#1353,#1445,.T.);
#1155=EDGE_CURVE('',#1354,#1353,#165,.T.);
#1156=EDGE_CURVE('',#1352,#1354,#1446,.T.);
#1157=EDGE_CURVE('',#1353,#1355,#166,.T.);
#1158=EDGE_CURVE('',#1356,#1355,#167,.T.);
#1159=EDGE_CURVE('',#1354,#1356,#168,.T.);
#1160=EDGE_CURVE('',#1355,#1357,#1447,.T.);
#1161=EDGE_CURVE('',#1358,#1357,#169,.T.);
#1162=EDGE_CURVE('',#1356,#1358,#1448,.T.);
#1163=EDGE_CURVE('',#1357,#1359,#1449,.T.);
#1164=EDGE_CURVE('',#1360,#1359,#170,.T.);
#1165=EDGE_CURVE('',#1358,#1360,#1450,.T.);
#1166=EDGE_CURVE('',#1359,#1361,#171,.T.);
#1167=EDGE_CURVE('',#1362,#1361,#172,.T.);
#1168=EDGE_CURVE('',#1360,#1362,#173,.T.);
#1169=EDGE_CURVE('',#1361,#1363,#174,.T.);
#1170=EDGE_CURVE('',#1364,#1363,#175,.T.);
#1171=EDGE_CURVE('',#1362,#1364,#176,.T.);
#1172=EDGE_CURVE('',#1363,#1365,#177,.T.);
#1173=EDGE_CURVE('',#1366,#1365,#178,.T.);
#1174=EDGE_CURVE('',#1364,#1366,#179,.T.);
#1175=EDGE_CURVE('',#1365,#1367,#1451,.T.);
#1176=EDGE_CURVE('',#1368,#1367,#180,.T.);
#1177=EDGE_CURVE('',#1366,#1368,#1452,.T.);
#1178=EDGE_CURVE('',#1367,#1369,#181,.T.);
#1179=EDGE_CURVE('',#1370,#1369,#182,.T.);
#1180=EDGE_CURVE('',#1368,#1370,#183,.T.);
#1181=EDGE_CURVE('',#1369,#1371,#1453,.T.);
#1182=EDGE_CURVE('',#1372,#1371,#184,.T.);
#1183=EDGE_CURVE('',#1370,#1372,#1454,.T.);
#1184=EDGE_CURVE('',#1371,#1373,#185,.T.);
#1185=EDGE_CURVE('',#1374,#1373,#186,.T.);
#1186=EDGE_CURVE('',#1372,#1374,#187,.T.);
#1187=EDGE_CURVE('',#1373,#1375,#188,.T.);
#1188=EDGE_CURVE('',#1376,#1375,#189,.T.);
#1189=EDGE_CURVE('',#1374,#1376,#190,.T.);
#1190=EDGE_CURVE('',#1375,#1377,#191,.T.);
#1191=EDGE_CURVE('',#1378,#1377,#192,.T.);
#1192=EDGE_CURVE('',#1376,#1378,#193,.T.);
#1193=EDGE_CURVE('',#1377,#1379,#1455,.T.);
#1194=EDGE_CURVE('',#1380,#1379,#194,.T.);
#1195=EDGE_CURVE('',#1378,#1380,#1456,.T.);
#1196=EDGE_CURVE('',#1379,#1227,#195,.T.);
#1197=EDGE_CURVE('',#1380,#1230,#196,.T.);
#1198=EDGE_CURVE('',#1273,#1381,#197,.T.);
#1199=EDGE_CURVE('',#1382,#1223,#198,.T.);
#1200=EDGE_CURVE('',#1383,#1382,#199,.T.);
#1201=EDGE_CURVE('',#1381,#1383,#200,.T.);
#1202=EDGE_CURVE('',#1275,#1384,#201,.T.);
#1203=EDGE_CURVE('',#1384,#1385,#202,.T.);
#1204=EDGE_CURVE('',#1385,#1386,#203,.T.);
#1205=EDGE_CURVE('',#1386,#1224,#204,.T.);
#1206=EDGE_CURVE('',#1383,#1385,#205,.T.);
#1207=EDGE_CURVE('',#1381,#1384,#206,.T.);
#1208=EDGE_CURVE('',#1382,#1386,#207,.T.);
#1209=EDGE_CURVE('',#1387,#1387,#1457,.T.);
#1210=EDGE_CURVE('',#1388,#1388,#1458,.T.);
#1211=EDGE_CURVE('',#1389,#1389,#1459,.T.);
#1212=EDGE_CURVE('',#1390,#1390,#1460,.T.);
#1213=EDGE_CURVE('',#1391,#1391,#1461,.T.);
#1214=EDGE_CURVE('',#1392,#1392,#1462,.T.);
#1215=EDGE_CURVE('',#1393,#1393,#1463,.T.);
#1216=VERTEX_POINT('',#2589);
#1217=VERTEX_POINT('',#2591);
#1218=VERTEX_POINT('',#2594);
#1219=VERTEX_POINT('',#2597);
#1220=VERTEX_POINT('',#2601);
#1221=VERTEX_POINT('',#2604);
#1222=VERTEX_POINT('',#2607);
#1223=VERTEX_POINT('',#2611);
#1224=VERTEX_POINT('',#2612);
#1225=VERTEX_POINT('',#2614);
#1226=VERTEX_POINT('',#2616);
#1227=VERTEX_POINT('',#2620);
#1228=VERTEX_POINT('',#2621);
#1229=VERTEX_POINT('',#2623);
#1230=VERTEX_POINT('',#2625);
#1231=VERTEX_POINT('',#2629);
#1232=VERTEX_POINT('',#2631);
#1233=VERTEX_POINT('',#2635);
#1234=VERTEX_POINT('',#2637);
#1235=VERTEX_POINT('',#2641);
#1236=VERTEX_POINT('',#2643);
#1237=VERTEX_POINT('',#2647);
#1238=VERTEX_POINT('',#2649);
#1239=VERTEX_POINT('',#2653);
#1240=VERTEX_POINT('',#2655);
#1241=VERTEX_POINT('',#2659);
#1242=VERTEX_POINT('',#2661);
#1243=VERTEX_POINT('',#2665);
#1244=VERTEX_POINT('',#2667);
#1245=VERTEX_POINT('',#2671);
#1246=VERTEX_POINT('',#2673);
#1247=VERTEX_POINT('',#2677);
#1248=VERTEX_POINT('',#2679);
#1249=VERTEX_POINT('',#2683);
#1250=VERTEX_POINT('',#2685);
#1251=VERTEX_POINT('',#2689);
#1252=VERTEX_POINT('',#2691);
#1253=VERTEX_POINT('',#2695);
#1254=VERTEX_POINT('',#2697);
#1255=VERTEX_POINT('',#2701);
#1256=VERTEX_POINT('',#2703);
#1257=VERTEX_POINT('',#2707);
#1258=VERTEX_POINT('',#2709);
#1259=VERTEX_POINT('',#2713);
#1260=VERTEX_POINT('',#2715);
#1261=VERTEX_POINT('',#2719);
#1262=VERTEX_POINT('',#2721);
#1263=VERTEX_POINT('',#2725);
#1264=VERTEX_POINT('',#2727);
#1265=VERTEX_POINT('',#2731);
#1266=VERTEX_POINT('',#2733);
#1267=VERTEX_POINT('',#2737);
#1268=VERTEX_POINT('',#2739);
#1269=VERTEX_POINT('',#2743);
#1270=VERTEX_POINT('',#2745);
#1271=VERTEX_POINT('',#2749);
#1272=VERTEX_POINT('',#2751);
#1273=VERTEX_POINT('',#2758);
#1274=VERTEX_POINT('',#2759);
#1275=VERTEX_POINT('',#2761);
#1276=VERTEX_POINT('',#2763);
#1277=VERTEX_POINT('',#2767);
#1278=VERTEX_POINT('',#2769);
#1279=VERTEX_POINT('',#2773);
#1280=VERTEX_POINT('',#2775);
#1281=VERTEX_POINT('',#2779);
#1282=VERTEX_POINT('',#2781);
#1283=VERTEX_POINT('',#2785);
#1284=VERTEX_POINT('',#2787);
#1285=VERTEX_POINT('',#2791);
#1286=VERTEX_POINT('',#2793);
#1287=VERTEX_POINT('',#2797);
#1288=VERTEX_POINT('',#2799);
#1289=VERTEX_POINT('',#2803);
#1290=VERTEX_POINT('',#2805);
#1291=VERTEX_POINT('',#2809);
#1292=VERTEX_POINT('',#2811);
#1293=VERTEX_POINT('',#2815);
#1294=VERTEX_POINT('',#2817);
#1295=VERTEX_POINT('',#2821);
#1296=VERTEX_POINT('',#2823);
#1297=VERTEX_POINT('',#2827);
#1298=VERTEX_POINT('',#2829);
#1299=VERTEX_POINT('',#2833);
#1300=VERTEX_POINT('',#2835);
#1301=VERTEX_POINT('',#2839);
#1302=VERTEX_POINT('',#2841);
#1303=VERTEX_POINT('',#2845);
#1304=VERTEX_POINT('',#2847);
#1305=VERTEX_POINT('',#2851);
#1306=VERTEX_POINT('',#2853);
#1307=VERTEX_POINT('',#2857);
#1308=VERTEX_POINT('',#2859);
#1309=VERTEX_POINT('',#2863);
#1310=VERTEX_POINT('',#2865);
#1311=VERTEX_POINT('',#2869);
#1312=VERTEX_POINT('',#2871);
#1313=VERTEX_POINT('',#2875);
#1314=VERTEX_POINT('',#2877);
#1315=VERTEX_POINT('',#2881);
#1316=VERTEX_POINT('',#2883);
#1317=VERTEX_POINT('',#2887);
#1318=VERTEX_POINT('',#2889);
#1319=VERTEX_POINT('',#2893);
#1320=VERTEX_POINT('',#2895);
#1321=VERTEX_POINT('',#2899);
#1322=VERTEX_POINT('',#2901);
#1323=VERTEX_POINT('',#2905);
#1324=VERTEX_POINT('',#2907);
#1325=VERTEX_POINT('',#2911);
#1326=VERTEX_POINT('',#2913);
#1327=VERTEX_POINT('',#2917);
#1328=VERTEX_POINT('',#2919);
#1329=VERTEX_POINT('',#2923);
#1330=VERTEX_POINT('',#2925);
#1331=VERTEX_POINT('',#2929);
#1332=VERTEX_POINT('',#2931);
#1333=VERTEX_POINT('',#2935);
#1334=VERTEX_POINT('',#2937);
#1335=VERTEX_POINT('',#2941);
#1336=VERTEX_POINT('',#2943);
#1337=VERTEX_POINT('',#2947);
#1338=VERTEX_POINT('',#2949);
#1339=VERTEX_POINT('',#2953);
#1340=VERTEX_POINT('',#2955);
#1341=VERTEX_POINT('',#2959);
#1342=VERTEX_POINT('',#2961);
#1343=VERTEX_POINT('',#2965);
#1344=VERTEX_POINT('',#2967);
#1345=VERTEX_POINT('',#2971);
#1346=VERTEX_POINT('',#2973);
#1347=VERTEX_POINT('',#2977);
#1348=VERTEX_POINT('',#2979);
#1349=VERTEX_POINT('',#2983);
#1350=VERTEX_POINT('',#2985);
#1351=VERTEX_POINT('',#2989);
#1352=VERTEX_POINT('',#2991);
#1353=VERTEX_POINT('',#2995);
#1354=VERTEX_POINT('',#2997);
#1355=VERTEX_POINT('',#3001);
#1356=VERTEX_POINT('',#3003);
#1357=VERTEX_POINT('',#3007);
#1358=VERTEX_POINT('',#3009);
#1359=VERTEX_POINT('',#3013);
#1360=VERTEX_POINT('',#3015);
#1361=VERTEX_POINT('',#3019);
#1362=VERTEX_POINT('',#3021);
#1363=VERTEX_POINT('',#3025);
#1364=VERTEX_POINT('',#3027);
#1365=VERTEX_POINT('',#3031);
#1366=VERTEX_POINT('',#3033);
#1367=VERTEX_POINT('',#3037);
#1368=VERTEX_POINT('',#3039);
#1369=VERTEX_POINT('',#3043);
#1370=VERTEX_POINT('',#3045);
#1371=VERTEX_POINT('',#3049);
#1372=VERTEX_POINT('',#3051);
#1373=VERTEX_POINT('',#3055);
#1374=VERTEX_POINT('',#3057);
#1375=VERTEX_POINT('',#3061);
#1376=VERTEX_POINT('',#3063);
#1377=VERTEX_POINT('',#3067);
#1378=VERTEX_POINT('',#3069);
#1379=VERTEX_POINT('',#3073);
#1380=VERTEX_POINT('',#3075);
#1381=VERTEX_POINT('',#3082);
#1382=VERTEX_POINT('',#3084);
#1383=VERTEX_POINT('',#3086);
#1384=VERTEX_POINT('',#3090);
#1385=VERTEX_POINT('',#3092);
#1386=VERTEX_POINT('',#3094);
#1387=VERTEX_POINT('',#3105);
#1388=VERTEX_POINT('',#3107);
#1389=VERTEX_POINT('',#3110);
#1390=VERTEX_POINT('',#3113);
#1391=VERTEX_POINT('',#3117);
#1392=VERTEX_POINT('',#3120);
#1393=VERTEX_POINT('',#3123);
#1394=CIRCLE('',#1885,1.13139740950238);
#1395=CIRCLE('',#1886,0.888175468291289);
#1396=CIRCLE('',#1888,1.13139740950238);
#1397=CIRCLE('',#1890,0.33779430860182);
#1398=CIRCLE('',#1893,1.08828933157361);
#1399=CIRCLE('',#1895,1.08828933157361);
#1400=CIRCLE('',#1897,0.888175468291289);
#1401=CIRCLE('',#1901,0.5);
#1402=CIRCLE('',#1902,0.5);
#1403=CIRCLE('',#1906,0.5);
#1404=CIRCLE('',#1907,0.5);
#1405=CIRCLE('',#1910,0.5);
#1406=CIRCLE('',#1911,0.5);
#1407=CIRCLE('',#1914,0.5);
#1408=CIRCLE('',#1915,0.5);
#1409=CIRCLE('',#1921,0.651033454859909);
#1410=CIRCLE('',#1922,0.651033454859909);
#1411=CIRCLE('',#1925,1.37925081038787);
#1412=CIRCLE('',#1926,1.37925081038787);
#1413=CIRCLE('',#1928,4.95854636963457);
#1414=CIRCLE('',#1929,4.95854636963457);
#1415=CIRCLE('',#1932,3.00468401315586);
#1416=CIRCLE('',#1933,3.00468401315586);
#1417=CIRCLE('',#1936,0.412431143066688);
#1418=CIRCLE('',#1937,0.412431143066688);
#1419=CIRCLE('',#1945,0.5);
#1420=CIRCLE('',#1946,0.5);
#1421=CIRCLE('',#1949,0.5);
#1422=CIRCLE('',#1950,0.5);
#1423=CIRCLE('',#1954,0.356863907234921);
#1424=CIRCLE('',#1955,0.356863907234921);
#1425=CIRCLE('',#1958,0.5);
#1426=CIRCLE('',#1959,0.5);
#1427=CIRCLE('',#1962,0.5);
#1428=CIRCLE('',#1963,0.5);
#1429=CIRCLE('',#1968,0.5);
#1430=CIRCLE('',#1969,0.5);
#1431=CIRCLE('',#1972,0.5);
#1432=CIRCLE('',#1973,0.5);
#1433=CIRCLE('',#1978,0.5);
#1434=CIRCLE('',#1979,0.5);
#1435=CIRCLE('',#1982,0.5);
#1436=CIRCLE('',#1983,0.5);
#1437=CIRCLE('',#1988,0.5);
#1438=CIRCLE('',#1989,0.5);
#1439=CIRCLE('',#1992,0.5);
#1440=CIRCLE('',#1993,0.5);
#1441=CIRCLE('',#1998,0.5);
#1442=CIRCLE('',#1999,0.5);
#1443=CIRCLE('',#2001,0.5);
#1444=CIRCLE('',#2002,0.5);
#1445=CIRCLE('',#2007,0.5);
#1446=CIRCLE('',#2008,0.5);
#1447=CIRCLE('',#2011,0.5);
#1448=CIRCLE('',#2012,0.5);
#1449=CIRCLE('',#2014,0.5);
#1450=CIRCLE('',#2015,0.5);
#1451=CIRCLE('',#2020,0.5);
#1452=CIRCLE('',#2021,0.5);
#1453=CIRCLE('',#2024,0.5);
#1454=CIRCLE('',#2025,0.5);
#1455=CIRCLE('',#2030,0.5);
#1456=CIRCLE('',#2031,0.5);
#1457=CIRCLE('',#2040,1.13139740950238);
#1458=CIRCLE('',#2041,0.888175468291289);
#1459=CIRCLE('',#2043,1.13139740950238);
#1460=CIRCLE('',#2045,0.33779430860182);
#1461=CIRCLE('',#2048,1.08828933157361);
#1462=CIRCLE('',#2050,1.08828933157361);
#1463=CIRCLE('',#2052,0.888175468291289);
#1464=EDGE_LOOP('',(#436));
#1465=EDGE_LOOP('',(#437));
#1466=EDGE_LOOP('',(#438));
#1467=EDGE_LOOP('',(#439));
#1468=EDGE_LOOP('',(#440));
#1469=EDGE_LOOP('',(#441));
#1470=EDGE_LOOP('',(#442));
#1471=EDGE_LOOP('',(#443));
#1472=EDGE_LOOP('',(#444));
#1473=EDGE_LOOP('',(#445));
#1474=EDGE_LOOP('',(#446));
#1475=EDGE_LOOP('',(#447));
#1476=EDGE_LOOP('',(#448));
#1477=EDGE_LOOP('',(#449));
#1478=EDGE_LOOP('',(#450,#451,#452,#453));
#1479=EDGE_LOOP('',(#454,#455,#456,#457));
#1480=EDGE_LOOP('',(#458,#459,#460,#461));
#1481=EDGE_LOOP('',(#462,#463,#464,#465));
#1482=EDGE_LOOP('',(#466,#467,#468,#469));
#1483=EDGE_LOOP('',(#470,#471,#472,#473));
#1484=EDGE_LOOP('',(#474,#475,#476,#477));
#1485=EDGE_LOOP('',(#478,#479,#480,#481));
#1486=EDGE_LOOP('',(#482,#483,#484,#485));
#1487=EDGE_LOOP('',(#486,#487,#488,#489));
#1488=EDGE_LOOP('',(#490,#491,#492,#493));
#1489=EDGE_LOOP('',(#494,#495,#496,#497));
#1490=EDGE_LOOP('',(#498,#499,#500,#501));
#1491=EDGE_LOOP('',(#502,#503,#504,#505));
#1492=EDGE_LOOP('',(#506,#507,#508,#509));
#1493=EDGE_LOOP('',(#510,#511,#512,#513));
#1494=EDGE_LOOP('',(#514,#515,#516,#517));
#1495=EDGE_LOOP('',(#518,#519,#520,#521));
#1496=EDGE_LOOP('',(#522,#523,#524,#525));
#1497=EDGE_LOOP('',(#526,#527,#528,#529));
#1498=EDGE_LOOP('',(#530,#531,#532,#533));
#1499=EDGE_LOOP('',(#534,#535,#536,#537));
#1500=EDGE_LOOP('',(#538,#539,#540,#541));
#1501=EDGE_LOOP('',(#542,#543,#544,#545));
#1502=EDGE_LOOP('',(#546,#547,#548,#549));
#1503=EDGE_LOOP('',(#550,#551,#552,#553));
#1504=EDGE_LOOP('',(#554,#555,#556,#557));
#1505=EDGE_LOOP('',(#558,#559,#560,#561));
#1506=EDGE_LOOP('',(#562,#563,#564,#565));
#1507=EDGE_LOOP('',(#566,#567,#568,#569));
#1508=EDGE_LOOP('',(#570,#571,#572,#573));
#1509=EDGE_LOOP('',(#574,#575,#576,#577));
#1510=EDGE_LOOP('',(#578,#579,#580,#581));
#1511=EDGE_LOOP('',(#582,#583,#584,#585));
#1512=EDGE_LOOP('',(#586,#587,#588,#589));
#1513=EDGE_LOOP('',(#590,#591,#592,#593));
#1514=EDGE_LOOP('',(#594,#595,#596,#597));
#1515=EDGE_LOOP('',(#598,#599,#600,#601));
#1516=EDGE_LOOP('',(#602,#603,#604,#605));
#1517=EDGE_LOOP('',(#606,#607,#608,#609));
#1518=EDGE_LOOP('',(#610,#611,#612,#613));
#1519=EDGE_LOOP('',(#614,#615,#616,#617));
#1520=EDGE_LOOP('',(#618,#619,#620,#621));
#1521=EDGE_LOOP('',(#622,#623,#624,#625));
#1522=EDGE_LOOP('',(#626,#627,#628,#629));
#1523=EDGE_LOOP('',(#630,#631,#632,#633));
#1524=EDGE_LOOP('',(#634,#635,#636,#637));
#1525=EDGE_LOOP('',(#638,#639,#640,#641));
#1526=EDGE_LOOP('',(#642,#643,#644,#645));
#1527=EDGE_LOOP('',(#646,#647,#648,#649));
#1528=EDGE_LOOP('',(#650,#651,#652,#653));
#1529=EDGE_LOOP('',(#654,#655,#656,#657));
#1530=EDGE_LOOP('',(#658,#659,#660,#661));
#1531=EDGE_LOOP('',(#662,#663,#664,#665));
#1532=EDGE_LOOP('',(#666,#667,#668,#669));
#1533=EDGE_LOOP('',(#670,#671,#672,#673));
#1534=EDGE_LOOP('',(#674,#675,#676,#677));
#1535=EDGE_LOOP('',(#678,#679,#680,#681));
#1536=EDGE_LOOP('',(#682,#683,#684,#685));
#1537=EDGE_LOOP('',(#686,#687,#688,#689));
#1538=EDGE_LOOP('',(#690,#691,#692,#693));
#1539=EDGE_LOOP('',(#694,#695,#696,#697));
#1540=EDGE_LOOP('',(#698,#699,#700,#701));
#1541=EDGE_LOOP('',(#702,#703,#704,#705));
#1542=EDGE_LOOP('',(#706,#707,#708,#709));
#1543=EDGE_LOOP('',(#710,#711,#712,#713));
#1544=EDGE_LOOP('',(#714,#715,#716,#717));
#1545=EDGE_LOOP('',(#718,#719,#720,#721));
#1546=EDGE_LOOP('',(#722,#723,#724,#725));
#1547=EDGE_LOOP('',(#726,#727,#728,#729));
#1548=EDGE_LOOP('',(#730,#731,#732,#733));
#1549=EDGE_LOOP('',(#734,#735,#736,#737));
#1550=EDGE_LOOP('',(#738,#739,#740,#741));
#1551=EDGE_LOOP('',(#742,#743,#744,#745));
#1552=EDGE_LOOP('',(#746,#747,#748,#749));
#1553=EDGE_LOOP('',(#750,#751,#752,#753));
#1554=EDGE_LOOP('',(#754,#755,#756,#757));
#1555=EDGE_LOOP('',(#758,#759,#760,#761));
#1556=EDGE_LOOP('',(#762,#763,#764,#765,#766,#767,#768,#769,#770,#771,#772,
#773,#774,#775,#776,#777,#778,#779,#780,#781,#782,#783,#784,#785,#786,#787,
#788,#789,#790,#791,#792,#793,#794,#795,#796,#797,#798,#799,#800,#801,#802,
#803,#804,#805,#806,#807,#808,#809,#810,#811,#812,#813,#814,#815,#816,#817,
#818,#819,#820,#821,#822,#823,#824,#825,#826,#827,#828,#829,#830,#831,#832,
#833,#834,#835,#836,#837,#838,#839,#840,#841,#842,#843));
#1557=EDGE_LOOP('',(#844,#845,#846,#847,#848,#849,#850,#851,#852,#853,#854,
#855,#856,#857,#858,#859,#860,#861,#862,#863,#864,#865,#866,#867,#868,#869,
#870,#871,#872,#873,#874,#875,#876,#877,#878,#879,#880,#881,#882,#883,#884,
#885,#886,#887,#888,#889,#890,#891,#892,#893,#894,#895,#896,#897,#898,#899,
#900,#901,#902,#903,#904,#905,#906,#907,#908,#909,#910,#911,#912,#913,#914,
#915,#916,#917,#918,#919,#920,#921,#922,#923,#924,#925));
#1558=EDGE_LOOP('',(#926,#927,#928,#929));
#1559=EDGE_LOOP('',(#930,#931,#932,#933));
#1560=EDGE_LOOP('',(#934,#935,#936,#937));
#1561=EDGE_LOOP('',(#938,#939,#940,#941));
#1562=EDGE_LOOP('',(#942));
#1563=EDGE_LOOP('',(#943));
#1564=EDGE_LOOP('',(#944));
#1565=EDGE_LOOP('',(#945));
#1566=EDGE_LOOP('',(#946));
#1567=EDGE_LOOP('',(#947));
#1568=EDGE_LOOP('',(#948));
#1569=EDGE_LOOP('',(#949));
#1570=EDGE_LOOP('',(#950));
#1571=EDGE_LOOP('',(#951));
#1572=EDGE_LOOP('',(#952));
#1573=EDGE_LOOP('',(#953));
#1574=EDGE_LOOP('',(#954));
#1575=EDGE_LOOP('',(#955));
#1576=FACE_BOUND('',#1464,.T.);
#1577=FACE_BOUND('',#1465,.T.);
#1578=FACE_BOUND('',#1466,.T.);
#1579=FACE_BOUND('',#1467,.T.);
#1580=FACE_BOUND('',#1468,.T.);
#1581=FACE_BOUND('',#1469,.T.);
#1582=FACE_BOUND('',#1470,.T.);
#1583=FACE_BOUND('',#1471,.T.);
#1584=FACE_BOUND('',#1472,.T.);
#1585=FACE_BOUND('',#1473,.T.);
#1586=FACE_BOUND('',#1474,.T.);
#1587=FACE_BOUND('',#1475,.T.);
#1588=FACE_BOUND('',#1476,.T.);
#1589=FACE_BOUND('',#1477,.T.);
#1590=FACE_BOUND('',#1478,.T.);
#1591=FACE_BOUND('',#1479,.T.);
#1592=FACE_BOUND('',#1480,.T.);
#1593=FACE_BOUND('',#1481,.T.);
#1594=FACE_BOUND('',#1482,.T.);
#1595=FACE_BOUND('',#1483,.T.);
#1596=FACE_BOUND('',#1484,.T.);
#1597=FACE_BOUND('',#1485,.T.);
#1598=FACE_BOUND('',#1486,.T.);
#1599=FACE_BOUND('',#1487,.T.);
#1600=FACE_BOUND('',#1488,.T.);
#1601=FACE_BOUND('',#1489,.T.);
#1602=FACE_BOUND('',#1490,.T.);
#1603=FACE_BOUND('',#1491,.T.);
#1604=FACE_BOUND('',#1492,.T.);
#1605=FACE_BOUND('',#1493,.T.);
#1606=FACE_BOUND('',#1494,.T.);
#1607=FACE_BOUND('',#1495,.T.);
#1608=FACE_BOUND('',#1496,.T.);
#1609=FACE_BOUND('',#1497,.T.);
#1610=FACE_BOUND('',#1498,.T.);
#1611=FACE_BOUND('',#1499,.T.);
#1612=FACE_BOUND('',#1500,.T.);
#1613=FACE_BOUND('',#1501,.T.);
#1614=FACE_BOUND('',#1502,.T.);
#1615=FACE_BOUND('',#1503,.T.);
#1616=FACE_BOUND('',#1504,.T.);
#1617=FACE_BOUND('',#1505,.T.);
#1618=FACE_BOUND('',#1506,.T.);
#1619=FACE_BOUND('',#1507,.T.);
#1620=FACE_BOUND('',#1508,.T.);
#1621=FACE_BOUND('',#1509,.T.);
#1622=FACE_BOUND('',#1510,.T.);
#1623=FACE_BOUND('',#1511,.T.);
#1624=FACE_BOUND('',#1512,.T.);
#1625=FACE_BOUND('',#1513,.T.);
#1626=FACE_BOUND('',#1514,.T.);
#1627=FACE_BOUND('',#1515,.T.);
#1628=FACE_BOUND('',#1516,.T.);
#1629=FACE_BOUND('',#1517,.T.);
#1630=FACE_BOUND('',#1518,.T.);
#1631=FACE_BOUND('',#1519,.T.);
#1632=FACE_BOUND('',#1520,.T.);
#1633=FACE_BOUND('',#1521,.T.);
#1634=FACE_BOUND('',#1522,.T.);
#1635=FACE_BOUND('',#1523,.T.);
#1636=FACE_BOUND('',#1524,.T.);
#1637=FACE_BOUND('',#1525,.T.);
#1638=FACE_BOUND('',#1526,.T.);
#1639=FACE_BOUND('',#1527,.T.);
#1640=FACE_BOUND('',#1528,.T.);
#1641=FACE_BOUND('',#1529,.T.);
#1642=FACE_BOUND('',#1530,.T.);
#1643=FACE_BOUND('',#1531,.T.);
#1644=FACE_BOUND('',#1532,.T.);
#1645=FACE_BOUND('',#1533,.T.);
#1646=FACE_BOUND('',#1534,.T.);
#1647=FACE_BOUND('',#1535,.T.);
#1648=FACE_BOUND('',#1536,.T.);
#1649=FACE_BOUND('',#1537,.T.);
#1650=FACE_BOUND('',#1538,.T.);
#1651=FACE_BOUND('',#1539,.T.);
#1652=FACE_BOUND('',#1540,.T.);
#1653=FACE_BOUND('',#1541,.T.);
#1654=FACE_BOUND('',#1542,.T.);
#1655=FACE_BOUND('',#1543,.T.);
#1656=FACE_BOUND('',#1544,.T.);
#1657=FACE_BOUND('',#1545,.T.);
#1658=FACE_BOUND('',#1546,.T.);
#1659=FACE_BOUND('',#1547,.T.);
#1660=FACE_BOUND('',#1548,.T.);
#1661=FACE_BOUND('',#1549,.T.);
#1662=FACE_BOUND('',#1550,.T.);
#1663=FACE_BOUND('',#1551,.T.);
#1664=FACE_BOUND('',#1552,.T.);
#1665=FACE_BOUND('',#1553,.T.);
#1666=FACE_BOUND('',#1554,.T.);
#1667=FACE_BOUND('',#1555,.T.);
#1668=FACE_BOUND('',#1556,.T.);
#1669=FACE_BOUND('',#1557,.T.);
#1670=FACE_BOUND('',#1558,.T.);
#1671=FACE_BOUND('',#1559,.T.);
#1672=FACE_BOUND('',#1560,.T.);
#1673=FACE_BOUND('',#1561,.T.);
#1674=FACE_BOUND('',#1562,.T.);
#1675=FACE_BOUND('',#1563,.T.);
#1676=FACE_BOUND('',#1564,.T.);
#1677=FACE_BOUND('',#1565,.T.);
#1678=FACE_BOUND('',#1566,.T.);
#1679=FACE_BOUND('',#1567,.T.);
#1680=FACE_BOUND('',#1568,.T.);
#1681=FACE_BOUND('',#1569,.T.);
#1682=FACE_BOUND('',#1570,.T.);
#1683=FACE_BOUND('',#1571,.T.);
#1684=FACE_BOUND('',#1572,.T.);
#1685=FACE_BOUND('',#1573,.T.);
#1686=FACE_BOUND('',#1574,.T.);
#1687=FACE_BOUND('',#1575,.T.);
#1688=PLANE('',#1884);
#1689=PLANE('',#1891);
#1690=PLANE('',#1892);
#1691=PLANE('',#1896);
#1692=PLANE('',#1899);
#1693=PLANE('',#1903);
#1694=PLANE('',#1904);
#1695=PLANE('',#1908);
#1696=PLANE('',#1912);
#1697=PLANE('',#1916);
#1698=PLANE('',#1917);
#1699=PLANE('',#1918);
#1700=PLANE('',#1919);
#1701=PLANE('',#1923);
#1702=PLANE('',#1930);
#1703=PLANE('',#1934);
#1704=PLANE('',#1938);
#1705=PLANE('',#1939);
#1706=PLANE('',#1940);
#1707=PLANE('',#1941);
#1708=PLANE('',#1942);
#1709=PLANE('',#1943);
#1710=PLANE('',#1947);
#1711=PLANE('',#1951);
#1712=PLANE('',#1952);
#1713=PLANE('',#1956);
#1714=PLANE('',#1960);
#1715=PLANE('',#1964);
#1716=PLANE('',#1965);
#1717=PLANE('',#1966);
#1718=PLANE('',#1970);
#1719=PLANE('',#1974);
#1720=PLANE('',#1975);
#1721=PLANE('',#1976);
#1722=PLANE('',#1980);
#1723=PLANE('',#1984);
#1724=PLANE('',#1985);
#1725=PLANE('',#1986);
#1726=PLANE('',#1990);
#1727=PLANE('',#1994);
#1728=PLANE('',#1995);
#1729=PLANE('',#1996);
#1730=PLANE('',#2003);
#1731=PLANE('',#2004);
#1732=PLANE('',#2005);
#1733=PLANE('',#2009);
#1734=PLANE('',#2016);
#1735=PLANE('',#2017);
#1736=PLANE('',#2018);
#1737=PLANE('',#2022);
#1738=PLANE('',#2026);
#1739=PLANE('',#2027);
#1740=PLANE('',#2028);
#1741=PLANE('',#2032);
#1742=PLANE('',#2033);
#1743=PLANE('',#2034);
#1744=PLANE('',#2035);
#1745=PLANE('',#2036);
#1746=PLANE('',#2037);
#1747=PLANE('',#2038);
#1748=PLANE('',#2039);
#1749=PLANE('',#2046);
#1750=PLANE('',#2047);
#1751=PLANE('',#2051);
#1752=ADVANCED_FACE('',(#1576,#1577),#1688,.F.);
#1753=ADVANCED_FACE('',(#1578,#1579),#402,.T.);
#1754=ADVANCED_FACE('',(#1580,#1581),#400,.T.);
#1755=ADVANCED_FACE('',(#1582),#1689,.F.);
#1756=ADVANCED_FACE('',(#1583),#1690,.F.);
#1757=ADVANCED_FACE('',(#1584,#1585),#403,.T.);
#1758=ADVANCED_FACE('',(#1586,#1587),#1691,.F.);
#1759=ADVANCED_FACE('',(#1588,#1589),#404,.T.);
#1760=ADVANCED_FACE('',(#1590),#1692,.F.);
#1761=ADVANCED_FACE('',(#1591),#405,.T.);
#1762=ADVANCED_FACE('',(#1592),#1693,.F.);
#1763=ADVANCED_FACE('',(#1593),#1694,.F.);
#1764=ADVANCED_FACE('',(#1594),#406,.F.);
#1765=ADVANCED_FACE('',(#1595),#1695,.F.);
#1766=ADVANCED_FACE('',(#1596),#407,.T.);
#1767=ADVANCED_FACE('',(#1597),#1696,.F.);
#1768=ADVANCED_FACE('',(#1598),#408,.T.);
#1769=ADVANCED_FACE('',(#1599),#1697,.F.);
#1770=ADVANCED_FACE('',(#1600),#1698,.F.);
#1771=ADVANCED_FACE('',(#1601),#1699,.F.);
#1772=ADVANCED_FACE('',(#1602),#1700,.F.);
#1773=ADVANCED_FACE('',(#1603),#409,.T.);
#1774=ADVANCED_FACE('',(#1604),#1701,.F.);
#1775=ADVANCED_FACE('',(#1605),#410,.T.);
#1776=ADVANCED_FACE('',(#1606),#411,.T.);
#1777=ADVANCED_FACE('',(#1607),#1702,.F.);
#1778=ADVANCED_FACE('',(#1608),#412,.F.);
#1779=ADVANCED_FACE('',(#1609),#1703,.F.);
#1780=ADVANCED_FACE('',(#1610),#413,.F.);
#1781=ADVANCED_FACE('',(#1611),#1704,.F.);
#1782=ADVANCED_FACE('',(#1612),#1705,.F.);
#1783=ADVANCED_FACE('',(#1613),#1706,.F.);
#1784=ADVANCED_FACE('',(#1614),#1707,.F.);
#1785=ADVANCED_FACE('',(#1615),#1708,.F.);
#1786=ADVANCED_FACE('',(#1616),#1709,.F.);
#1787=ADVANCED_FACE('',(#1617),#414,.T.);
#1788=ADVANCED_FACE('',(#1618),#1710,.F.);
#1789=ADVANCED_FACE('',(#1619),#415,.T.);
#1790=ADVANCED_FACE('',(#1620),#1711,.F.);
#1791=ADVANCED_FACE('',(#1621),#1712,.F.);
#1792=ADVANCED_FACE('',(#1622),#416,.F.);
#1793=ADVANCED_FACE('',(#1623),#1713,.F.);
#1794=ADVANCED_FACE('',(#1624),#417,.T.);
#1795=ADVANCED_FACE('',(#1625),#1714,.F.);
#1796=ADVANCED_FACE('',(#1626),#418,.T.);
#1797=ADVANCED_FACE('',(#1627),#1715,.F.);
#1798=ADVANCED_FACE('',(#1628),#1716,.F.);
#1799=ADVANCED_FACE('',(#1629),#1717,.F.);
#1800=ADVANCED_FACE('',(#1630),#419,.T.);
#1801=ADVANCED_FACE('',(#1631),#1718,.F.);
#1802=ADVANCED_FACE('',(#1632),#420,.T.);
#1803=ADVANCED_FACE('',(#1633),#1719,.F.);
#1804=ADVANCED_FACE('',(#1634),#1720,.F.);
#1805=ADVANCED_FACE('',(#1635),#1721,.F.);
#1806=ADVANCED_FACE('',(#1636),#421,.T.);
#1807=ADVANCED_FACE('',(#1637),#1722,.F.);
#1808=ADVANCED_FACE('',(#1638),#422,.T.);
#1809=ADVANCED_FACE('',(#1639),#1723,.F.);
#1810=ADVANCED_FACE('',(#1640),#1724,.F.);
#1811=ADVANCED_FACE('',(#1641),#1725,.F.);
#1812=ADVANCED_FACE('',(#1642),#423,.T.);
#1813=ADVANCED_FACE('',(#1643),#1726,.F.);
#1814=ADVANCED_FACE('',(#1644),#424,.T.);
#1815=ADVANCED_FACE('',(#1645),#1727,.F.);
#1816=ADVANCED_FACE('',(#1646),#1728,.F.);
#1817=ADVANCED_FACE('',(#1647),#1729,.F.);
#1818=ADVANCED_FACE('',(#1648),#425,.T.);
#1819=ADVANCED_FACE('',(#1649),#426,.T.);
#1820=ADVANCED_FACE('',(#1650),#1730,.F.);
#1821=ADVANCED_FACE('',(#1651),#1731,.F.);
#1822=ADVANCED_FACE('',(#1652),#1732,.F.);
#1823=ADVANCED_FACE('',(#1653),#427,.T.);
#1824=ADVANCED_FACE('',(#1654),#1733,.F.);
#1825=ADVANCED_FACE('',(#1655),#428,.T.);
#1826=ADVANCED_FACE('',(#1656),#429,.T.);
#1827=ADVANCED_FACE('',(#1657),#1734,.F.);
#1828=ADVANCED_FACE('',(#1658),#1735,.F.);
#1829=ADVANCED_FACE('',(#1659),#1736,.F.);
#1830=ADVANCED_FACE('',(#1660),#430,.T.);
#1831=ADVANCED_FACE('',(#1661),#1737,.F.);
#1832=ADVANCED_FACE('',(#1662),#431,.T.);
#1833=ADVANCED_FACE('',(#1663),#1738,.F.);
#1834=ADVANCED_FACE('',(#1664),#1739,.F.);
#1835=ADVANCED_FACE('',(#1665),#1740,.F.);
#1836=ADVANCED_FACE('',(#1666),#432,.T.);
#1837=ADVANCED_FACE('',(#1667),#1741,.F.);
#1838=ADVANCED_FACE('',(#1668),#1742,.T.);
#1839=ADVANCED_FACE('',(#1669),#1743,.F.);
#1840=ADVANCED_FACE('',(#1670),#1744,.F.);
#1841=ADVANCED_FACE('',(#1671),#1745,.F.);
#1842=ADVANCED_FACE('',(#1672),#1746,.F.);
#1843=ADVANCED_FACE('',(#1673),#1747,.F.);
#1844=ADVANCED_FACE('',(#1674,#1675),#1748,.F.);
#1845=ADVANCED_FACE('',(#1676,#1677),#433,.T.);
#1846=ADVANCED_FACE('',(#1678,#1679),#401,.T.);
#1847=ADVANCED_FACE('',(#1680),#1749,.F.);
#1848=ADVANCED_FACE('',(#1681),#1750,.F.);
#1849=ADVANCED_FACE('',(#1682,#1683),#434,.T.);
#1850=ADVANCED_FACE('',(#1684,#1685),#1751,.F.);
#1851=ADVANCED_FACE('',(#1686,#1687),#435,.T.);
#1852=CLOSED_SHELL('',(#1752,#1753,#1754,#1755,#1756,#1757,#1758,#1759));
#1853=CLOSED_SHELL('',(#1760,#1761,#1762,#1763,#1764,#1765,#1766,#1767,
#1768,#1769,#1770,#1771,#1772,#1773,#1774,#1775,#1776,#1777,#1778,#1779,
#1780,#1781,#1782,#1783,#1784,#1785,#1786,#1787,#1788,#1789,#1790,#1791,
#1792,#1793,#1794,#1795,#1796,#1797,#1798,#1799,#1800,#1801,#1802,#1803,
#1804,#1805,#1806,#1807,#1808,#1809,#1810,#1811,#1812,#1813,#1814,#1815,
#1816,#1817,#1818,#1819,#1820,#1821,#1822,#1823,#1824,#1825,#1826,#1827,
#1828,#1829,#1830,#1831,#1832,#1833,#1834,#1835,#1836,#1837,#1838,#1839,
#1840,#1841,#1842,#1843));
#1854=CLOSED_SHELL('',(#1844,#1845,#1846,#1847,#1848,#1849,#1850,#1851));
#1855=STYLED_ITEM('',(#1858),#1878);
#1856=STYLED_ITEM('',(#1859),#1879);
#1857=STYLED_ITEM('',(#1860),#1880);
#1858=PRESENTATION_STYLE_ASSIGNMENT((#1861));
#1859=PRESENTATION_STYLE_ASSIGNMENT((#1862));
#1860=PRESENTATION_STYLE_ASSIGNMENT((#1863));
#1861=SURFACE_STYLE_USAGE(.BOTH.,#1864);
#1862=SURFACE_STYLE_USAGE(.BOTH.,#1865);
#1863=SURFACE_STYLE_USAGE(.BOTH.,#1866);
#1864=SURFACE_SIDE_STYLE('',(#1867));
#1865=SURFACE_SIDE_STYLE('',(#1868));
#1866=SURFACE_SIDE_STYLE('',(#1869));
#1867=SURFACE_STYLE_FILL_AREA(#1870);
#1868=SURFACE_STYLE_FILL_AREA(#1871);
#1869=SURFACE_STYLE_FILL_AREA(#1872);
#1870=FILL_AREA_STYLE('',(#1873));
#1871=FILL_AREA_STYLE('',(#1874));
#1872=FILL_AREA_STYLE('',(#1875));
#1873=FILL_AREA_STYLE_COLOUR('',#1876);
#1874=FILL_AREA_STYLE_COLOUR('',#1877);
#1875=FILL_AREA_STYLE_COLOUR('',#1876);
#1876=COLOUR_RGB('',0.699999988079071,0.699999988079071,0.699999988079071);
#1877=COLOUR_RGB('',0.200000002980232,0.200000002980232,0.200000002980232);
#1878=MANIFOLD_SOLID_BREP('',#1852);
#1879=MANIFOLD_SOLID_BREP('',#1853);
#1880=MANIFOLD_SOLID_BREP('',#1854);
#1881=SHAPE_DEFINITION_REPRESENTATION(#3131,#1882);
#1882=SHAPE_REPRESENTATION('694-50',(#1883),#3126);
#1883=AXIS2_PLACEMENT_3D('',#2586,#2054,#2055);
#1884=AXIS2_PLACEMENT_3D('',#2587,#2056,#2057);
#1885=AXIS2_PLACEMENT_3D('',#2588,#2058,#2059);
#1886=AXIS2_PLACEMENT_3D('',#2590,#2060,#2061);
#1887=AXIS2_PLACEMENT_3D('',#2592,#2062,#2063);
#1888=AXIS2_PLACEMENT_3D('',#2593,#2064,#2065);
#1889=AXIS2_PLACEMENT_3D('',#2595,#2066,#2067);
#1890=AXIS2_PLACEMENT_3D('',#2596,#2068,#2069);
#1891=AXIS2_PLACEMENT_3D('',#2598,#2070,#2071);
#1892=AXIS2_PLACEMENT_3D('',#2599,#2072,#2073);
#1893=AXIS2_PLACEMENT_3D('',#2600,#2074,#2075);
#1894=AXIS2_PLACEMENT_3D('',#2602,#2076,#2077);
#1895=AXIS2_PLACEMENT_3D('',#2603,#2078,#2079);
#1896=AXIS2_PLACEMENT_3D('',#2605,#2080,#2081);
#1897=AXIS2_PLACEMENT_3D('',#2606,#2082,#2083);
#1898=AXIS2_PLACEMENT_3D('',#2608,#2084,#2085);
#1899=AXIS2_PLACEMENT_3D('',#2609,#2086,#2087);
#1900=AXIS2_PLACEMENT_3D('',#2618,#2092,#2093);
#1901=AXIS2_PLACEMENT_3D('',#2619,#2094,#2095);
#1902=AXIS2_PLACEMENT_3D('',#2624,#2097,#2098);
#1903=AXIS2_PLACEMENT_3D('',#2627,#2100,#2101);
#1904=AXIS2_PLACEMENT_3D('',#2633,#2105,#2106);
#1905=AXIS2_PLACEMENT_3D('',#2639,#2110,#2111);
#1906=AXIS2_PLACEMENT_3D('',#2640,#2112,#2113);
#1907=AXIS2_PLACEMENT_3D('',#2644,#2115,#2116);
#1908=AXIS2_PLACEMENT_3D('',#2645,#2117,#2118);
#1909=AXIS2_PLACEMENT_3D('',#2651,#2122,#2123);
#1910=AXIS2_PLACEMENT_3D('',#2652,#2124,#2125);
#1911=AXIS2_PLACEMENT_3D('',#2656,#2127,#2128);
#1912=AXIS2_PLACEMENT_3D('',#2657,#2129,#2130);
#1913=AXIS2_PLACEMENT_3D('',#2663,#2134,#2135);
#1914=AXIS2_PLACEMENT_3D('',#2664,#2136,#2137);
#1915=AXIS2_PLACEMENT_3D('',#2668,#2139,#2140);
#1916=AXIS2_PLACEMENT_3D('',#2669,#2141,#2142);
#1917=AXIS2_PLACEMENT_3D('',#2675,#2146,#2147);
#1918=AXIS2_PLACEMENT_3D('',#2681,#2151,#2152);
#1919=AXIS2_PLACEMENT_3D('',#2687,#2156,#2157);
#1920=AXIS2_PLACEMENT_3D('',#2693,#2161,#2162);
#1921=AXIS2_PLACEMENT_3D('',#2694,#2163,#2164);
#1922=AXIS2_PLACEMENT_3D('',#2698,#2166,#2167);
#1923=AXIS2_PLACEMENT_3D('',#2699,#2168,#2169);
#1924=AXIS2_PLACEMENT_3D('',#2705,#2173,#2174);
#1925=AXIS2_PLACEMENT_3D('',#2706,#2175,#2176);
#1926=AXIS2_PLACEMENT_3D('',#2710,#2178,#2179);
#1927=AXIS2_PLACEMENT_3D('',#2711,#2180,#2181);
#1928=AXIS2_PLACEMENT_3D('',#2712,#2182,#2183);
#1929=AXIS2_PLACEMENT_3D('',#2716,#2185,#2186);
#1930=AXIS2_PLACEMENT_3D('',#2717,#2187,#2188);
#1931=AXIS2_PLACEMENT_3D('',#2723,#2192,#2193);
#1932=AXIS2_PLACEMENT_3D('',#2724,#2194,#2195);
#1933=AXIS2_PLACEMENT_3D('',#2728,#2197,#2198);
#1934=AXIS2_PLACEMENT_3D('',#2729,#2199,#2200);
#1935=AXIS2_PLACEMENT_3D('',#2735,#2204,#2205);
#1936=AXIS2_PLACEMENT_3D('',#2736,#2206,#2207);
#1937=AXIS2_PLACEMENT_3D('',#2740,#2209,#2210);
#1938=AXIS2_PLACEMENT_3D('',#2741,#2211,#2212);
#1939=AXIS2_PLACEMENT_3D('',#2747,#2216,#2217);
#1940=AXIS2_PLACEMENT_3D('',#2753,#2221,#2222);
#1941=AXIS2_PLACEMENT_3D('',#2756,#2225,#2226);
#1942=AXIS2_PLACEMENT_3D('',#2765,#2231,#2232);
#1943=AXIS2_PLACEMENT_3D('',#2771,#2236,#2237);
#1944=AXIS2_PLACEMENT_3D('',#2777,#2241,#2242);
#1945=AXIS2_PLACEMENT_3D('',#2778,#2243,#2244);
#1946=AXIS2_PLACEMENT_3D('',#2782,#2246,#2247);
#1947=AXIS2_PLACEMENT_3D('',#2783,#2248,#2249);
#1948=AXIS2_PLACEMENT_3D('',#2789,#2253,#2254);
#1949=AXIS2_PLACEMENT_3D('',#2790,#2255,#2256);
#1950=AXIS2_PLACEMENT_3D('',#2794,#2258,#2259);
#1951=AXIS2_PLACEMENT_3D('',#2795,#2260,#2261);
#1952=AXIS2_PLACEMENT_3D('',#2801,#2265,#2266);
#1953=AXIS2_PLACEMENT_3D('',#2807,#2270,#2271);
#1954=AXIS2_PLACEMENT_3D('',#2808,#2272,#2273);
#1955=AXIS2_PLACEMENT_3D('',#2812,#2275,#2276);
#1956=AXIS2_PLACEMENT_3D('',#2813,#2277,#2278);
#1957=AXIS2_PLACEMENT_3D('',#2819,#2282,#2283);
#1958=AXIS2_PLACEMENT_3D('',#2820,#2284,#2285);
#1959=AXIS2_PLACEMENT_3D('',#2824,#2287,#2288);
#1960=AXIS2_PLACEMENT_3D('',#2825,#2289,#2290);
#1961=AXIS2_PLACEMENT_3D('',#2831,#2294,#2295);
#1962=AXIS2_PLACEMENT_3D('',#2832,#2296,#2297);
#1963=AXIS2_PLACEMENT_3D('',#2836,#2299,#2300);
#1964=AXIS2_PLACEMENT_3D('',#2837,#2301,#2302);
#1965=AXIS2_PLACEMENT_3D('',#2843,#2306,#2307);
#1966=AXIS2_PLACEMENT_3D('',#2849,#2311,#2312);
#1967=AXIS2_PLACEMENT_3D('',#2855,#2316,#2317);
#1968=AXIS2_PLACEMENT_3D('',#2856,#2318,#2319);
#1969=AXIS2_PLACEMENT_3D('',#2860,#2321,#2322);
#1970=AXIS2_PLACEMENT_3D('',#2861,#2323,#2324);
#1971=AXIS2_PLACEMENT_3D('',#2867,#2328,#2329);
#1972=AXIS2_PLACEMENT_3D('',#2868,#2330,#2331);
#1973=AXIS2_PLACEMENT_3D('',#2872,#2333,#2334);
#1974=AXIS2_PLACEMENT_3D('',#2873,#2335,#2336);
#1975=AXIS2_PLACEMENT_3D('',#2879,#2340,#2341);
#1976=AXIS2_PLACEMENT_3D('',#2885,#2345,#2346);
#1977=AXIS2_PLACEMENT_3D('',#2891,#2350,#2351);
#1978=AXIS2_PLACEMENT_3D('',#2892,#2352,#2353);
#1979=AXIS2_PLACEMENT_3D('',#2896,#2355,#2356);
#1980=AXIS2_PLACEMENT_3D('',#2897,#2357,#2358);
#1981=AXIS2_PLACEMENT_3D('',#2903,#2362,#2363);
#1982=AXIS2_PLACEMENT_3D('',#2904,#2364,#2365);
#1983=AXIS2_PLACEMENT_3D('',#2908,#2367,#2368);
#1984=AXIS2_PLACEMENT_3D('',#2909,#2369,#2370);
#1985=AXIS2_PLACEMENT_3D('',#2915,#2374,#2375);
#1986=AXIS2_PLACEMENT_3D('',#2921,#2379,#2380);
#1987=AXIS2_PLACEMENT_3D('',#2927,#2384,#2385);
#1988=AXIS2_PLACEMENT_3D('',#2928,#2386,#2387);
#1989=AXIS2_PLACEMENT_3D('',#2932,#2389,#2390);
#1990=AXIS2_PLACEMENT_3D('',#2933,#2391,#2392);
#1991=AXIS2_PLACEMENT_3D('',#2939,#2396,#2397);
#1992=AXIS2_PLACEMENT_3D('',#2940,#2398,#2399);
#1993=AXIS2_PLACEMENT_3D('',#2944,#2401,#2402);
#1994=AXIS2_PLACEMENT_3D('',#2945,#2403,#2404);
#1995=AXIS2_PLACEMENT_3D('',#2951,#2408,#2409);
#1996=AXIS2_PLACEMENT_3D('',#2957,#2413,#2414);
#1997=AXIS2_PLACEMENT_3D('',#2963,#2418,#2419);
#1998=AXIS2_PLACEMENT_3D('',#2964,#2420,#2421);
#1999=AXIS2_PLACEMENT_3D('',#2968,#2423,#2424);
#2000=AXIS2_PLACEMENT_3D('',#2969,#2425,#2426);
#2001=AXIS2_PLACEMENT_3D('',#2970,#2427,#2428);
#2002=AXIS2_PLACEMENT_3D('',#2974,#2430,#2431);
#2003=AXIS2_PLACEMENT_3D('',#2975,#2432,#2433);
#2004=AXIS2_PLACEMENT_3D('',#2981,#2437,#2438);
#2005=AXIS2_PLACEMENT_3D('',#2987,#2442,#2443);
#2006=AXIS2_PLACEMENT_3D('',#2993,#2447,#2448);
#2007=AXIS2_PLACEMENT_3D('',#2994,#2449,#2450);
#2008=AXIS2_PLACEMENT_3D('',#2998,#2452,#2453);
#2009=AXIS2_PLACEMENT_3D('',#2999,#2454,#2455);
#2010=AXIS2_PLACEMENT_3D('',#3005,#2459,#2460);
#2011=AXIS2_PLACEMENT_3D('',#3006,#2461,#2462);
#2012=AXIS2_PLACEMENT_3D('',#3010,#2464,#2465);
#2013=AXIS2_PLACEMENT_3D('',#3011,#2466,#2467);
#2014=AXIS2_PLACEMENT_3D('',#3012,#2468,#2469);
#2015=AXIS2_PLACEMENT_3D('',#3016,#2471,#2472);
#2016=AXIS2_PLACEMENT_3D('',#3017,#2473,#2474);
#2017=AXIS2_PLACEMENT_3D('',#3023,#2478,#2479);
#2018=AXIS2_PLACEMENT_3D('',#3029,#2483,#2484);
#2019=AXIS2_PLACEMENT_3D('',#3035,#2488,#2489);
#2020=AXIS2_PLACEMENT_3D('',#3036,#2490,#2491);
#2021=AXIS2_PLACEMENT_3D('',#3040,#2493,#2494);
#2022=AXIS2_PLACEMENT_3D('',#3041,#2495,#2496);
#2023=AXIS2_PLACEMENT_3D('',#3047,#2500,#2501);
#2024=AXIS2_PLACEMENT_3D('',#3048,#2502,#2503);
#2025=AXIS2_PLACEMENT_3D('',#3052,#2505,#2506);
#2026=AXIS2_PLACEMENT_3D('',#3053,#2507,#2508);
#2027=AXIS2_PLACEMENT_3D('',#3059,#2512,#2513);
#2028=AXIS2_PLACEMENT_3D('',#3065,#2517,#2518);
#2029=AXIS2_PLACEMENT_3D('',#3071,#2522,#2523);
#2030=AXIS2_PLACEMENT_3D('',#3072,#2524,#2525);
#2031=AXIS2_PLACEMENT_3D('',#3076,#2527,#2528);
#2032=AXIS2_PLACEMENT_3D('',#3077,#2529,#2530);
#2033=AXIS2_PLACEMENT_3D('',#3080,#2533,#2534);
#2034=AXIS2_PLACEMENT_3D('',#3088,#2539,#2540);
#2035=AXIS2_PLACEMENT_3D('',#3096,#2545,#2546);
#2036=AXIS2_PLACEMENT_3D('',#3099,#2549,#2550);
#2037=AXIS2_PLACEMENT_3D('',#3100,#2551,#2552);
#2038=AXIS2_PLACEMENT_3D('',#3102,#2554,#2555);
#2039=AXIS2_PLACEMENT_3D('',#3103,#2556,#2557);
#2040=AXIS2_PLACEMENT_3D('',#3104,#2558,#2559);
#2041=AXIS2_PLACEMENT_3D('',#3106,#2560,#2561);
#2042=AXIS2_PLACEMENT_3D('',#3108,#2562,#2563);
#2043=AXIS2_PLACEMENT_3D('',#3109,#2564,#2565);
#2044=AXIS2_PLACEMENT_3D('',#3111,#2566,#2567);
#2045=AXIS2_PLACEMENT_3D('',#3112,#2568,#2569);
#2046=AXIS2_PLACEMENT_3D('',#3114,#2570,#2571);
#2047=AXIS2_PLACEMENT_3D('',#3115,#2572,#2573);
#2048=AXIS2_PLACEMENT_3D('',#3116,#2574,#2575);
#2049=AXIS2_PLACEMENT_3D('',#3118,#2576,#2577);
#2050=AXIS2_PLACEMENT_3D('',#3119,#2578,#2579);
#2051=AXIS2_PLACEMENT_3D('',#3121,#2580,#2581);
#2052=AXIS2_PLACEMENT_3D('',#3122,#2582,#2583);
#2053=AXIS2_PLACEMENT_3D('',#3124,#2584,#2585);
#2054=DIRECTION('',(0.,0.,1.));
#2055=DIRECTION('',(1.,0.,0.));
#2056=DIRECTION('',(0.,0.,1.));
#2057=DIRECTION('',(1.,0.,0.));
#2058=DIRECTION('',(0.,0.,1.));
#2059=DIRECTION('',(1.,0.,0.));
#2060=DIRECTION('',(0.,0.,1.));
#2061=DIRECTION('',(1.,0.,0.));
#2062=DIRECTION('',(0.,0.,1.));
#2063=DIRECTION('',(1.,0.,0.));
#2064=DIRECTION('',(0.,0.,1.));
#2065=DIRECTION('',(1.,0.,0.));
#2066=DIRECTION('',(0.,0.,-1.));
#2067=DIRECTION('',(-1.,0.,0.));
#2068=DIRECTION('',(0.,0.,1.));
#2069=DIRECTION('',(1.,0.,0.));
#2070=DIRECTION('',(0.,0.,-1.));
#2071=DIRECTION('',(-1.,0.,0.));
#2072=DIRECTION('',(0.,0.,1.));
#2073=DIRECTION('',(1.,0.,0.));
#2074=DIRECTION('',(0.,0.,1.));
#2075=DIRECTION('',(1.,0.,0.));
#2076=DIRECTION('',(0.,0.,1.));
#2077=DIRECTION('',(1.,0.,0.));
#2078=DIRECTION('',(0.,0.,1.));
#2079=DIRECTION('',(1.,0.,0.));
#2080=DIRECTION('',(0.,0.,-1.));
#2081=DIRECTION('',(-1.,0.,0.));
#2082=DIRECTION('',(0.,0.,1.));
#2083=DIRECTION('',(1.,0.,0.));
#2084=DIRECTION('',(0.,0.,1.));
#2085=DIRECTION('',(1.,0.,0.));
#2086=DIRECTION('',(0.,-9.33651183505086E-17,1.));
#2087=DIRECTION('',(0.,-1.,-9.33651183505086E-17));
#2088=DIRECTION('',(-1.,0.,0.));
#2089=DIRECTION('',(6.12303176911189E-17,1.,9.33651183505086E-17));
#2090=DIRECTION('',(-1.,0.,0.));
#2091=DIRECTION('',(6.12303176911189E-17,1.,9.33651183505086E-17));
#2092=DIRECTION('',(-1.,0.,0.));
#2093=DIRECTION('',(0.,0.,1.));
#2094=DIRECTION('',(1.,-6.12303176911189E-17,0.));
#2095=DIRECTION('',(6.12303176911189E-17,1.,0.));
#2096=DIRECTION('',(-1.,0.,0.));
#2097=DIRECTION('',(1.,-6.12303176911189E-17,0.));
#2098=DIRECTION('',(6.12303176911189E-17,1.,0.));
#2099=DIRECTION('',(-1.,0.,0.));
#2100=DIRECTION('',(0.,1.,0.));
#2101=DIRECTION('',(0.,0.,1.));
#2102=DIRECTION('',(0.,0.,-1.));
#2103=DIRECTION('',(-1.,0.,0.));
#2104=DIRECTION('',(0.,0.,-1.));
#2105=DIRECTION('',(0.,0.523546234083804,-0.851997265709619));
#2106=DIRECTION('',(0.,0.851997265709619,0.523546234083804));
#2107=DIRECTION('',(-5.21680632513646E-17,-0.851997265709619,-0.523546234083804));
#2108=DIRECTION('',(-1.,0.,0.));
#2109=DIRECTION('',(-5.21680632513646E-17,-0.851997265709619,-0.523546234083804));
#2110=DIRECTION('',(-1.,0.,0.));
#2111=DIRECTION('',(0.,0.,1.));
#2112=DIRECTION('',(-1.,6.12303176911189E-17,0.));
#2113=DIRECTION('',(6.12303176911189E-17,1.,0.));
#2114=DIRECTION('',(-1.,0.,0.));
#2115=DIRECTION('',(-1.,6.12303176911189E-17,0.));
#2116=DIRECTION('',(6.12303176911189E-17,1.,0.));
#2117=DIRECTION('',(0.,-0.999212825539143,-0.0396702568441653));
#2118=DIRECTION('',(0.,0.0396702568441653,-0.999212825539143));
#2119=DIRECTION('',(-2.42902242945653E-18,-0.0396702568441653,0.999212825539143));
#2120=DIRECTION('',(-1.,0.,0.));
#2121=DIRECTION('',(-2.42902242945653E-18,-0.0396702568441653,0.999212825539143));
#2122=DIRECTION('',(-1.,0.,0.));
#2123=DIRECTION('',(0.,0.,1.));
#2124=DIRECTION('',(1.,-6.12303176911189E-17,0.));
#2125=DIRECTION('',(6.12303176911189E-17,1.,0.));
#2126=DIRECTION('',(-1.,0.,0.));
#2127=DIRECTION('',(1.,-6.12303176911189E-17,0.));
#2128=DIRECTION('',(6.12303176911189E-17,1.,0.));
#2129=DIRECTION('',(0.,5.86503284197183E-14,-1.));
#2130=DIRECTION('',(0.,1.,5.86503284197183E-14));
#2131=DIRECTION('',(-6.12303176911189E-17,-1.,-5.86503284197183E-14));
#2132=DIRECTION('',(-1.,0.,0.));
#2133=DIRECTION('',(-6.12303176911189E-17,-1.,-5.86503284197183E-14));
#2134=DIRECTION('',(-1.,0.,0.));
#2135=DIRECTION('',(0.,0.,1.));
#2136=DIRECTION('',(1.,-6.12303176911189E-17,0.));
#2137=DIRECTION('',(6.12303176911189E-17,1.,0.));
#2138=DIRECTION('',(-1.,0.,0.));
#2139=DIRECTION('',(1.,-6.12303176911189E-17,0.));
#2140=DIRECTION('',(6.12303176911189E-17,1.,0.));
#2141=DIRECTION('',(0.,1.,0.));
#2142=DIRECTION('',(0.,0.,1.));
#2143=DIRECTION('',(0.,0.,-1.));
#2144=DIRECTION('',(-1.,0.,0.));
#2145=DIRECTION('',(0.,0.,-1.));
#2146=DIRECTION('',(0.,0.994543615728352,0.104321600898261));
#2147=DIRECTION('',(0.,-0.104321600898261,0.994543615728352));
#2148=DIRECTION('',(6.38764476504666E-18,0.104321600898261,-0.994543615728352));
#2149=DIRECTION('',(-1.,0.,0.));
#2150=DIRECTION('',(6.38764476504666E-18,0.104321600898261,-0.994543615728352));
#2151=DIRECTION('',(0.,0.,-1.));
#2152=DIRECTION('',(-1.,0.,0.));
#2153=DIRECTION('',(-6.12303176911189E-17,-1.,0.));
#2154=DIRECTION('',(-1.,0.,0.));
#2155=DIRECTION('',(-6.12303176911189E-17,-1.,0.));
#2156=DIRECTION('',(0.,1.,0.));
#2157=DIRECTION('',(0.,0.,1.));
#2158=DIRECTION('',(0.,0.,-1.));
#2159=DIRECTION('',(-1.,0.,0.));
#2160=DIRECTION('',(0.,0.,-1.));
#2161=DIRECTION('',(-1.,0.,0.));
#2162=DIRECTION('',(0.,0.,1.));
#2163=DIRECTION('',(1.,-6.12303176911189E-17,0.));
#2164=DIRECTION('',(6.12303176911189E-17,1.,0.));
#2165=DIRECTION('',(-1.,0.,0.));
#2166=DIRECTION('',(1.,-6.12303176911189E-17,0.));
#2167=DIRECTION('',(6.12303176911189E-17,1.,0.));
#2168=DIRECTION('',(0.,0.,1.));
#2169=DIRECTION('',(1.,0.,0.));
#2170=DIRECTION('',(6.12303176911189E-17,1.,0.));
#2171=DIRECTION('',(-1.,0.,0.));
#2172=DIRECTION('',(6.12303176911189E-17,1.,0.));
#2173=DIRECTION('',(-1.,0.,0.));
#2174=DIRECTION('',(0.,0.,1.));
#2175=DIRECTION('',(1.,-6.12303176911189E-17,0.));
#2176=DIRECTION('',(6.12303176911189E-17,1.,0.));
#2177=DIRECTION('',(-1.,0.,0.));
#2178=DIRECTION('',(1.,-6.12303176911189E-17,0.));
#2179=DIRECTION('',(6.12303176911189E-17,1.,0.));
#2180=DIRECTION('',(-1.,0.,0.));
#2181=DIRECTION('',(0.,0.,1.));
#2182=DIRECTION('',(1.,-6.12303176911189E-17,0.));
#2183=DIRECTION('',(-6.12303176911189E-17,-1.,0.));
#2184=DIRECTION('',(-1.,0.,0.));
#2185=DIRECTION('',(1.,-6.12303176911189E-17,0.));
#2186=DIRECTION('',(-6.12303176911189E-17,-1.,0.));
#2187=DIRECTION('',(0.,-0.994080022017763,-0.108650401863795));
#2188=DIRECTION('',(0.,0.108650401863795,-0.994080022017763));
#2189=DIRECTION('',(-6.65269862338792E-18,-0.108650401863795,0.994080022017763));
#2190=DIRECTION('',(-1.,0.,0.));
#2191=DIRECTION('',(-6.65269862338792E-18,-0.108650401863795,0.994080022017763));
#2192=DIRECTION('',(-1.,0.,0.));
#2193=DIRECTION('',(0.,0.,1.));
#2194=DIRECTION('',(-1.,6.12303176911189E-17,0.));
#2195=DIRECTION('',(6.12303176911189E-17,1.,0.));
#2196=DIRECTION('',(-1.,0.,0.));
#2197=DIRECTION('',(-1.,6.12303176911189E-17,0.));
#2198=DIRECTION('',(6.12303176911189E-17,1.,0.));
#2199=DIRECTION('',(0.,-1.6516860079153E-15,1.));
#2200=DIRECTION('',(0.,-1.,-1.6516860079153E-15));
#2201=DIRECTION('',(6.12303176911189E-17,1.,1.6516860079153E-15));
#2202=DIRECTION('',(-1.,0.,0.));
#2203=DIRECTION('',(6.12303176911189E-17,1.,1.6516860079153E-15));
#2204=DIRECTION('',(-1.,0.,0.));
#2205=DIRECTION('',(0.,0.,1.));
#2206=DIRECTION('',(-1.,6.12303176911189E-17,0.));
#2207=DIRECTION('',(-6.12303176911189E-17,-1.,0.));
#2208=DIRECTION('',(-1.,0.,0.));
#2209=DIRECTION('',(-1.,6.12303176911189E-17,0.));
#2210=DIRECTION('',(-6.12303176911189E-17,-1.,0.));
#2211=DIRECTION('',(0.,1.,0.));
#2212=DIRECTION('',(0.,0.,1.));
#2213=DIRECTION('',(0.,0.,-1.));
#2214=DIRECTION('',(-1.,0.,0.));
#2215=DIRECTION('',(0.,0.,-1.));
#2216=DIRECTION('',(0.,-3.69171687506354E-15,1.));
#2217=DIRECTION('',(0.,-1.,-3.69171687506354E-15));
#2218=DIRECTION('',(6.12303176911189E-17,1.,3.69171687506354E-15));
#2219=DIRECTION('',(-1.,0.,0.));
#2220=DIRECTION('',(6.12303176911189E-17,1.,3.69171687506354E-15));
#2221=DIRECTION('',(0.,1.,-1.16447345097063E-15));
#2222=DIRECTION('',(0.,1.16447345097063E-15,1.));
#2223=DIRECTION('',(-7.13010793458049E-32,-1.16447345097063E-15,-1.));
#2224=DIRECTION('',(-7.13010793458049E-32,-1.16447345097063E-15,-1.));
#2225=DIRECTION('',(0.,-9.33651183505086E-17,1.));
#2226=DIRECTION('',(0.,-1.,-9.33651183505086E-17));
#2227=DIRECTION('',(6.12303176911189E-17,1.,9.33651183505086E-17));
#2228=DIRECTION('',(-1.,0.,0.));
#2229=DIRECTION('',(6.12303176911189E-17,1.,9.33651183505086E-17));
#2230=DIRECTION('',(-1.,0.,0.));
#2231=DIRECTION('',(0.,-1.,0.));
#2232=DIRECTION('',(0.,0.,-1.));
#2233=DIRECTION('',(0.,0.,1.));
#2234=DIRECTION('',(-1.,0.,0.));
#2235=DIRECTION('',(0.,0.,1.));
#2236=DIRECTION('',(0.,-5.39555691097715E-17,1.));
#2237=DIRECTION('',(0.,-1.,-5.39555691097715E-17));
#2238=DIRECTION('',(6.12303176911189E-17,1.,5.39555691097715E-17));
#2239=DIRECTION('',(-1.,0.,0.));
#2240=DIRECTION('',(6.12303176911189E-17,1.,5.39555691097715E-17));
#2241=DIRECTION('',(-1.,0.,0.));
#2242=DIRECTION('',(0.,0.,1.));
#2243=DIRECTION('',(1.,-6.12303176911189E-17,0.));
#2244=DIRECTION('',(-6.12303176911189E-17,-1.,0.));
#2245=DIRECTION('',(-1.,0.,0.));
#2246=DIRECTION('',(1.,-6.12303176911189E-17,0.));
#2247=DIRECTION('',(-6.12303176911189E-17,-1.,0.));
#2248=DIRECTION('',(0.,-1.,3.32754220783527E-15));
#2249=DIRECTION('',(0.,-3.32754220783527E-15,-1.));
#2250=DIRECTION('',(2.03746466516361E-31,3.32754220783527E-15,1.));
#2251=DIRECTION('',(-1.,0.,0.));
#2252=DIRECTION('',(2.03746466516361E-31,3.32754220783527E-15,1.));
#2253=DIRECTION('',(-1.,0.,0.));
#2254=DIRECTION('',(0.,0.,1.));
#2255=DIRECTION('',(1.,-6.12303176911189E-17,0.));
#2256=DIRECTION('',(6.12303176911189E-17,1.,0.));
#2257=DIRECTION('',(-1.,0.,0.));
#2258=DIRECTION('',(1.,-6.12303176911189E-17,0.));
#2259=DIRECTION('',(6.12303176911189E-17,1.,0.));
#2260=DIRECTION('',(0.,-1.19190240387056E-16,-1.));
#2261=DIRECTION('',(0.,1.,-1.19190240387056E-16));
#2262=DIRECTION('',(-6.12303176911189E-17,-1.,1.19190240387056E-16));
#2263=DIRECTION('',(-1.,0.,0.));
#2264=DIRECTION('',(-6.12303176911189E-17,-1.,1.19190240387056E-16));
#2265=DIRECTION('',(0.,-0.699126328351177,-0.714998165736251));
#2266=DIRECTION('',(0.,0.714998165736251,-0.699126328351177));
#2267=DIRECTION('',(-4.37795648365979E-17,-0.714998165736251,0.699126328351177));
#2268=DIRECTION('',(-1.,0.,0.));
#2269=DIRECTION('',(-4.37795648365979E-17,-0.714998165736251,0.699126328351177));
#2270=DIRECTION('',(-1.,0.,0.));
#2271=DIRECTION('',(0.,0.,1.));
#2272=DIRECTION('',(-1.,6.12303176911189E-17,0.));
#2273=DIRECTION('',(6.12303176911189E-17,1.,0.));
#2274=DIRECTION('',(-1.,0.,0.));
#2275=DIRECTION('',(-1.,6.12303176911189E-17,0.));
#2276=DIRECTION('',(6.12303176911189E-17,1.,0.));
#2277=DIRECTION('',(0.,0.,1.));
#2278=DIRECTION('',(1.,0.,0.));
#2279=DIRECTION('',(6.12303176911189E-17,1.,0.));
#2280=DIRECTION('',(-1.,0.,0.));
#2281=DIRECTION('',(6.12303176911189E-17,1.,0.));
#2282=DIRECTION('',(-1.,0.,0.));
#2283=DIRECTION('',(0.,0.,1.));
#2284=DIRECTION('',(1.,-6.12303176911189E-17,0.));
#2285=DIRECTION('',(-6.12303176911189E-17,-1.,0.));
#2286=DIRECTION('',(-1.,0.,0.));
#2287=DIRECTION('',(1.,-6.12303176911189E-17,0.));
#2288=DIRECTION('',(-6.12303176911189E-17,-1.,0.));
#2289=DIRECTION('',(0.,-1.,0.));
#2290=DIRECTION('',(0.,0.,-1.));
#2291=DIRECTION('',(0.,0.,1.));
#2292=DIRECTION('',(-1.,0.,0.));
#2293=DIRECTION('',(0.,0.,1.));
#2294=DIRECTION('',(-1.,0.,0.));
#2295=DIRECTION('',(0.,0.,1.));
#2296=DIRECTION('',(1.,-6.12303176911189E-17,0.));
#2297=DIRECTION('',(-6.12303176911189E-17,-1.,0.));
#2298=DIRECTION('',(-1.,0.,0.));
#2299=DIRECTION('',(1.,-6.12303176911189E-17,0.));
#2300=DIRECTION('',(-6.12303176911189E-17,-1.,0.));
#2301=DIRECTION('',(0.,0.,-1.));
#2302=DIRECTION('',(-1.,0.,0.));
#2303=DIRECTION('',(-6.12303176911189E-17,-1.,0.));
#2304=DIRECTION('',(-1.,0.,0.));
#2305=DIRECTION('',(-6.12303176911189E-17,-1.,0.));
#2306=DIRECTION('',(0.,-1.,0.));
#2307=DIRECTION('',(0.,0.,-1.));
#2308=DIRECTION('',(0.,0.,1.));
#2309=DIRECTION('',(-1.,0.,0.));
#2310=DIRECTION('',(0.,0.,1.));
#2311=DIRECTION('',(0.,0.,1.));
#2312=DIRECTION('',(1.,0.,0.));
#2313=DIRECTION('',(6.12303176911189E-17,1.,0.));
#2314=DIRECTION('',(-1.,0.,0.));
#2315=DIRECTION('',(6.12303176911189E-17,1.,0.));
#2316=DIRECTION('',(-1.,0.,0.));
#2317=DIRECTION('',(0.,0.,1.));
#2318=DIRECTION('',(1.,-6.12303176911189E-17,0.));
#2319=DIRECTION('',(-6.12303176911189E-17,-1.,0.));
#2320=DIRECTION('',(-1.,0.,0.));
#2321=DIRECTION('',(1.,-6.12303176911189E-17,0.));
#2322=DIRECTION('',(-6.12303176911189E-17,-1.,0.));
#2323=DIRECTION('',(0.,-1.,0.));
#2324=DIRECTION('',(0.,0.,-1.));
#2325=DIRECTION('',(0.,0.,1.));
#2326=DIRECTION('',(-1.,0.,0.));
#2327=DIRECTION('',(0.,0.,1.));
#2328=DIRECTION('',(-1.,0.,0.));
#2329=DIRECTION('',(0.,0.,1.));
#2330=DIRECTION('',(1.,-6.12303176911189E-17,0.));
#2331=DIRECTION('',(-6.12303176911189E-17,-1.,0.));
#2332=DIRECTION('',(-1.,0.,0.));
#2333=DIRECTION('',(1.,-6.12303176911189E-17,0.));
#2334=DIRECTION('',(-6.12303176911189E-17,-1.,0.));
#2335=DIRECTION('',(0.,1.46776097371982E-16,-1.));
#2336=DIRECTION('',(0.,1.,1.46776097371982E-16));
#2337=DIRECTION('',(-6.12303176911189E-17,-1.,-1.46776097371982E-16));
#2338=DIRECTION('',(-1.,0.,0.));
#2339=DIRECTION('',(-6.12303176911189E-17,-1.,-1.46776097371982E-16));
#2340=DIRECTION('',(0.,-1.,0.));
#2341=DIRECTION('',(0.,0.,-1.));
#2342=DIRECTION('',(0.,0.,1.));
#2343=DIRECTION('',(-1.,0.,0.));
#2344=DIRECTION('',(0.,0.,1.));
#2345=DIRECTION('',(0.,-0.0135719445801784,0.999907896918668));
#2346=DIRECTION('',(0.,-0.999907896918668,-0.0135719445801784));
#2347=DIRECTION('',(6.12246781901886E-17,0.999907896918668,0.0135719445801784));
#2348=DIRECTION('',(-1.,0.,0.));
#2349=DIRECTION('',(6.12246781901886E-17,0.999907896918668,0.0135719445801784));
#2350=DIRECTION('',(-1.,0.,0.));
#2351=DIRECTION('',(0.,0.,1.));
#2352=DIRECTION('',(1.,-6.12303176911189E-17,0.));
#2353=DIRECTION('',(-6.12303176911189E-17,-1.,0.));
#2354=DIRECTION('',(-1.,0.,0.));
#2355=DIRECTION('',(1.,-6.12303176911189E-17,0.));
#2356=DIRECTION('',(-6.12303176911189E-17,-1.,0.));
#2357=DIRECTION('',(0.,-1.,1.28648233647355E-14));
#2358=DIRECTION('',(0.,-1.28648233647355E-14,-1.));
#2359=DIRECTION('',(7.87717221662883E-31,1.28648233647355E-14,1.));
#2360=DIRECTION('',(-1.,0.,0.));
#2361=DIRECTION('',(7.87717221662883E-31,1.28648233647355E-14,1.));
#2362=DIRECTION('',(-1.,0.,0.));
#2363=DIRECTION('',(0.,0.,1.));
#2364=DIRECTION('',(1.,-6.12303176911189E-17,0.));
#2365=DIRECTION('',(-6.12303176911189E-17,-1.,0.));
#2366=DIRECTION('',(-1.,0.,0.));
#2367=DIRECTION('',(1.,-6.12303176911189E-17,0.));
#2368=DIRECTION('',(-6.12303176911189E-17,-1.,0.));
#2369=DIRECTION('',(0.,0.,-1.));
#2370=DIRECTION('',(-1.,0.,0.));
#2371=DIRECTION('',(-6.12303176911189E-17,-1.,0.));
#2372=DIRECTION('',(-1.,0.,0.));
#2373=DIRECTION('',(-6.12303176911189E-17,-1.,0.));
#2374=DIRECTION('',(0.,-1.,-6.20766941433719E-16));
#2375=DIRECTION('',(0.,6.20766941433719E-16,-1.));
#2376=DIRECTION('',(-3.80097570361308E-32,-6.20766941433719E-16,1.));
#2377=DIRECTION('',(-1.,0.,0.));
#2378=DIRECTION('',(-3.80097570361308E-32,-6.20766941433719E-16,1.));
#2379=DIRECTION('',(0.,-0.171757426084298,0.985139272684272));
#2380=DIRECTION('',(0.,-0.985139272684272,-0.171757426084298));
#2381=DIRECTION('',(6.03203906364558E-17,0.985139272684272,0.171757426084298));
#2382=DIRECTION('',(-1.,0.,0.));
#2383=DIRECTION('',(6.03203906364558E-17,0.985139272684272,0.171757426084298));
#2384=DIRECTION('',(-1.,0.,0.));
#2385=DIRECTION('',(0.,0.,1.));
#2386=DIRECTION('',(1.,-6.12303176911189E-17,0.));
#2387=DIRECTION('',(-6.12303176911189E-17,-1.,0.));
#2388=DIRECTION('',(-1.,0.,0.));
#2389=DIRECTION('',(1.,-6.12303176911189E-17,0.));
#2390=DIRECTION('',(-6.12303176911189E-17,-1.,0.));
#2391=DIRECTION('',(0.,-1.,0.));
#2392=DIRECTION('',(0.,0.,-1.));
#2393=DIRECTION('',(0.,0.,1.));
#2394=DIRECTION('',(-1.,0.,0.));
#2395=DIRECTION('',(0.,0.,1.));
#2396=DIRECTION('',(-1.,0.,0.));
#2397=DIRECTION('',(0.,0.,1.));
#2398=DIRECTION('',(1.,-6.12303176911189E-17,0.));
#2399=DIRECTION('',(-6.12303176911189E-17,-1.,0.));
#2400=DIRECTION('',(-1.,0.,0.));
#2401=DIRECTION('',(1.,-6.12303176911189E-17,0.));
#2402=DIRECTION('',(-6.12303176911189E-17,-1.,0.));
#2403=DIRECTION('',(0.,0.174609535303511,-0.984637755817383));
#2404=DIRECTION('',(0.,0.984637755817383,0.174609535303511));
#2405=DIRECTION('',(-6.02896825993687E-17,-0.984637755817383,-0.174609535303511));
#2406=DIRECTION('',(-1.,0.,0.));
#2407=DIRECTION('',(-6.02896825993687E-17,-0.984637755817383,-0.174609535303511));
#2408=DIRECTION('',(0.,-1.,6.9431110292918E-16));
#2409=DIRECTION('',(0.,-6.9431110292918E-16,-1.));
#2410=DIRECTION('',(4.25128894088248E-32,6.9431110292918E-16,1.));
#2411=DIRECTION('',(-1.,0.,0.));
#2412=DIRECTION('',(4.25128894088248E-32,6.9431110292918E-16,1.));
#2413=DIRECTION('',(0.,-0.355922566051084,0.934515450367522));
#2414=DIRECTION('',(0.,-0.934515450367522,-0.355922566051084));
#2415=DIRECTION('',(5.72206779132624E-17,0.934515450367522,0.355922566051084));
#2416=DIRECTION('',(-1.,0.,0.));
#2417=DIRECTION('',(5.72206779132624E-17,0.934515450367522,0.355922566051084));
#2418=DIRECTION('',(-1.,0.,0.));
#2419=DIRECTION('',(0.,0.,1.));
#2420=DIRECTION('',(1.,-6.12303176911189E-17,0.));
#2421=DIRECTION('',(6.12303176911189E-17,1.,0.));
#2422=DIRECTION('',(-1.,0.,0.));
#2423=DIRECTION('',(1.,-6.12303176911189E-17,0.));
#2424=DIRECTION('',(6.12303176911189E-17,1.,0.));
#2425=DIRECTION('',(-1.,0.,0.));
#2426=DIRECTION('',(0.,0.,1.));
#2427=DIRECTION('',(1.,-6.12303176911189E-17,0.));
#2428=DIRECTION('',(6.12303176911189E-17,1.,0.));
#2429=DIRECTION('',(-1.,0.,0.));
#2430=DIRECTION('',(1.,-6.12303176911189E-17,0.));
#2431=DIRECTION('',(6.12303176911189E-17,1.,0.));
#2432=DIRECTION('',(0.,0.33440674331164,-0.942428846135189));
#2433=DIRECTION('',(0.,0.942428846135189,0.33440674331164));
#2434=DIRECTION('',(-5.77052176501322E-17,-0.942428846135189,-0.33440674331164));
#2435=DIRECTION('',(-1.,0.,0.));
#2436=DIRECTION('',(-5.77052176501322E-17,-0.942428846135189,-0.33440674331164));
#2437=DIRECTION('',(0.,-1.,9.62389924216909E-16));
#2438=DIRECTION('',(0.,-9.62389924216909E-16,-1.));
#2439=DIRECTION('',(5.89274408025332E-32,9.62389924216909E-16,1.));
#2440=DIRECTION('',(-1.,0.,0.));
#2441=DIRECTION('',(5.89274408025332E-32,9.62389924216909E-16,1.));
#2442=DIRECTION('',(0.,-0.517307580781304,0.855799548297494));
#2443=DIRECTION('',(0.,-0.855799548297494,-0.517307580781304));
#2444=DIRECTION('',(5.24008782221716E-17,0.855799548297494,0.517307580781304));
#2445=DIRECTION('',(-1.,0.,0.));
#2446=DIRECTION('',(5.24008782221716E-17,0.855799548297494,0.517307580781304));
#2447=DIRECTION('',(-1.,0.,0.));
#2448=DIRECTION('',(0.,0.,1.));
#2449=DIRECTION('',(1.,-6.12303176911189E-17,0.));
#2450=DIRECTION('',(-6.12303176911189E-17,-1.,0.));
#2451=DIRECTION('',(-1.,0.,0.));
#2452=DIRECTION('',(1.,-6.12303176911189E-17,0.));
#2453=DIRECTION('',(-6.12303176911189E-17,-1.,0.));
#2454=DIRECTION('',(0.,-1.,2.27004159782714E-14));
#2455=DIRECTION('',(0.,-2.27004159782714E-14,-1.));
#2456=DIRECTION('',(1.38995368207011E-30,2.27004159782714E-14,1.));
#2457=DIRECTION('',(-1.,0.,0.));
#2458=DIRECTION('',(1.38995368207011E-30,2.27004159782714E-14,1.));
#2459=DIRECTION('',(-1.,0.,0.));
#2460=DIRECTION('',(0.,0.,1.));
#2461=DIRECTION('',(1.,-6.12303176911189E-17,0.));
#2462=DIRECTION('',(6.12303176911189E-17,1.,0.));
#2463=DIRECTION('',(-1.,0.,0.));
#2464=DIRECTION('',(1.,-6.12303176911189E-17,0.));
#2465=DIRECTION('',(6.12303176911189E-17,1.,0.));
#2466=DIRECTION('',(-1.,0.,0.));
#2467=DIRECTION('',(0.,0.,1.));
#2468=DIRECTION('',(1.,-6.12303176911189E-17,0.));
#2469=DIRECTION('',(6.12303176911189E-17,1.,0.));
#2470=DIRECTION('',(-1.,0.,0.));
#2471=DIRECTION('',(1.,-6.12303176911189E-17,0.));
#2472=DIRECTION('',(6.12303176911189E-17,1.,0.));
#2473=DIRECTION('',(0.,0.504831916764859,-0.863217664216574));
#2474=DIRECTION('',(0.,0.863217664216574,0.504831916764859));
#2475=DIRECTION('',(-5.28550918165664E-17,-0.863217664216574,-0.504831916764859));
#2476=DIRECTION('',(-1.,0.,0.));
#2477=DIRECTION('',(-5.28550918165664E-17,-0.863217664216574,-0.504831916764859));
#2478=DIRECTION('',(0.,-0.707106781186548,-0.707106781186548));
#2479=DIRECTION('',(0.,0.707106781186548,-0.707106781186548));
#2480=DIRECTION('',(-4.32963728535968E-17,-0.707106781186548,0.707106781186548));
#2481=DIRECTION('',(-1.,0.,0.));
#2482=DIRECTION('',(-4.32963728535968E-17,-0.707106781186548,0.707106781186548));
#2483=DIRECTION('',(0.,-0.826919046499935,0.562320985323897));
#2484=DIRECTION('',(0.,-0.562320985323897,-0.826919046499935));
#2485=DIRECTION('',(3.44310925757652E-17,0.562320985323898,0.826919046499935));
#2486=DIRECTION('',(-1.,0.,0.));
#2487=DIRECTION('',(3.44310925757652E-17,0.562320985323898,0.826919046499935));
#2488=DIRECTION('',(-1.,0.,0.));
#2489=DIRECTION('',(0.,0.,1.));
#2490=DIRECTION('',(1.,-6.12303176911189E-17,0.));
#2491=DIRECTION('',(-6.12303176911189E-17,-1.,0.));
#2492=DIRECTION('',(-1.,0.,0.));
#2493=DIRECTION('',(1.,-6.12303176911189E-17,0.));
#2494=DIRECTION('',(-6.12303176911189E-17,-1.,0.));
#2495=DIRECTION('',(0.,4.46266661041185E-14,-1.));
#2496=DIRECTION('',(0.,1.,4.46266661041185E-14));
#2497=DIRECTION('',(-6.12303176911189E-17,-1.,-4.46266661041185E-14));
#2498=DIRECTION('',(-1.,0.,0.));
#2499=DIRECTION('',(-6.12303176911189E-17,-1.,-4.46266661041185E-14));
#2500=DIRECTION('',(-1.,0.,0.));
#2501=DIRECTION('',(0.,0.,1.));
#2502=DIRECTION('',(1.,-6.12303176911189E-17,0.));
#2503=DIRECTION('',(6.12303176911189E-17,1.,0.));
#2504=DIRECTION('',(-1.,0.,0.));
#2505=DIRECTION('',(1.,-6.12303176911189E-17,0.));
#2506=DIRECTION('',(6.12303176911189E-17,1.,0.));
#2507=DIRECTION('',(0.,0.805956992643699,-0.591974092345877));
#2508=DIRECTION('',(0.,0.591974092345877,0.805956992643699));
#2509=DIRECTION('',(-3.62467617392498E-17,-0.591974092345877,-0.805956992643699));
#2510=DIRECTION('',(-1.,0.,0.));
#2511=DIRECTION('',(-3.62467617392498E-17,-0.591974092345877,-0.805956992643699));
#2512=DIRECTION('',(0.,-0.180026911024984,-0.983661685391274));
#2513=DIRECTION('',(0.,0.983661685391274,-0.180026911024984));
#2514=DIRECTION('',(-6.02299174970891E-17,-0.983661685391274,0.180026911024984));
#2515=DIRECTION('',(-1.,0.,0.));
#2516=DIRECTION('',(-6.02299174970891E-17,-0.983661685391274,0.180026911024984));
#2517=DIRECTION('',(0.,-1.,-8.2045855041142E-16));
#2518=DIRECTION('',(0.,8.2045855041142E-16,-1.));
#2519=DIRECTION('',(-5.02369376940861E-32,-8.2045855041142E-16,1.));
#2520=DIRECTION('',(-1.,0.,0.));
#2521=DIRECTION('',(-5.02369376940861E-32,-8.2045855041142E-16,1.));
#2522=DIRECTION('',(-1.,0.,0.));
#2523=DIRECTION('',(0.,0.,1.));
#2524=DIRECTION('',(1.,-6.12303176911189E-17,0.));
#2525=DIRECTION('',(-6.12303176911189E-17,-1.,0.));
#2526=DIRECTION('',(-1.,0.,0.));
#2527=DIRECTION('',(1.,-6.12303176911189E-17,0.));
#2528=DIRECTION('',(-6.12303176911189E-17,-1.,0.));
#2529=DIRECTION('',(0.,0.,-1.));
#2530=DIRECTION('',(-1.,0.,0.));
#2531=DIRECTION('',(-6.12303176911189E-17,-1.,0.));
#2532=DIRECTION('',(-6.12303176911189E-17,-1.,0.));
#2533=DIRECTION('',(1.,-6.12303176911189E-17,0.));
#2534=DIRECTION('',(6.12303176911189E-17,1.,0.));
#2535=DIRECTION('',(0.,0.,1.));
#2536=DIRECTION('',(0.,0.,-1.));
#2537=DIRECTION('',(-4.45123877583417E-17,-0.726966467541258,-0.686672960783068));
#2538=DIRECTION('',(-4.20452035386485E-17,-0.686672960783068,0.726966467541258));
#2539=DIRECTION('',(1.,-6.12303176911189E-17,0.));
#2540=DIRECTION('',(6.12303176911189E-17,1.,0.));
#2541=DIRECTION('',(0.,0.,1.));
#2542=DIRECTION('',(-4.20452035386485E-17,-0.686672960783068,0.726966467541258));
#2543=DIRECTION('',(-4.45123877583417E-17,-0.726966467541258,-0.686672960783068));
#2544=DIRECTION('',(0.,0.,-1.));
#2545=DIRECTION('',(0.,0.726966467541258,0.686672960783068));
#2546=DIRECTION('',(0.,-0.686672960783068,0.726966467541258));
#2547=DIRECTION('',(-1.,0.,0.));
#2548=DIRECTION('',(-1.,0.,0.));
#2549=DIRECTION('',(0.,1.,0.));
#2550=DIRECTION('',(0.,0.,1.));
#2551=DIRECTION('',(0.,-1.,0.));
#2552=DIRECTION('',(0.,0.,-1.));
#2553=DIRECTION('',(-1.,0.,0.));
#2554=DIRECTION('',(0.,-0.686672960783068,0.726966467541258));
#2555=DIRECTION('',(0.,-0.726966467541258,-0.686672960783068));
#2556=DIRECTION('',(0.,0.,1.));
#2557=DIRECTION('',(1.,0.,0.));
#2558=DIRECTION('',(0.,0.,1.));
#2559=DIRECTION('',(1.,0.,0.));
#2560=DIRECTION('',(0.,0.,1.));
#2561=DIRECTION('',(1.,0.,0.));
#2562=DIRECTION('',(0.,0.,1.));
#2563=DIRECTION('',(1.,0.,0.));
#2564=DIRECTION('',(0.,0.,1.));
#2565=DIRECTION('',(1.,0.,0.));
#2566=DIRECTION('',(0.,0.,-1.));
#2567=DIRECTION('',(-1.,0.,0.));
#2568=DIRECTION('',(0.,0.,1.));
#2569=DIRECTION('',(1.,0.,0.));
#2570=DIRECTION('',(0.,0.,-1.));
#2571=DIRECTION('',(-1.,0.,0.));
#2572=DIRECTION('',(0.,0.,1.));
#2573=DIRECTION('',(1.,0.,0.));
#2574=DIRECTION('',(0.,0.,1.));
#2575=DIRECTION('',(1.,0.,0.));
#2576=DIRECTION('',(0.,0.,1.));
#2577=DIRECTION('',(1.,0.,0.));
#2578=DIRECTION('',(0.,0.,1.));
#2579=DIRECTION('',(1.,0.,0.));
#2580=DIRECTION('',(0.,0.,-1.));
#2581=DIRECTION('',(-1.,0.,0.));
#2582=DIRECTION('',(0.,0.,1.));
#2583=DIRECTION('',(1.,0.,0.));
#2584=DIRECTION('',(0.,0.,1.));
#2585=DIRECTION('',(1.,0.,0.));
#2586=CARTESIAN_POINT('',(0.,0.,0.));
#2587=CARTESIAN_POINT('',(22.97,-10.7471792888287,-2.26925980187244));
#2588=CARTESIAN_POINT('',(22.97,-11.63535475712,-2.26925980187244));
#2589=CARTESIAN_POINT('',(24.1013974095024,-11.63535475712,-2.26925980187244));
#2590=CARTESIAN_POINT('',(22.97,-11.63535475712,-2.26925980187244));
#2591=CARTESIAN_POINT('',(23.8581754682913,-11.63535475712,-2.26925980187244));
#2592=CARTESIAN_POINT('',(22.97,-11.63535475712,4.59970432512891));
#2593=CARTESIAN_POINT('',(22.97,-11.63535475712,3.75953312888207));
#2594=CARTESIAN_POINT('',(24.1013974095024,-11.63535475712,3.75953312888207));
#2595=CARTESIAN_POINT('',(22.97,-11.63535475712,3.75953312888207));
#2596=CARTESIAN_POINT('',(22.97,-11.63535475712,4.59970432512891));
#2597=CARTESIAN_POINT('',(23.3077943086018,-11.63535475712,4.59970432512891));
#2598=CARTESIAN_POINT('',(22.97,-11.2975604485182,4.59970432512891));
#2599=CARTESIAN_POINT('',(22.97,-11.63535475712,-3.36790843132843));
#2600=CARTESIAN_POINT('',(22.97,-11.63535475712,-3.36790843132843));
#2601=CARTESIAN_POINT('',(24.0582893315736,-11.63535475712,-3.36790843132843));
#2602=CARTESIAN_POINT('',(22.97,-11.63535475712,4.59970432512891));
#2603=CARTESIAN_POINT('',(22.97,-11.63535475712,-2.66298465490108));
#2604=CARTESIAN_POINT('',(24.0582893315736,-11.63535475712,-2.66298465490108));
#2605=CARTESIAN_POINT('',(22.97,-10.5470654255464,-2.66298465490108));
#2606=CARTESIAN_POINT('',(22.97,-11.63535475712,-2.66298465490108));
#2607=CARTESIAN_POINT('',(23.8581754682913,-11.63535475712,-2.66298465490108));
#2608=CARTESIAN_POINT('',(22.97,-11.63535475712,4.59970432512891));
#2609=CARTESIAN_POINT('',(25.,-14.4175090642228,2.60208521396521E-15));
#2610=CARTESIAN_POINT('',(32.9994470048482,-12.9303807657182,2.74093112355748E-15));
#2611=CARTESIAN_POINT('',(25.,-12.9303807657182,2.74093112355748E-15));
#2612=CARTESIAN_POINT('',(-25.,-12.9303807657182,2.74093112355748E-15));
#2613=CARTESIAN_POINT('',(25.,-14.4175090642228,2.60208521396521E-15));
#2614=CARTESIAN_POINT('',(25.,-14.4175090642228,2.60208521396521E-15));
#2615=CARTESIAN_POINT('',(25.,-14.4175090642228,2.60208521396521E-15));
#2616=CARTESIAN_POINT('',(-25.,-14.4175090642228,2.60208521396521E-15));
#2617=CARTESIAN_POINT('',(-25.,-14.4175090642228,2.60208521396521E-15));
#2618=CARTESIAN_POINT('',(25.,-17.708148749317,34.55));
#2619=CARTESIAN_POINT('',(-25.,-17.708148749317,34.55));
#2620=CARTESIAN_POINT('',(-25.,-17.708148749317,35.05));
#2621=CARTESIAN_POINT('',(-25.,-18.208148749317,34.55));
#2622=CARTESIAN_POINT('',(25.,-18.208148749317,34.55));
#2623=CARTESIAN_POINT('',(25.,-18.208148749317,34.55));
#2624=CARTESIAN_POINT('',(25.,-17.708148749317,34.55));
#2625=CARTESIAN_POINT('',(25.,-17.708148749317,35.05));
#2626=CARTESIAN_POINT('',(25.,-17.708148749317,35.05));
#2627=CARTESIAN_POINT('',(25.,-18.208148749317,34.55));
#2628=CARTESIAN_POINT('',(-25.,-18.208148749317,34.55));
#2629=CARTESIAN_POINT('',(-25.,-18.208148749317,30.3213318360643));
#2630=CARTESIAN_POINT('',(25.,-18.208148749317,30.3213318360643));
#2631=CARTESIAN_POINT('',(25.,-18.208148749317,30.3213318360643));
#2632=CARTESIAN_POINT('',(25.,-18.208148749317,34.55));
#2633=CARTESIAN_POINT('',(25.,-18.208148749317,30.3213318360643));
#2634=CARTESIAN_POINT('',(-25.,-18.208148749317,30.3213318360643));
#2635=CARTESIAN_POINT('',(-25.,-20.0238611680157,29.2055895241484));
#2636=CARTESIAN_POINT('',(25.,-20.0238611680157,29.2055895241484));
#2637=CARTESIAN_POINT('',(25.,-20.0238611680157,29.2055895241484));
#2638=CARTESIAN_POINT('',(25.,-18.208148749317,30.3213318360643));
#2639=CARTESIAN_POINT('',(25.,-20.2856342850576,29.6315881570032));
#2640=CARTESIAN_POINT('',(-25.,-20.2856342850576,29.6315881570032));
#2641=CARTESIAN_POINT('',(-25.,-20.7852406978272,29.6117530285811));
#2642=CARTESIAN_POINT('',(25.,-20.7852406978272,29.6117530285811));
#2643=CARTESIAN_POINT('',(25.,-20.7852406978272,29.6117530285811));
#2644=CARTESIAN_POINT('',(25.,-20.2856342850576,29.6315881570032));
#2645=CARTESIAN_POINT('',(25.,-20.7852406978272,29.6117530285811));
#2646=CARTESIAN_POINT('',(-25.,-20.7852406978272,29.6117530285811));
#2647=CARTESIAN_POINT('',(-25.,-20.9820840382327,34.5698351284221));
#2648=CARTESIAN_POINT('',(25.,-20.9820840382327,34.5698351284221));
#2649=CARTESIAN_POINT('',(25.,-20.9820840382327,34.5698351284221));
#2650=CARTESIAN_POINT('',(25.,-20.7852406978272,29.6117530285811));
#2651=CARTESIAN_POINT('',(25.,-21.4816904510022,34.55));
#2652=CARTESIAN_POINT('',(-25.,-21.4816904510022,34.55));
#2653=CARTESIAN_POINT('',(-25.,-21.4816904510022,35.05));
#2654=CARTESIAN_POINT('',(25.,-21.4816904510022,35.05));
#2655=CARTESIAN_POINT('',(25.,-21.4816904510022,35.05));
#2656=CARTESIAN_POINT('',(25.,-21.4816904510022,34.55));
#2657=CARTESIAN_POINT('',(25.,-21.4816904510022,35.05));
#2658=CARTESIAN_POINT('',(-25.,-21.4816904510022,35.05));
#2659=CARTESIAN_POINT('',(-25.,-21.6,35.05));
#2660=CARTESIAN_POINT('',(25.,-21.6,35.05));
#2661=CARTESIAN_POINT('',(25.,-21.6,35.05));
#2662=CARTESIAN_POINT('',(25.,-21.4816904510022,35.05));
#2663=CARTESIAN_POINT('',(25.,-21.6,34.55));
#2664=CARTESIAN_POINT('',(-25.,-21.6,34.55));
#2665=CARTESIAN_POINT('',(-25.,-22.1,34.55));
#2666=CARTESIAN_POINT('',(25.,-22.1,34.55));
#2667=CARTESIAN_POINT('',(25.,-22.1,34.55));
#2668=CARTESIAN_POINT('',(25.,-21.6,34.55));
#2669=CARTESIAN_POINT('',(25.,-22.1,34.55));
#2670=CARTESIAN_POINT('',(-25.,-22.1,34.55));
#2671=CARTESIAN_POINT('',(-25.,-22.1,29.3906465899393));
#2672=CARTESIAN_POINT('',(25.,-22.1,29.3906465899393));
#2673=CARTESIAN_POINT('',(25.,-22.1,29.3906465899393));
#2674=CARTESIAN_POINT('',(25.,-22.1,34.55));
#2675=CARTESIAN_POINT('',(25.,-22.1,29.3906465899393));
#2676=CARTESIAN_POINT('',(-25.,-22.1,29.3906465899393));
#2677=CARTESIAN_POINT('',(-25.,-20.7513669492162,16.533535703333));
#2678=CARTESIAN_POINT('',(25.,-20.7513669492162,16.533535703333));
#2679=CARTESIAN_POINT('',(25.,-20.7513669492162,16.533535703333));
#2680=CARTESIAN_POINT('',(25.,-22.1,29.3906465899393));
#2681=CARTESIAN_POINT('',(25.,-20.7513669492162,16.533535703333));
#2682=CARTESIAN_POINT('',(-25.,-20.7513669492162,16.533535703333));
#2683=CARTESIAN_POINT('',(-25.,-22.1,16.533535703333));
#2684=CARTESIAN_POINT('',(25.,-22.1,16.533535703333));
#2685=CARTESIAN_POINT('',(25.,-22.1,16.533535703333));
#2686=CARTESIAN_POINT('',(25.,-20.7513669492162,16.533535703333));
#2687=CARTESIAN_POINT('',(25.,-22.1,16.533535703333));
#2688=CARTESIAN_POINT('',(-25.,-22.1,16.533535703333));
#2689=CARTESIAN_POINT('',(-25.,-22.1,11.8801059491472));
#2690=CARTESIAN_POINT('',(25.,-22.1,11.8801059491472));
#2691=CARTESIAN_POINT('',(25.,-22.1,11.8801059491472));
#2692=CARTESIAN_POINT('',(25.,-22.1,16.533535703333));
#2693=CARTESIAN_POINT('',(25.,-21.4489665451401,11.8801059491472));
#2694=CARTESIAN_POINT('',(-25.,-21.4489665451401,11.8801059491472));
#2695=CARTESIAN_POINT('',(-25.,-21.4489665451401,11.2290724942873));
#2696=CARTESIAN_POINT('',(25.,-21.4489665451401,11.2290724942873));
#2697=CARTESIAN_POINT('',(25.,-21.4489665451401,11.2290724942873));
#2698=CARTESIAN_POINT('',(25.,-21.4489665451401,11.8801059491472));
#2699=CARTESIAN_POINT('',(25.,-21.4489665451401,11.2290724942873));
#2700=CARTESIAN_POINT('',(-25.,-21.4489665451401,11.2290724942873));
#2701=CARTESIAN_POINT('',(-25.,-21.4036285092672,11.2290724942873));
#2702=CARTESIAN_POINT('',(25.,-21.4036285092672,11.2290724942873));
#2703=CARTESIAN_POINT('',(25.,-21.4036285092672,11.2290724942873));
#2704=CARTESIAN_POINT('',(25.,-21.4489665451401,11.2290724942873));
#2705=CARTESIAN_POINT('',(25.,-21.4036285092672,12.6083233046752));
#2706=CARTESIAN_POINT('',(-25.,-21.4036285092672,12.6083233046752));
#2707=CARTESIAN_POINT('',(-25.,-20.2680307917673,11.825539412426));
#2708=CARTESIAN_POINT('',(25.,-20.2680307917673,11.825539412426));
#2709=CARTESIAN_POINT('',(25.,-20.2680307917673,11.825539412426));
#2710=CARTESIAN_POINT('',(25.,-21.4036285092672,12.6083233046752));
#2711=CARTESIAN_POINT('',(25.,-24.3506196124986,14.6397267943635));
#2712=CARTESIAN_POINT('',(-25.,-24.3506196124986,14.6397267943635));
#2713=CARTESIAN_POINT('',(-25.,-19.4115555484499,15.0788489539486));
#2714=CARTESIAN_POINT('',(25.,-19.4115555484499,15.0788489539486));
#2715=CARTESIAN_POINT('',(25.,-19.4115555484499,15.0788489539486));
#2716=CARTESIAN_POINT('',(25.,-24.3506196124986,14.6397267943635));
#2717=CARTESIAN_POINT('',(25.,-19.4115555484499,15.0788489539486));
#2718=CARTESIAN_POINT('',(-25.,-19.4115555484499,15.0788489539486));
#2719=CARTESIAN_POINT('',(-25.,-20.3872814215775,24.0061016911992));
#2720=CARTESIAN_POINT('',(25.,-20.3872814215775,24.0061016911992));
#2721=CARTESIAN_POINT('',(25.,-20.3872814215775,24.0061016911992));
#2722=CARTESIAN_POINT('',(25.,-19.4115555484499,15.0788489539486));
#2723=CARTESIAN_POINT('',(25.,-17.4003850716231,24.3325618167023));
#2724=CARTESIAN_POINT('',(-25.,-17.4003850716231,24.3325618167023));
#2725=CARTESIAN_POINT('',(-25.,-17.4003850716231,27.3372458298582));
#2726=CARTESIAN_POINT('',(25.,-17.4003850716231,27.3372458298582));
#2727=CARTESIAN_POINT('',(25.,-17.4003850716231,27.3372458298582));
#2728=CARTESIAN_POINT('',(25.,-17.4003850716231,24.3325618167023));
#2729=CARTESIAN_POINT('',(25.,-17.4003850716231,27.3372458298582));
#2730=CARTESIAN_POINT('',(-25.,-17.4003850716231,27.3372458298582));
#2731=CARTESIAN_POINT('',(-25.,-15.2998363381912,27.3372458298582));
#2732=CARTESIAN_POINT('',(25.,-15.2998363381912,27.3372458298582));
#2733=CARTESIAN_POINT('',(25.,-15.2998363381912,27.3372458298582));
#2734=CARTESIAN_POINT('',(25.,-17.4003850716231,27.3372458298582));
#2735=CARTESIAN_POINT('',(25.,-15.2998363381912,26.9248146867915));
#2736=CARTESIAN_POINT('',(-25.,-15.2998363381912,26.9248146867915));
#2737=CARTESIAN_POINT('',(-25.,-14.8874051951245,26.9248146867915));
#2738=CARTESIAN_POINT('',(25.,-14.8874051951245,26.9248146867915));
#2739=CARTESIAN_POINT('',(25.,-14.8874051951245,26.9248146867915));
#2740=CARTESIAN_POINT('',(25.,-15.2998363381912,26.9248146867915));
#2741=CARTESIAN_POINT('',(25.,-14.8874051951245,26.9248146867915));
#2742=CARTESIAN_POINT('',(-25.,-14.8874051951245,26.9248146867915));
#2743=CARTESIAN_POINT('',(-25.,-14.8874051951245,2.97941266849985));
#2744=CARTESIAN_POINT('',(25.,-14.8874051951245,2.97941266849985));
#2745=CARTESIAN_POINT('',(25.,-14.8874051951245,2.97941266849985));
#2746=CARTESIAN_POINT('',(25.,-14.8874051951245,26.9248146867915));
#2747=CARTESIAN_POINT('',(25.,-14.8874051951245,2.97941266849985));
#2748=CARTESIAN_POINT('',(-25.,-14.8874051951245,2.97941266849985));
#2749=CARTESIAN_POINT('',(-25.,-14.4175090642228,2.97941266849985));
#2750=CARTESIAN_POINT('',(25.,-14.4175090642228,2.97941266849985));
#2751=CARTESIAN_POINT('',(25.,-14.4175090642228,2.97941266849985));
#2752=CARTESIAN_POINT('',(25.,-14.8874051951245,2.97941266849985));
#2753=CARTESIAN_POINT('',(25.,-14.4175090642228,2.97941266849985));
#2754=CARTESIAN_POINT('',(-25.,-14.4175090642228,2.97941266849985));
#2755=CARTESIAN_POINT('',(25.,-14.4175090642228,2.97941266849985));
#2756=CARTESIAN_POINT('',(25.,-14.4175090642228,2.60208521396521E-15));
#2757=CARTESIAN_POINT('',(25.,-14.4175090642228,2.60208521396521E-15));
#2758=CARTESIAN_POINT('',(25.,-10.4799088303459,2.60208521396521E-15));
#2759=CARTESIAN_POINT('',(25.,-8.53774061046205,3.15105049152417E-15));
#2760=CARTESIAN_POINT('',(32.9994470048482,-10.4799088303459,2.60208521396521E-15));
#2761=CARTESIAN_POINT('',(-25.,-10.4799088303459,2.60208521396521E-15));
#2762=CARTESIAN_POINT('',(-25.,-14.4175090642228,2.60208521396521E-15));
#2763=CARTESIAN_POINT('',(-25.,-8.53774061046205,3.15105049152417E-15));
#2764=CARTESIAN_POINT('',(25.,-8.53774061046205,3.15105049152417E-15));
#2765=CARTESIAN_POINT('',(25.,-8.53774061046205,3.15105049152417E-15));
#2766=CARTESIAN_POINT('',(-25.,-8.53774061046205,3.15105049152417E-15));
#2767=CARTESIAN_POINT('',(-25.,-8.53774061046205,3.86925902000237));
#2768=CARTESIAN_POINT('',(25.,-8.53774061046205,3.86925902000237));
#2769=CARTESIAN_POINT('',(25.,-8.53774061046205,3.86925902000237));
#2770=CARTESIAN_POINT('',(25.,-8.53774061046205,3.15105049152417E-15));
#2771=CARTESIAN_POINT('',(25.,-8.53774061046205,3.86925902000237));
#2772=CARTESIAN_POINT('',(-25.,-8.53774061046205,3.86925902000237));
#2773=CARTESIAN_POINT('',(-25.,-0.5,3.86925902000237));
#2774=CARTESIAN_POINT('',(25.,-0.5,3.86925902000237));
#2775=CARTESIAN_POINT('',(25.,-0.5,3.86925902000237));
#2776=CARTESIAN_POINT('',(25.,-8.53774061046205,3.86925902000237));
#2777=CARTESIAN_POINT('',(25.,-0.5,4.36925902000237));
#2778=CARTESIAN_POINT('',(-25.,-0.5,4.36925902000237));
#2779=CARTESIAN_POINT('',(-25.,-1.0842021724855E-16,4.36925902000237));
#2780=CARTESIAN_POINT('',(25.,-1.0842021724855E-16,4.36925902000237));
#2781=CARTESIAN_POINT('',(25.,-1.0842021724855E-16,4.36925902000237));
#2782=CARTESIAN_POINT('',(25.,-0.5,4.36925902000237));
#2783=CARTESIAN_POINT('',(25.,-1.0842021724855E-16,4.36925902000237));
#2784=CARTESIAN_POINT('',(-25.,-1.0842021724855E-16,4.36925902000237));
#2785=CARTESIAN_POINT('',(-25.,0.,4.4018416922802));
#2786=CARTESIAN_POINT('',(25.,0.,4.4018416922802));
#2787=CARTESIAN_POINT('',(25.,0.,4.4018416922802));
#2788=CARTESIAN_POINT('',(25.,-1.0842021724855E-16,4.36925902000237));
#2789=CARTESIAN_POINT('',(25.,-0.5,4.4018416922802));
#2790=CARTESIAN_POINT('',(-25.,-0.5,4.4018416922802));
#2791=CARTESIAN_POINT('',(-25.,-0.5,4.9018416922802));
#2792=CARTESIAN_POINT('',(25.,-0.5,4.9018416922802));
#2793=CARTESIAN_POINT('',(25.,-0.5,4.9018416922802));
#2794=CARTESIAN_POINT('',(25.,-0.5,4.4018416922802));
#2795=CARTESIAN_POINT('',(25.,-0.5,4.9018416922802));
#2796=CARTESIAN_POINT('',(-25.,-0.5,4.9018416922802));
#2797=CARTESIAN_POINT('',(-25.,-7.77712046868731,4.9018416922802));
#2798=CARTESIAN_POINT('',(25.,-7.77712046868731,4.9018416922802));
#2799=CARTESIAN_POINT('',(25.,-7.77712046868731,4.9018416922802));
#2800=CARTESIAN_POINT('',(25.,-0.5,4.9018416922802));
#2801=CARTESIAN_POINT('',(25.,-7.77712046868731,4.9018416922802));
#2802=CARTESIAN_POINT('',(-25.,-7.77712046868731,4.9018416922802));
#2803=CARTESIAN_POINT('',(-25.,-10.2166168206171,7.28718505297898));
#2804=CARTESIAN_POINT('',(25.,-10.2166168206171,7.28718505297898));
#2805=CARTESIAN_POINT('',(25.,-10.2166168206171,7.28718505297898));
#2806=CARTESIAN_POINT('',(25.,-7.77712046868731,4.9018416922802));
#2807=CARTESIAN_POINT('',(25.,-9.9671238674309,7.54234209206942));
#2808=CARTESIAN_POINT('',(-25.,-9.9671238674309,7.54234209206942));
#2809=CARTESIAN_POINT('',(-25.,-9.9671238674309,7.89920599930434));
#2810=CARTESIAN_POINT('',(25.,-9.9671238674309,7.89920599930434));
#2811=CARTESIAN_POINT('',(25.,-9.9671238674309,7.89920599930434));
#2812=CARTESIAN_POINT('',(25.,-9.9671238674309,7.54234209206942));
#2813=CARTESIAN_POINT('',(25.,-9.9671238674309,7.89920599930434));
#2814=CARTESIAN_POINT('',(-25.,-9.9671238674309,7.89920599930434));
#2815=CARTESIAN_POINT('',(-25.,-0.5,7.89920599930434));
#2816=CARTESIAN_POINT('',(25.,-0.5,7.89920599930434));
#2817=CARTESIAN_POINT('',(25.,-0.5,7.89920599930434));
#2818=CARTESIAN_POINT('',(25.,-9.9671238674309,7.89920599930434));
#2819=CARTESIAN_POINT('',(25.,-0.5,8.39920599930434));
#2820=CARTESIAN_POINT('',(-25.,-0.5,8.39920599930434));
#2821=CARTESIAN_POINT('',(-25.,0.,8.39920599930434));
#2822=CARTESIAN_POINT('',(25.,0.,8.39920599930434));
#2823=CARTESIAN_POINT('',(25.,0.,8.39920599930434));
#2824=CARTESIAN_POINT('',(25.,-0.5,8.39920599930434));
#2825=CARTESIAN_POINT('',(25.,0.,8.39920599930434));
#2826=CARTESIAN_POINT('',(-25.,0.,8.39920599930434));
#2827=CARTESIAN_POINT('',(-25.,0.,8.45509569836967));
#2828=CARTESIAN_POINT('',(25.,0.,8.45509569836967));
#2829=CARTESIAN_POINT('',(25.,0.,8.45509569836967));
#2830=CARTESIAN_POINT('',(25.,0.,8.39920599930434));
#2831=CARTESIAN_POINT('',(25.,-0.5,8.45509569836967));
#2832=CARTESIAN_POINT('',(-25.,-0.5,8.45509569836967));
#2833=CARTESIAN_POINT('',(-25.,-0.5,8.95509569836967));
#2834=CARTESIAN_POINT('',(25.,-0.5,8.95509569836967));
#2835=CARTESIAN_POINT('',(25.,-0.5,8.95509569836967));
#2836=CARTESIAN_POINT('',(25.,-0.5,8.45509569836967));
#2837=CARTESIAN_POINT('',(25.,-0.5,8.95509569836967));
#2838=CARTESIAN_POINT('',(-25.,-0.5,8.95509569836967));
#2839=CARTESIAN_POINT('',(-25.,-12.3188418076032,8.95509569836967));
#2840=CARTESIAN_POINT('',(25.,-12.3188418076032,8.95509569836967));
#2841=CARTESIAN_POINT('',(25.,-12.3188418076032,8.95509569836967));
#2842=CARTESIAN_POINT('',(25.,-0.5,8.95509569836967));
#2843=CARTESIAN_POINT('',(25.,-12.3188418076032,8.95509569836967));
#2844=CARTESIAN_POINT('',(-25.,-12.3188418076032,8.95509569836967));
#2845=CARTESIAN_POINT('',(-25.,-12.3188418076032,11.8957149721031));
#2846=CARTESIAN_POINT('',(25.,-12.3188418076032,11.8957149721031));
#2847=CARTESIAN_POINT('',(25.,-12.3188418076032,11.8957149721031));
#2848=CARTESIAN_POINT('',(25.,-12.3188418076032,8.95509569836967));
#2849=CARTESIAN_POINT('',(25.,-12.3188418076032,11.8957149721031));
#2850=CARTESIAN_POINT('',(-25.,-12.3188418076032,11.8957149721031));
#2851=CARTESIAN_POINT('',(-25.,-0.5,11.8957149721031));
#2852=CARTESIAN_POINT('',(25.,-0.5,11.8957149721031));
#2853=CARTESIAN_POINT('',(25.,-0.5,11.8957149721031));
#2854=CARTESIAN_POINT('',(25.,-12.3188418076032,11.8957149721031));
#2855=CARTESIAN_POINT('',(25.,-0.5,12.3957149721031));
#2856=CARTESIAN_POINT('',(-25.,-0.5,12.3957149721031));
#2857=CARTESIAN_POINT('',(-25.,0.,12.3957149721031));
#2858=CARTESIAN_POINT('',(25.,0.,12.3957149721031));
#2859=CARTESIAN_POINT('',(25.,0.,12.3957149721031));
#2860=CARTESIAN_POINT('',(25.,-0.5,12.3957149721031));
#2861=CARTESIAN_POINT('',(25.,0.,12.3957149721031));
#2862=CARTESIAN_POINT('',(-25.,0.,12.3957149721031));
#2863=CARTESIAN_POINT('',(-25.,0.,12.7020018126815));
#2864=CARTESIAN_POINT('',(25.,0.,12.7020018126815));
#2865=CARTESIAN_POINT('',(25.,0.,12.7020018126815));
#2866=CARTESIAN_POINT('',(25.,0.,12.3957149721031));
#2867=CARTESIAN_POINT('',(25.,-0.5,12.7020018126815));
#2868=CARTESIAN_POINT('',(-25.,-0.5,12.7020018126815));
#2869=CARTESIAN_POINT('',(-25.,-0.5,13.2020018126815));
#2870=CARTESIAN_POINT('',(25.,-0.5,13.2020018126815));
#2871=CARTESIAN_POINT('',(25.,-0.5,13.2020018126815));
#2872=CARTESIAN_POINT('',(25.,-0.5,12.7020018126815));
#2873=CARTESIAN_POINT('',(25.,-0.5,13.2020018126815));
#2874=CARTESIAN_POINT('',(-25.,-0.5,13.2020018126815));
#2875=CARTESIAN_POINT('',(-25.,-12.3188418076032,13.2020018126815));
#2876=CARTESIAN_POINT('',(25.,-12.3188418076032,13.2020018126815));
#2877=CARTESIAN_POINT('',(25.,-12.3188418076032,13.2020018126815));
#2878=CARTESIAN_POINT('',(25.,-0.5,13.2020018126815));
#2879=CARTESIAN_POINT('',(25.,-12.3188418076032,13.2020018126815));
#2880=CARTESIAN_POINT('',(-25.,-12.3188418076032,13.2020018126815));
#2881=CARTESIAN_POINT('',(-25.,-12.3188418076032,15.9439184069585));
#2882=CARTESIAN_POINT('',(25.,-12.3188418076032,15.9439184069585));
#2883=CARTESIAN_POINT('',(25.,-12.3188418076032,15.9439184069585));
#2884=CARTESIAN_POINT('',(25.,-12.3188418076032,13.2020018126815));
#2885=CARTESIAN_POINT('',(25.,-12.3188418076032,15.9439184069585));
#2886=CARTESIAN_POINT('',(-25.,-12.3188418076032,15.9439184069585));
#2887=CARTESIAN_POINT('',(-25.,-0.493214027709911,16.1044299554212));
#2888=CARTESIAN_POINT('',(25.,-0.493214027709911,16.1044299554212));
#2889=CARTESIAN_POINT('',(25.,-0.493214027709911,16.1044299554212));
#2890=CARTESIAN_POINT('',(25.,-12.3188418076032,15.9439184069585));
#2891=CARTESIAN_POINT('',(25.,-0.500000000000001,16.6043839038805));
#2892=CARTESIAN_POINT('',(-25.,-0.500000000000001,16.6043839038805));
#2893=CARTESIAN_POINT('',(-25.,-1.30104260698261E-15,16.6043839038805));
#2894=CARTESIAN_POINT('',(25.,-1.30104260698261E-15,16.6043839038805));
#2895=CARTESIAN_POINT('',(25.,-1.30104260698261E-15,16.6043839038805));
#2896=CARTESIAN_POINT('',(25.,-0.500000000000001,16.6043839038805));
#2897=CARTESIAN_POINT('',(25.,-1.30104260698261E-15,16.6043839038805));
#2898=CARTESIAN_POINT('',(-25.,-1.30104260698261E-15,16.6043839038805));
#2899=CARTESIAN_POINT('',(-25.,0.,16.7055156932644));
#2900=CARTESIAN_POINT('',(25.,0.,16.7055156932644));
#2901=CARTESIAN_POINT('',(25.,0.,16.7055156932644));
#2902=CARTESIAN_POINT('',(25.,-1.30104260698261E-15,16.6043839038805));
#2903=CARTESIAN_POINT('',(25.,-0.5,16.7055156932644));
#2904=CARTESIAN_POINT('',(-25.,-0.5,16.7055156932644));
#2905=CARTESIAN_POINT('',(-25.,-0.5,17.2055156932644));
#2906=CARTESIAN_POINT('',(25.,-0.5,17.2055156932644));
#2907=CARTESIAN_POINT('',(25.,-0.5,17.2055156932644));
#2908=CARTESIAN_POINT('',(25.,-0.5,16.7055156932644));
#2909=CARTESIAN_POINT('',(25.,-0.5,17.2055156932644));
#2910=CARTESIAN_POINT('',(-25.,-0.5,17.2055156932644));
#2911=CARTESIAN_POINT('',(-25.,-12.3188418076032,17.2055156932644));
#2912=CARTESIAN_POINT('',(25.,-12.3188418076032,17.2055156932644));
#2913=CARTESIAN_POINT('',(25.,-12.3188418076032,17.2055156932644));
#2914=CARTESIAN_POINT('',(25.,-0.5,17.2055156932644));
#2915=CARTESIAN_POINT('',(25.,-12.3188418076032,17.2055156932644));
#2916=CARTESIAN_POINT('',(-25.,-12.3188418076032,17.2055156932644));
#2917=CARTESIAN_POINT('',(-25.,-12.3188418076032,20.));
#2918=CARTESIAN_POINT('',(25.,-12.3188418076032,20.));
#2919=CARTESIAN_POINT('',(25.,-12.3188418076032,20.));
#2920=CARTESIAN_POINT('',(25.,-12.3188418076032,17.2055156932644));
#2921=CARTESIAN_POINT('',(25.,-12.3188418076032,20.));
#2922=CARTESIAN_POINT('',(-25.,-12.3188418076032,20.));
#2923=CARTESIAN_POINT('',(-25.,-0.414121286957853,22.0755686140779));
#2924=CARTESIAN_POINT('',(25.,-0.414121286957853,22.0755686140779));
#2925=CARTESIAN_POINT('',(25.,-0.414121286957853,22.0755686140779));
#2926=CARTESIAN_POINT('',(25.,-12.3188418076032,20.));
#2927=CARTESIAN_POINT('',(25.,-0.5,22.56813825042));
#2928=CARTESIAN_POINT('',(-25.,-0.5,22.56813825042));
#2929=CARTESIAN_POINT('',(-25.,0.,22.56813825042));
#2930=CARTESIAN_POINT('',(25.,0.,22.56813825042));
#2931=CARTESIAN_POINT('',(25.,0.,22.56813825042));
#2932=CARTESIAN_POINT('',(25.,-0.5,22.56813825042));
#2933=CARTESIAN_POINT('',(25.,0.,22.56813825042));
#2934=CARTESIAN_POINT('',(-25.,0.,22.56813825042));
#2935=CARTESIAN_POINT('',(-25.,0.,22.6619639248399));
#2936=CARTESIAN_POINT('',(25.,0.,22.6619639248399));
#2937=CARTESIAN_POINT('',(25.,0.,22.6619639248399));
#2938=CARTESIAN_POINT('',(25.,0.,22.56813825042));
#2939=CARTESIAN_POINT('',(25.,-0.499999999999999,22.6619639248399));
#2940=CARTESIAN_POINT('',(-25.,-0.499999999999999,22.6619639248399));
#2941=CARTESIAN_POINT('',(-25.,-0.587304767651754,23.1542828027486));
#2942=CARTESIAN_POINT('',(25.,-0.587304767651754,23.1542828027486));
#2943=CARTESIAN_POINT('',(25.,-0.587304767651754,23.1542828027486));
#2944=CARTESIAN_POINT('',(25.,-0.499999999999999,22.6619639248399));
#2945=CARTESIAN_POINT('',(25.,-0.587304767651755,23.1542828027486));
#2946=CARTESIAN_POINT('',(-25.,-0.587304767651755,23.1542828027486));
#2947=CARTESIAN_POINT('',(-25.,-12.3188418076032,21.073884992651));
#2948=CARTESIAN_POINT('',(25.,-12.3188418076032,21.073884992651));
#2949=CARTESIAN_POINT('',(25.,-12.3188418076032,21.073884992651));
#2950=CARTESIAN_POINT('',(25.,-0.587304767651755,23.1542828027486));
#2951=CARTESIAN_POINT('',(25.,-12.3188418076032,21.073884992651));
#2952=CARTESIAN_POINT('',(-25.,-12.3188418076032,21.073884992651));
#2953=CARTESIAN_POINT('',(-25.,-12.3188418076032,23.572366535951));
#2954=CARTESIAN_POINT('',(25.,-12.3188418076032,23.572366535951));
#2955=CARTESIAN_POINT('',(25.,-12.3188418076032,23.572366535951));
#2956=CARTESIAN_POINT('',(25.,-12.3188418076032,21.073884992651));
#2957=CARTESIAN_POINT('',(25.,-12.3188418076032,23.572366535951));
#2958=CARTESIAN_POINT('',(-25.,-12.3188418076032,23.572366535951));
#2959=CARTESIAN_POINT('',(-25.,-0.322038716974456,28.1415076226467));
#2960=CARTESIAN_POINT('',(25.,-0.322038716974456,28.1415076226467));
#2961=CARTESIAN_POINT('',(25.,-0.322038716974456,28.1415076226467));
#2962=CARTESIAN_POINT('',(25.,-12.3188418076032,23.572366535951));
#2963=CARTESIAN_POINT('',(25.,-0.500000000000001,28.6087653478304));
#2964=CARTESIAN_POINT('',(-25.,-0.500000000000001,28.6087653478304));
#2965=CARTESIAN_POINT('',(-25.,-3.89082538495731E-5,28.6025278210772));
#2966=CARTESIAN_POINT('',(25.,-3.89082538495731E-5,28.6025278210772));
#2967=CARTESIAN_POINT('',(25.,-3.89082538495731E-5,28.6025278210772));
#2968=CARTESIAN_POINT('',(25.,-0.500000000000001,28.6087653478304));
#2969=CARTESIAN_POINT('',(25.,-0.500000000000001,28.5962902943241));
#2970=CARTESIAN_POINT('',(-25.,-0.500000000000001,28.5962902943241));
#2971=CARTESIAN_POINT('',(-25.,-0.667203371655824,29.0675047173916));
#2972=CARTESIAN_POINT('',(25.,-0.667203371655824,29.0675047173916));
#2973=CARTESIAN_POINT('',(25.,-0.667203371655824,29.0675047173916));
#2974=CARTESIAN_POINT('',(25.,-0.500000000000001,28.5962902943241));
#2975=CARTESIAN_POINT('',(25.,-0.667203371655821,29.0675047173916));
#2976=CARTESIAN_POINT('',(-25.,-0.667203371655821,29.0675047173916));
#2977=CARTESIAN_POINT('',(-25.,-12.3188418076032,24.933095547311));
#2978=CARTESIAN_POINT('',(25.,-12.3188418076032,24.933095547311));
#2979=CARTESIAN_POINT('',(25.,-12.3188418076032,24.933095547311));
#2980=CARTESIAN_POINT('',(25.,-0.667203371655821,29.0675047173916));
#2981=CARTESIAN_POINT('',(25.,-12.3188418076032,24.933095547311));
#2982=CARTESIAN_POINT('',(-25.,-12.3188418076032,24.933095547311));
#2983=CARTESIAN_POINT('',(-25.,-12.3188418076032,26.7356117960013));
#2984=CARTESIAN_POINT('',(25.,-12.3188418076032,26.7356117960013));
#2985=CARTESIAN_POINT('',(25.,-12.3188418076032,26.7356117960013));
#2986=CARTESIAN_POINT('',(25.,-12.3188418076032,24.933095547311));
#2987=CARTESIAN_POINT('',(25.,-12.3188418076032,26.7356117960013));
#2988=CARTESIAN_POINT('',(-25.,-12.3188418076032,26.7356117960013));
#2989=CARTESIAN_POINT('',(-25.,-0.241346209609349,34.0361298228268));
#2990=CARTESIAN_POINT('',(25.,-0.241346209609349,34.0361298228268));
#2991=CARTESIAN_POINT('',(25.,-0.241346209609349,34.0361298228268));
#2992=CARTESIAN_POINT('',(25.,-12.3188418076032,26.7356117960013));
#2993=CARTESIAN_POINT('',(25.,-0.500000000000002,34.4640295969756));
#2994=CARTESIAN_POINT('',(-25.,-0.500000000000002,34.4640295969756));
#2995=CARTESIAN_POINT('',(-25.,-1.95156391047391E-15,34.4640295969756));
#2996=CARTESIAN_POINT('',(25.,-1.95156391047391E-15,34.4640295969756));
#2997=CARTESIAN_POINT('',(25.,-1.95156391047391E-15,34.4640295969756));
#2998=CARTESIAN_POINT('',(25.,-0.500000000000002,34.4640295969756));
#2999=CARTESIAN_POINT('',(25.,-1.95156391047391E-15,34.4640295969756));
#3000=CARTESIAN_POINT('',(-25.,-1.95156391047391E-15,34.4640295969756));
#3001=CARTESIAN_POINT('',(-25.,0.,34.55));
#3002=CARTESIAN_POINT('',(25.,0.,34.55));
#3003=CARTESIAN_POINT('',(25.,0.,34.55));
#3004=CARTESIAN_POINT('',(25.,-1.95156391047391E-15,34.4640295969756));
#3005=CARTESIAN_POINT('',(25.,-0.5,34.55));
#3006=CARTESIAN_POINT('',(-25.,-0.5,34.55));
#3007=CARTESIAN_POINT('',(-25.,-0.448351369140353,35.0473252647215));
#3008=CARTESIAN_POINT('',(25.,-0.448351369140353,35.0473252647215));
#3009=CARTESIAN_POINT('',(25.,-0.448351369140353,35.0473252647215));
#3010=CARTESIAN_POINT('',(25.,-0.5,34.55));
#3011=CARTESIAN_POINT('',(25.,-0.396702738280704,34.55));
#3012=CARTESIAN_POINT('',(-25.,-0.396702738280704,34.55));
#3013=CARTESIAN_POINT('',(-25.,-0.649118696663138,34.9816088321083));
#3014=CARTESIAN_POINT('',(25.,-0.649118696663138,34.9816088321083));
#3015=CARTESIAN_POINT('',(25.,-0.649118696663138,34.9816088321083));
#3016=CARTESIAN_POINT('',(25.,-0.396702738280704,34.55));
#3017=CARTESIAN_POINT('',(25.,-0.649118696663138,34.9816088321083));
#3018=CARTESIAN_POINT('',(-25.,-0.649118696663138,34.9816088321083));
#3019=CARTESIAN_POINT('',(-25.,-12.6380080521821,27.9701976387085));
#3020=CARTESIAN_POINT('',(25.,-12.6380080521821,27.9701976387085));
#3021=CARTESIAN_POINT('',(25.,-12.6380080521821,27.9701976387085));
#3022=CARTESIAN_POINT('',(25.,-0.649118696663138,34.9816088321083));
#3023=CARTESIAN_POINT('',(25.,-12.6380080521821,27.9701976387085));
#3024=CARTESIAN_POINT('',(-25.,-12.6380080521821,27.9701976387085));
#3025=CARTESIAN_POINT('',(-25.,-13.802103548173,29.1342931346994));
#3026=CARTESIAN_POINT('',(25.,-13.802103548173,29.1342931346994));
#3027=CARTESIAN_POINT('',(25.,-13.802103548173,29.1342931346994));
#3028=CARTESIAN_POINT('',(25.,-12.6380080521821,27.9701976387085));
#3029=CARTESIAN_POINT('',(25.,-13.802103548173,29.1342931346994));
#3030=CARTESIAN_POINT('',(-25.,-13.802103548173,29.1342931346994));
#3031=CARTESIAN_POINT('',(-25.,-10.3105124575163,34.2688395073381));
#3032=CARTESIAN_POINT('',(25.,-10.3105124575163,34.2688395073381));
#3033=CARTESIAN_POINT('',(25.,-10.3105124575163,34.2688395073381));
#3034=CARTESIAN_POINT('',(25.,-13.802103548173,29.1342931346994));
#3035=CARTESIAN_POINT('',(25.,-10.7239719807663,34.55));
#3036=CARTESIAN_POINT('',(-25.,-10.7239719807663,34.55));
#3037=CARTESIAN_POINT('',(-25.,-10.7239719807663,35.05));
#3038=CARTESIAN_POINT('',(25.,-10.7239719807663,35.05));
#3039=CARTESIAN_POINT('',(25.,-10.7239719807663,35.05));
#3040=CARTESIAN_POINT('',(25.,-10.7239719807663,34.55));
#3041=CARTESIAN_POINT('',(25.,-10.7239719807663,35.05));
#3042=CARTESIAN_POINT('',(-25.,-10.7239719807663,35.05));
#3043=CARTESIAN_POINT('',(-25.,-10.8794595963484,35.05));
#3044=CARTESIAN_POINT('',(25.,-10.8794595963484,35.05));
#3045=CARTESIAN_POINT('',(25.,-10.8794595963484,35.05));
#3046=CARTESIAN_POINT('',(25.,-10.7239719807663,35.05));
#3047=CARTESIAN_POINT('',(25.,-10.8794595963484,34.55));
#3048=CARTESIAN_POINT('',(-25.,-10.8794595963484,34.55));
#3049=CARTESIAN_POINT('',(-25.,-11.2824380926702,34.8459870461729));
#3050=CARTESIAN_POINT('',(25.,-11.2824380926702,34.8459870461729));
#3051=CARTESIAN_POINT('',(25.,-11.2824380926702,34.8459870461729));
#3052=CARTESIAN_POINT('',(25.,-10.8794595963484,34.55));
#3053=CARTESIAN_POINT('',(25.,-11.2824380926702,34.8459870461729));
#3054=CARTESIAN_POINT('',(-25.,-11.2824380926702,34.8459870461729));
#3055=CARTESIAN_POINT('',(-25.,-14.8996812795044,29.9212065900404));
#3056=CARTESIAN_POINT('',(25.,-14.8996812795044,29.9212065900404));
#3057=CARTESIAN_POINT('',(25.,-14.8996812795044,29.9212065900404));
#3058=CARTESIAN_POINT('',(25.,-11.2824380926702,34.8459870461729));
#3059=CARTESIAN_POINT('',(25.,-14.8996812795044,29.9212065900404));
#3060=CARTESIAN_POINT('',(-25.,-14.8996812795044,29.9212065900404));
#3061=CARTESIAN_POINT('',(-25.,-17.0859537186114,30.3213318360643));
#3062=CARTESIAN_POINT('',(25.,-17.0859537186114,30.3213318360643));
#3063=CARTESIAN_POINT('',(25.,-17.0859537186114,30.3213318360643));
#3064=CARTESIAN_POINT('',(25.,-14.8996812795044,29.9212065900404));
#3065=CARTESIAN_POINT('',(25.,-17.0859537186114,30.3213318360643));
#3066=CARTESIAN_POINT('',(-25.,-17.0859537186114,30.3213318360643));
#3067=CARTESIAN_POINT('',(-25.,-17.0859537186114,34.55));
#3068=CARTESIAN_POINT('',(25.,-17.0859537186114,34.55));
#3069=CARTESIAN_POINT('',(25.,-17.0859537186114,34.55));
#3070=CARTESIAN_POINT('',(25.,-17.0859537186114,30.3213318360643));
#3071=CARTESIAN_POINT('',(25.,-17.5859537186114,34.55));
#3072=CARTESIAN_POINT('',(-25.,-17.5859537186114,34.55));
#3073=CARTESIAN_POINT('',(-25.,-17.5859537186114,35.05));
#3074=CARTESIAN_POINT('',(25.,-17.5859537186114,35.05));
#3075=CARTESIAN_POINT('',(25.,-17.5859537186114,35.05));
#3076=CARTESIAN_POINT('',(25.,-17.5859537186114,34.55));
#3077=CARTESIAN_POINT('',(25.,-17.5859537186114,35.05));
#3078=CARTESIAN_POINT('',(-25.,-17.5859537186114,35.05));
#3079=CARTESIAN_POINT('',(25.,-17.5859537186114,35.05));
#3080=CARTESIAN_POINT('',(25.,-17.708148749317,34.55));
#3081=CARTESIAN_POINT('',(25.,-10.4799088303459,34.55));
#3082=CARTESIAN_POINT('',(25.,-10.4799088303459,4.80389489390841));
#3083=CARTESIAN_POINT('',(25.,-12.9303807657182,34.55));
#3084=CARTESIAN_POINT('',(25.,-12.9303807657182,4.8038948939084));
#3085=CARTESIAN_POINT('',(25.,-0.606431599517853,16.4447656085051));
#3086=CARTESIAN_POINT('',(25.,-11.63535475712,6.02714160929391));
#3087=CARTESIAN_POINT('',(25.,-28.7370719069191,24.1323760007888));
#3088=CARTESIAN_POINT('',(-25.,-17.708148749317,34.55));
#3089=CARTESIAN_POINT('',(-25.,-10.4799088303459,34.55));
#3090=CARTESIAN_POINT('',(-25.,-10.4799088303459,4.80389489390841));
#3091=CARTESIAN_POINT('',(-25.,-28.7370719069191,24.1323760007888));
#3092=CARTESIAN_POINT('',(-25.,-11.63535475712,6.02714160929391));
#3093=CARTESIAN_POINT('',(-25.,-0.606431599517853,16.4447656085051));
#3094=CARTESIAN_POINT('',(-25.,-12.9303807657182,4.80389489390841));
#3095=CARTESIAN_POINT('',(-25.,-12.9303807657182,34.55));
#3096=CARTESIAN_POINT('',(32.9994470048482,-11.63535475712,6.02714160929391));
#3097=CARTESIAN_POINT('',(32.9994470048482,-11.63535475712,6.02714160929391));
#3098=CARTESIAN_POINT('',(32.9994470048482,-10.4799088303459,4.80389489390841));
#3099=CARTESIAN_POINT('',(32.9994470048482,-10.4799088303459,4.80389489390841));
#3100=CARTESIAN_POINT('',(32.9994470048482,-12.9303807657182,2.74093112355748E-15));
#3101=CARTESIAN_POINT('',(32.9994470048482,-12.9303807657182,4.8038948939084));
#3102=CARTESIAN_POINT('',(32.9994470048482,-12.9303807657182,4.8038948939084));
#3103=CARTESIAN_POINT('',(-22.97,-10.7471792888287,-2.26925980187244));
#3104=CARTESIAN_POINT('',(-22.97,-11.63535475712,-2.26925980187244));
#3105=CARTESIAN_POINT('',(-21.8386025904976,-11.63535475712,-2.26925980187244));
#3106=CARTESIAN_POINT('',(-22.97,-11.63535475712,-2.26925980187244));
#3107=CARTESIAN_POINT('',(-22.0818245317087,-11.63535475712,-2.26925980187244));
#3108=CARTESIAN_POINT('',(-22.97,-11.63535475712,4.59970432512891));
#3109=CARTESIAN_POINT('',(-22.97,-11.63535475712,3.75953312888207));
#3110=CARTESIAN_POINT('',(-21.8386025904976,-11.63535475712,3.75953312888207));
#3111=CARTESIAN_POINT('',(-22.97,-11.63535475712,3.75953312888207));
#3112=CARTESIAN_POINT('',(-22.97,-11.63535475712,4.59970432512891));
#3113=CARTESIAN_POINT('',(-22.6322056913982,-11.63535475712,4.59970432512891));
#3114=CARTESIAN_POINT('',(-22.97,-11.2975604485182,4.59970432512891));
#3115=CARTESIAN_POINT('',(-22.97,-11.63535475712,-3.36790843132843));
#3116=CARTESIAN_POINT('',(-22.97,-11.63535475712,-3.36790843132843));
#3117=CARTESIAN_POINT('',(-21.8817106684264,-11.63535475712,-3.36790843132843));
#3118=CARTESIAN_POINT('',(-22.97,-11.63535475712,4.59970432512891));
#3119=CARTESIAN_POINT('',(-22.97,-11.63535475712,-2.66298465490108));
#3120=CARTESIAN_POINT('',(-21.8817106684264,-11.63535475712,-2.66298465490108));
#3121=CARTESIAN_POINT('',(-22.97,-10.5470654255464,-2.66298465490108));
#3122=CARTESIAN_POINT('',(-22.97,-11.63535475712,-2.66298465490108));
#3123=CARTESIAN_POINT('',(-22.0818245317087,-11.63535475712,-2.66298465490108));
#3124=CARTESIAN_POINT('',(-22.97,-11.63535475712,4.59970432512891));
#3125=MECHANICAL_DESIGN_GEOMETRIC_PRESENTATION_REPRESENTATION('',(#1855,
#1856,#1857),#3126);
#3126=(
GEOMETRIC_REPRESENTATION_CONTEXT(3)
GLOBAL_UNCERTAINTY_ASSIGNED_CONTEXT((#3127))
GLOBAL_UNIT_ASSIGNED_CONTEXT((#3130,#3129,#3128))
REPRESENTATION_CONTEXT('694-50','TOP_LEVEL_ASSEMBLY_PART')
);
#3127=UNCERTAINTY_MEASURE_WITH_UNIT(LENGTH_MEASURE(0.005),#3130,
'DISTANCE_ACCURACY_VALUE','Maximum Tolerance applied to model');
#3128=(
NAMED_UNIT(*)
SI_UNIT($,.STERADIAN.)
SOLID_ANGLE_UNIT()
);
#3129=(
NAMED_UNIT(*)
PLANE_ANGLE_UNIT()
SI_UNIT($,.RADIAN.)
);
#3130=(
LENGTH_UNIT()
NAMED_UNIT(*)
SI_UNIT(.MILLI.,.METRE.)
);
#3131=PRODUCT_DEFINITION_SHAPE('','',#3132);
#3132=PRODUCT_DEFINITION('','',#3134,#3133);
#3133=PRODUCT_DEFINITION_CONTEXT('',#3140,'design');
#3134=PRODUCT_DEFINITION_FORMATION_WITH_SPECIFIED_SOURCE('','',#3136,
 .NOT_KNOWN.);
#3135=PRODUCT_RELATED_PRODUCT_CATEGORY('','',(#3136));
#3136=PRODUCT('694-50','694-50','694-50',(#3138));
#3137=PRODUCT_CATEGORY('','');
#3138=PRODUCT_CONTEXT('',#3140,'mechanical');
#3139=APPLICATION_PROTOCOL_DEFINITION('international standard',
'automotive_design',2010,#3140);
#3140=APPLICATION_CONTEXT(
'core data for automotive mechanical design processes');
ENDSEC;
END-ISO-10303-21;
