ISO-10303-21;
HEADER;
FILE_DESCRIPTION (( 'STEP AP214' ),
    '1' );
FILE_NAME ('ECWFD2J333JB.STEP',
    '2021-05-26T11:37:23',
    ( '' ),
    ( '' ),
    'SwSTEP 2.0',
    'SolidWorks 2020',
    '' );
FILE_SCHEMA (( 'AUTOMOTIVE_DESIGN' ));
ENDSEC;

DATA;
#1 = CARTESIAN_POINT ( 'NONE',  ( 4.807818128993099904, 0.4858855034037044551, 0.000000000000000000 ) ) ;
#2 = CARTESIAN_POINT ( 'NONE',  ( 5.040000000000002700, 5.211416863654342535, -1.241341768881609742 ) ) ;
#3 = DIRECTION ( 'NONE',  ( 2.312964634635742957E-16, -1.000000000000000000, 0.000000000000000000 ) ) ;
#4 = ORIENTED_EDGE ( 'NONE', *, *, #1030, .F. ) ;
#5 = CARTESIAN_POINT ( 'NONE',  ( 3.486782021451171776, 5.000000000000000000, 0.000000000000000000 ) ) ;
#6 = VERTEX_POINT ( 'NONE', #387 ) ;
#7 = DIRECTION ( 'NONE',  ( 2.312964634635742957E-16, -1.000000000000000000, 0.000000000000000000 ) ) ;
#8 = ORIENTED_EDGE ( 'NONE', *, *, #1095, .F. ) ;
#9 = EDGE_CURVE ( 'NONE', #546, #1016, #1399, .T. ) ;
#10 = ORIENTED_EDGE ( 'NONE', *, *, #1505, .T. ) ;
#11 = CARTESIAN_POINT ( 'NONE',  ( -4.892001401296709240, 4.088540578590018626, -0.3438615179529683208 ) ) ;
#12 = ORIENTED_EDGE ( 'NONE', *, *, #763, .T. ) ;
#13 = DIRECTION ( 'NONE',  ( -1.000000000000000000, 1.734723475976808080E-16, 0.000000000000000000 ) ) ;
#14 = ADVANCED_FACE ( 'NONE', ( #1213 ), #880, .F. ) ;
#15 = CARTESIAN_POINT ( 'NONE',  ( 4.500000000000000888, 1.331608862111023361, 0.000000000000000000 ) ) ;
#16 = CARTESIAN_POINT ( 'NONE',  ( -5.040000000000000924, 11.75000000000000000, 0.000000000000000000 ) ) ;
#17 = DIRECTION ( 'NONE',  ( -1.000000000000000000, -1.652117596168388002E-16, 0.000000000000000000 ) ) ;
#18 =( GEOMETRIC_REPRESENTATION_CONTEXT ( 3 ) GLOBAL_UNCERTAINTY_ASSIGNED_CONTEXT ( ( #649 ) ) GLOBAL_UNIT_ASSIGNED_CONTEXT ( ( #1146, #1665, #1570 ) ) REPRESENTATION_CONTEXT ( 'NONE', 'WORKASPACE' ) );
#19 = ORIENTED_EDGE ( 'NONE', *, *, #1344, .F. ) ;
#20 = EDGE_LOOP ( 'NONE', ( #1321, #1664, #1368, #2078 ) ) ;
#21 = CIRCLE ( 'NONE', #1766, 0.3000000000000000999 ) ;
#22 = ORIENTED_EDGE ( 'NONE', *, *, #613, .T. ) ;
#23 = CARTESIAN_POINT ( 'NONE',  ( -5.034363258192874113, 4.094096840435151208, -0.3994441466615970548 ) ) ;
#24 = CIRCLE ( 'NONE', #1477, 2.490000000000000213 ) ;
#25 = FACE_OUTER_BOUND ( 'NONE', #664, .T. ) ;
#26 = FACE_OUTER_BOUND ( 'NONE', #525, .T. ) ;
#27 = CARTESIAN_POINT ( 'NONE',  ( 5.040000000000000924, 11.75000000000000000, 0.000000000000000000 ) ) ;
#28 = ADVANCED_FACE ( 'NONE', ( #1225 ), #1361, .T. ) ;
#29 = CARTESIAN_POINT ( 'NONE',  ( 5.085481290153325062, 4.094298009547221007, -0.4013050294417821462 ) ) ;
#30 = CARTESIAN_POINT ( 'NONE',  ( 5.034798081858430585, 4.094098551266142749, 0.3994599758077551632 ) ) ;
#31 = EDGE_LOOP ( 'NONE', ( #2063, #849, #460, #296, #1848, #1607 ) ) ;
#32 = CARTESIAN_POINT ( 'NONE',  ( 6.300000000000000711, 11.75000000000000000, -2.490000000000000213 ) ) ;
#33 = CARTESIAN_POINT ( 'NONE',  ( 5.550113150183260124, 5.256043760640890739, -1.040757875071821603 ) ) ;
#34 = DIRECTION ( 'NONE',  ( 0.000000000000000000, 0.000000000000000000, -1.000000000000000000 ) ) ;
#35 = DIRECTION ( 'NONE',  ( 0.000000000000000000, 0.000000000000000000, -1.000000000000000000 ) ) ;
#36 = EDGE_LOOP ( 'NONE', ( #1410, #202, #606, #19 ) ) ;
#37 = CARTESIAN_POINT ( 'NONE',  ( -5.134950803831111799, 4.922097930325511683, -0.4316310926350592769 ) ) ;
#38 = EDGE_CURVE ( 'NONE', #1044, #836, #607, .T. ) ;
#39 = EDGE_LOOP ( 'NONE', ( #751, #1084, #1212, #618, #1223, #213 ) ) ;
#40 = CARTESIAN_POINT ( 'NONE',  ( -4.983703644069973571, 4.092780370105185916, -0.3875956054668034390 ) ) ;
#41 = B_SPLINE_CURVE_WITH_KNOTS ( 'NONE', 3,
 ( #1830, #1111, #1990, #1964, #667, #275, #980, #658 ),
 .UNSPECIFIED., .F., .F.,
 ( 4, 2, 2, 4 ),
 ( 0.0001692086377166152837, 0.0004760387155034465556, 0.0006294537543968615817, 0.0007828687932902767162 ),
 .UNSPECIFIED. ) ;
#42 = CARTESIAN_POINT ( 'NONE',  ( -5.688956530187842198, 5.282660669063357517, -0.8656650287298525148 ) ) ;
#43 = CYLINDRICAL_SURFACE ( 'NONE', #1127, 1.259999999999999787 ) ;
#44 = DIRECTION ( 'NONE',  ( 0.000000000000000000, 0.000000000000000000, -1.000000000000000000 ) ) ;
#45 = ORIENTED_EDGE ( 'NONE', *, *, #447, .F. ) ;
#46 = CARTESIAN_POINT ( 'NONE',  ( -5.838867550688997099, 5.321859817792140568, 0.5187671820157372382 ) ) ;
#47 = ORIENTED_EDGE ( 'NONE', *, *, #1117, .T. ) ;
#48 = CARTESIAN_POINT ( 'NONE',  ( -3.637066157824554224, 5.037948721811958741, -0.5373138761390044982 ) ) ;
#49 = CIRCLE ( 'NONE', #754, 2.489999999999999325 ) ;
#50 = AXIS2_PLACEMENT_3D ( 'NONE', #920, #1595, #893 ) ;
#51 = CARTESIAN_POINT ( 'NONE',  ( 0.000000000000000000, 11.75000000000000000, 0.000000000000000000 ) ) ;
#52 = CARTESIAN_POINT ( 'NONE',  ( 5.270271197703198851, 4.927805138939132412, -0.4152917251453673853 ) ) ;
#53 = AXIS2_PLACEMENT_3D ( 'NONE', #2108, #305, #2148 ) ;
#54 = ORIENTED_EDGE ( 'NONE', *, *, #493, .F. ) ;
#55 = CARTESIAN_POINT ( 'NONE',  ( -4.350000000000000533, 0.000000000000000000, 0.000000000000000000 ) ) ;
#56 = AXIS2_PLACEMENT_3D ( 'NONE', #776, #1434, #2124 ) ;
#57 = CARTESIAN_POINT ( 'NONE',  ( -5.497302574991178581, 4.423622696061959125, -0.09938435741833662185 ) ) ;
#58 = DIRECTION ( 'NONE',  ( 0.000000000000000000, 0.000000000000000000, 1.000000000000000000 ) ) ;
#59 = ORIENTED_EDGE ( 'NONE', *, *, #840, .T. ) ;
#60 = CARTESIAN_POINT ( 'NONE',  ( -5.085481290153325062, 4.094298009547221007, -0.4013050294417821462 ) ) ;
#61 = CARTESIAN_POINT ( 'NONE',  ( 5.085481290153325062, 4.094298009547221007, -0.4013050294417821462 ) ) ;
#62 = CARTESIAN_POINT ( 'NONE',  ( 5.442081642210677472, 4.958222180939657164, -0.2711280456734536659 ) ) ;
#63 = EDGE_CURVE ( 'NONE', #562, #957, #933, .T. ) ;
#64 =( LENGTH_UNIT ( ) NAMED_UNIT ( * ) SI_UNIT ( .MILLI., .METRE. ) );
#65 = CYLINDRICAL_SURFACE ( 'NONE', #1186, 0.2999999999999999334 ) ;
#66 = CARTESIAN_POINT ( 'NONE',  ( -5.501061791152024760, 4.431865829851669325, 0.08338265617879260516 ) ) ;
#67 = EDGE_LOOP ( 'NONE', ( #1407, #1609, #1916, #867 ) ) ;
#68 = VERTEX_POINT ( 'NONE', #141 ) ;
#69 = CARTESIAN_POINT ( 'NONE',  ( -5.705705833072408417, 5.286829966211706200, -0.8362593682925618666 ) ) ;
#70 = EDGE_LOOP ( 'NONE', ( #910, #2147, #1340, #1698 ) ) ;
#71 = LINE ( 'NONE', #247, #1654 ) ;
#72 = CARTESIAN_POINT ( 'NONE',  ( 5.507809312653102474, 4.447395222258572645, -0.04217437113751915101 ) ) ;
#73 = FACE_OUTER_BOUND ( 'NONE', #1974, .T. ) ;
#74 = EDGE_CURVE ( 'NONE', #211, #678, #1277, .T. ) ;
#75 = DIRECTION ( 'NONE',  ( -0.000000000000000000, -0.000000000000000000, -1.000000000000000000 ) ) ;
#76 = CARTESIAN_POINT ( 'NONE',  ( 4.780317525682324487, 4.080706886082881901, 0.2415448524641867489 ) ) ;
#77 = EDGE_CURVE ( 'NONE', #1081, #1130, #1258, .T. ) ;
#78 = DIRECTION ( 'NONE',  ( -2.312964634635742957E-16, -1.000000000000000000, 0.000000000000000000 ) ) ;
#79 = CARTESIAN_POINT ( 'NONE',  ( -5.401737209782356608, 4.948811993100119544, -0.3212074104775952677 ) ) ;
#80 = ORIENTED_EDGE ( 'NONE', *, *, #1417, .T. ) ;
#81 = DIRECTION ( 'NONE',  ( 1.000000000000000000, 0.000000000000000000, 0.000000000000000000 ) ) ;
#82 = AXIS2_PLACEMENT_3D ( 'NONE', #605, #640, #1975 ) ;
#83 = EDGE_LOOP ( 'NONE', ( #2155, #636, #341, #139 ) ) ;
#84 = AXIS2_PLACEMENT_3D ( 'NONE', #2080, #1731, #909 ) ;
#85 = CIRCLE ( 'NONE', #816, 0.3000000000000000999 ) ;
#86 = CARTESIAN_POINT ( 'NONE',  ( 4.500000000000000888, 1.331608862111023361, 0.000000000000000000 ) ) ;
#87 = CARTESIAN_POINT ( 'NONE',  ( 3.636574125079570674, 5.037829266909848336, 0.5364201130415692242 ) ) ;
#88 = AXIS2_PLACEMENT_3D ( 'NONE', #1452, #1605, #1441 ) ;
#89 = TOROIDAL_SURFACE ( 'NONE', #727, 0.6000000000000009770, 0.3000000000000000999 ) ;
#90 = EDGE_CURVE ( 'NONE', #875, #2125, #777, .T. ) ;
#91 = ORIENTED_EDGE ( 'NONE', *, *, #1305, .F. ) ;
#92 =( BOUNDED_SURFACE ( )  B_SPLINE_SURFACE ( 3, 2, ( 
 ( #1175, #176, #347 ),
 ( #1167, #1007, #504 ),
 ( #147, #835, #1647 ),
 ( #518, #862, #1847 ) ),
 .UNSPECIFIED., .F., .F., .F. ) 
 B_SPLINE_SURFACE_WITH_KNOTS ( ( 4, 4 ),
 ( 3, 3 ),
 ( -9.757819552369539906E-19, 0.0006586940398114662226 ),
 ( 0.000000000000000000, 1.000000000000000000 ),
 .UNSPECIFIED. ) 
 GEOMETRIC_REPRESENTATION_ITEM ( )  RATIONAL_B_SPLINE_SURFACE ( (
 ( 1.000000000000000000, 0.8342878052629746355, 1.000000000000000000),
 ( 1.000000000000000000, 0.8321077587462571978, 1.000000000000000000),
 ( 1.000000000000000000, 0.8313093838193483798, 1.000000000000000000),
 ( 1.000000000000000000, 0.8318879372043243015, 1.000000000000000000) ) ) 
 REPRESENTATION_ITEM ( '' )  SURFACE ( )  );
#93 = CARTESIAN_POINT ( 'NONE',  ( -5.507809312653102474, 4.447395222258572645, -0.04217437113751915101 ) ) ;
#94 = DIRECTION ( 'NONE',  ( 1.000000000000000000, 0.000000000000000000, 0.000000000000000000 ) ) ;
#95 =( LENGTH_UNIT ( ) NAMED_UNIT ( * ) SI_UNIT ( .MILLI., .METRE. ) );
#96 = EDGE_CURVE ( 'NONE', #2101, #211, #398, .T. ) ;
#97 = CARTESIAN_POINT ( 'NONE',  ( -5.040000000000000924, 11.75000000000000000, 0.000000000000000000 ) ) ;
#98 = CARTESIAN_POINT ( 'NONE',  ( -5.095171516441843629, 4.094345595068039856, -0.4015702914013182800 ) ) ;
#99 = ORIENTED_EDGE ( 'NONE', *, *, #1417, .F. ) ;
#100 = CARTESIAN_POINT ( 'NONE',  ( 5.085481290153325062, 4.094298009547221007, -0.4013050294417821462 ) ) ;
#101 = CARTESIAN_POINT ( 'NONE',  ( -5.801828390701724736, 5.310889191934125897, -0.6317559743639368230 ) ) ;
#102 = ADVANCED_FACE ( 'NONE', ( #632 ), #965, .F. ) ;
#103 = CARTESIAN_POINT ( 'NONE',  ( 5.148533029368765668, 4.094763145873197452, -0.4015937807325538067 ) ) ;
#104 = CARTESIAN_POINT ( 'NONE',  ( 4.447523014546582942, 5.000000000000000888, 6.094744268367419600E-17 ) ) ;
#105 = CARTESIAN_POINT ( 'NONE',  ( -5.903808704339558844, 5.342702598767872679, 0.000000000000000000 ) ) ;
#106 = DIRECTION ( 'NONE',  ( 1.000000000000000000, -1.652117596168388002E-16, 0.000000000000000000 ) ) ;
#107 = DIRECTION ( 'NONE',  ( 1.000000000000000000, 1.652117596168388002E-16, -0.000000000000000000 ) ) ;
#108 = DIRECTION ( 'NONE',  ( -0.9396926207859098712, -0.3420201433256650492, 0.000000000000000000 ) ) ;
#109 = CARTESIAN_POINT ( 'NONE',  ( 5.507809312782063316, 4.447395229646721404, 0.000000000000000000 ) ) ;
#110 = EDGE_LOOP ( 'NONE', ( #1449, #621, #2050, #192, #1564, #512 ) ) ;
#111 = CARTESIAN_POINT ( 'NONE',  ( 3.750000000000001776, -5.000000000000000000, 0.000000000000000000 ) ) ;
#112 = CARTESIAN_POINT ( 'NONE',  ( 3.791692374050534386, 5.073053341042843556, -0.7396565876858844923 ) ) ;
#113 = AXIS2_PLACEMENT_3D ( 'NONE', #308, #2131, #1424 ) ;
#114 = UNCERTAINTY_MEASURE_WITH_UNIT (LENGTH_MEASURE( 1.000000000000000082E-05 ), #866, 'distance_accuracy_value', 'NONE');
#115 = AXIS2_PLACEMENT_3D ( 'NONE', #223, #269, #1574 ) ;
#116 = DIRECTION ( 'NONE',  ( 0.000000000000000000, -1.000000000000000000, 0.000000000000000000 ) ) ;
#117 = CARTESIAN_POINT ( 'NONE',  ( -4.882538563537022647, 4.088549798526935675, 0.3522116264209402270 ) ) ;
#118 = CIRCLE ( 'NONE', #53, 1.259999999999999787 ) ;
#119 = DIRECTION ( 'NONE',  ( 1.000000000000000000, 0.000000000000000000, 0.000000000000000000 ) ) ;
#120 = DIRECTION ( 'NONE',  ( 0.03689376899657751535, 0.000000000000000000, -0.9993191931556338892 ) ) ;
#121 = CARTESIAN_POINT ( 'NONE',  ( 5.040000000000000924, 11.75000000000000000, 3.750000000000000000 ) ) ;
#122 = AXIS2_PLACEMENT_3D ( 'NONE', #390, #2035, #561 ) ;
#123 = ORIENTED_EDGE ( 'NONE', *, *, #249, .T. ) ;
#124 = EDGE_CURVE ( 'NONE', #1041, #656, #2145, .T. ) ;
#125 = EDGE_CURVE ( 'NONE', #1788, #2073, #1939, .T. ) ;
#126 = CARTESIAN_POINT ( 'NONE',  ( 5.648623180240863739, 5.274268117751732987, 0.9234291935844110011 ) ) ;
#127 = CARTESIAN_POINT ( 'NONE',  ( -6.300000000000000711, 11.75000000000000000, -2.490000000000000213 ) ) ;
#128 = DIRECTION ( 'NONE',  ( 0.9396926207859097602, -0.3420201433256649937, 0.000000000000000000 ) ) ;
#129 = CARTESIAN_POINT ( 'NONE',  ( -5.085481290153325062, 4.094298009547221007, 0.4013050294417821462 ) ) ;
#130 = DIRECTION ( 'NONE',  ( -0.03689376899657751535, 0.000000000000000000, -0.9993191931556338892 ) ) ;
#131 = CARTESIAN_POINT ( 'NONE',  ( -4.050000000000000711, 5.204170427930423132E-17, 0.000000000000000000 ) ) ;
#132 = CARTESIAN_POINT ( 'NONE',  ( -5.040000000000000036, 11.75000000000000000, -3.750000000000000000 ) ) ;
#133 = CARTESIAN_POINT ( 'NONE',  ( -5.363819723927259808, 5.231735654046798523, 1.169912567691027583 ) ) ;
#134 = SURFACE_STYLE_USAGE ( .BOTH. , #1623 ) ;
#135 = EDGE_CURVE ( 'NONE', #1618, #549, #647, .T. ) ;
#136 = CARTESIAN_POINT ( 'NONE',  ( 4.247393957002299381, 0.2819077862357727282, 0.000000000000000000 ) ) ;
#137 = DIRECTION ( 'NONE',  ( -1.652117596168388002E-16, 1.000000000000000000, 0.000000000000000000 ) ) ;
#138 = B_SPLINE_CURVE_WITH_KNOTS ( 'NONE', 3,
 ( #2119, #1116, #98, #434 ),
 .UNSPECIFIED., .F., .F.,
 ( 4, 4 ),
 ( 0.000000000000000000, 1.437173684186306992E-05 ),
 .UNSPECIFIED. ) ;
#139 = ORIENTED_EDGE ( 'NONE', *, *, #1835, .F. ) ;
#140 = EDGE_CURVE ( 'NONE', #1394, #419, #183, .T. ) ;
#141 = CARTESIAN_POINT ( 'NONE',  ( -6.300000000000000711, 8.750000000000000000, -2.490000000000000213 ) ) ;
#142 = DIRECTION ( 'NONE',  ( -1.000000000000000000, -1.652117596168388002E-16, 0.000000000000000000 ) ) ;
#143 = FACE_OUTER_BOUND ( 'NONE', #1248, .T. ) ;
#144 = CARTESIAN_POINT ( 'NONE',  ( 5.158324256507862415, 4.921680630931991374, 0.4354585155282547082 ) ) ;
#145 = DIRECTION ( 'NONE',  ( 1.000000000000000000, 0.000000000000000000, 0.000000000000000000 ) ) ;
#146 = CIRCLE ( 'NONE', #1364, 0.3000000000000000999 ) ;
#147 = CARTESIAN_POINT ( 'NONE',  ( 5.139642553737968633, 4.094511154822308541, 0.4032766969446361371 ) ) ;
#148 = AXIS2_PLACEMENT_3D ( 'NONE', #778, #670, #963 ) ;
#149 = EDGE_LOOP ( 'NONE', ( #1310, #1323, #2161, #1827 ) ) ;
#150 = SURFACE_STYLE_USAGE ( .BOTH. , #1836 ) ;
#151 = DIRECTION ( 'NONE',  ( 2.312964634635742957E-16, -1.000000000000000000, 0.000000000000000000 ) ) ;
#152 = CIRCLE ( 'NONE', #1511, 3.750000000000000000 ) ;
#153 = FACE_OUTER_BOUND ( 'NONE', #1455, .T. ) ;
#154 = EDGE_LOOP ( 'NONE', ( #1675, #496, #1457, #1901 ) ) ;
#155 = AXIS2_PLACEMENT_3D ( 'NONE', #828, #314, #850 ) ;
#156 = ORIENTED_EDGE ( 'NONE', *, *, #912, .F. ) ;
#157 = CARTESIAN_POINT ( 'NONE',  ( 5.507809312782063316, 4.447395229646718740, -6.146712038671121869E-17 ) ) ;
#158 = CARTESIAN_POINT ( 'NONE',  ( 5.040000000000000924, 8.750000000000000000, 0.000000000000000000 ) ) ;
#159 = DIRECTION ( 'NONE',  ( 1.652117596168388002E-16, -1.000000000000000000, 0.000000000000000000 ) ) ;
#160 = CARTESIAN_POINT ( 'NONE',  ( 3.486782021451171776, 5.000000000000000000, 0.000000000000000000 ) ) ;
#161 = ORIENTED_EDGE ( 'NONE', *, *, #2041, .T. ) ;
#162 = CARTESIAN_POINT ( 'NONE',  ( -5.363819723927272243, 5.231735654046051565, 1.169912567690903460 ) ) ;
#163 = ORIENTED_EDGE ( 'NONE', *, *, #961, .T. ) ;
#164 = CARTESIAN_POINT ( 'NONE',  ( 6.300000000000000711, 11.75000000000000000, 2.490000000000000213 ) ) ;
#165 = EDGE_CURVE ( 'NONE', #68, #1755, #768, .T. ) ;
#166 = DIRECTION ( 'NONE',  ( 0.000000000000000000, 0.000000000000000000, 1.000000000000000000 ) ) ;
#167 = FACE_OUTER_BOUND ( 'NONE', #1314, .T. ) ;
#168 = DIRECTION ( 'NONE',  ( 1.000000000000000000, 1.734723475976808080E-16, 0.000000000000000000 ) ) ;
#169 = EDGE_LOOP ( 'NONE', ( #161, #677, #1251 ) ) ;
#170 = CARTESIAN_POINT ( 'NONE',  ( 5.085481290153328615, 4.094298009547198802, 0.4013050294417945252 ) ) ;
#171 = EDGE_CURVE ( 'NONE', #723, #1682, #1018, .T. ) ;
#172 = ORIENTED_EDGE ( 'NONE', *, *, #1891, .T. ) ;
#173 = CARTESIAN_POINT ( 'NONE',  ( -5.072860421234505424, 4.933392684206363121, -0.4488028424122874616 ) ) ;
#174 = CARTESIAN_POINT ( 'NONE',  ( 5.464523814072045127, 5.242461844621582046, -1.117296922003940596 ) ) ;
#175 = DIRECTION ( 'NONE',  ( 0.000000000000000000, 0.000000000000000000, 1.000000000000000000 ) ) ;
#176 = CARTESIAN_POINT ( 'NONE',  ( 5.134950803831229926, 4.922097930325358917, 0.4316310926344322230 ) ) ;
#177 = ORIENTED_EDGE ( 'NONE', *, *, #662, .T. ) ;
#178 = CLOSED_SHELL ( 'NONE', ( #1078, #421, #234, #517, #346, #2105, #2158, #1099, #1672, #1507, #1714, #780 ) ) ;
#179 = CARTESIAN_POINT ( 'NONE',  ( 3.486782021451172220, 5.000000000000000888, -0.1863843166510773253 ) ) ;
#180 = ORIENTED_EDGE ( 'NONE', *, *, #1903, .F. ) ;
#181 = CARTESIAN_POINT ( 'NONE',  ( -5.363819723926221528, 5.231735654046868689, -1.169912567692118488 ) ) ;
#182 = SHAPE_DEFINITION_REPRESENTATION ( #289, #452 ) ;
#183 = CIRCLE ( 'NONE', #323, 0.9000000000000010214 ) ;
#184 = AXIS2_PLACEMENT_3D ( 'NONE', #638, #628, #1280 ) ;
#185 = ORIENTED_EDGE ( 'NONE', *, *, #302, .F. ) ;
#186 = CARTESIAN_POINT ( 'NONE',  ( -4.723191096741071959, 4.946060355407218445, -0.3580863181645172477 ) ) ;
#187 = AXIS2_PLACEMENT_3D ( 'NONE', #410, #891, #908 ) ;
#188 = EDGE_CURVE ( 'NONE', #2101, #634, #2159, .T. ) ;
#189 = AXIS2_PLACEMENT_3D ( 'NONE', #767, #1768, #1456 ) ;
#190 = CARTESIAN_POINT ( 'NONE',  ( -5.381682884385270427, 4.224750294859942912, 0.2988532376160307202 ) ) ;
#191 = CARTESIAN_POINT ( 'NONE',  ( 4.983703644069973571, 4.092780370105185916, -0.3875956054668034390 ) ) ;
#192 = ORIENTED_EDGE ( 'NONE', *, *, #1325, .F. ) ;
#193 = AXIS2_PLACEMENT_3D ( 'NONE', #1732, #583, #2048 ) ;
#194 = CARTESIAN_POINT ( 'NONE',  ( 0.000000000000000000, 11.75000000000000000, -3.750000000000000000 ) ) ;
#195 = CARTESIAN_POINT ( 'NONE',  ( 4.854908861269588094, 5.209622584836738568, 1.236226977028918927 ) ) ;
#196 = FACE_OUTER_BOUND ( 'NONE', #154, .T. ) ;
#197 =( NAMED_UNIT ( * ) PLANE_ANGLE_UNIT ( ) SI_UNIT ( $, .RADIAN. ) );
#198 = ORIENTED_EDGE ( 'NONE', *, *, #220, .T. ) ;
#199 = DIRECTION ( 'NONE',  ( -0.000000000000000000, 1.000000000000000000, -0.000000000000000000 ) ) ;
#200 = CARTESIAN_POINT ( 'NONE',  ( -5.903808704339557067, 5.342702598767870903, -0.2267895467230950091 ) ) ;
#201 = CARTESIAN_POINT ( 'NONE',  ( 5.196459602618409335, 4.096096291000757894, 0.3929596459551139565 ) ) ;
#202 = ORIENTED_EDGE ( 'NONE', *, *, #302, .T. ) ;
#203 = CARTESIAN_POINT ( 'NONE',  ( -5.040000000000001812, 5.211416863654342535, -1.241341768881609742 ) ) ;
#204 = DIRECTION ( 'NONE',  ( -1.000000000000000000, 0.000000000000000000, 0.000000000000000000 ) ) ;
#205 = VERTEX_POINT ( 'NONE', #1311 ) ;
#206 = CARTESIAN_POINT ( 'NONE',  ( -5.158324256507863304, 4.921680630931991374, 0.4354585155282459374 ) ) ;
#207 = CARTESIAN_POINT ( 'NONE',  ( -5.040000000000000924, 8.750000000000000000, 0.000000000000000000 ) ) ;
#208 = DIRECTION ( 'NONE',  ( 0.3512972701956044719, 0.000000000000000000, 0.9362639734354388787 ) ) ;
#209 = CARTESIAN_POINT ( 'NONE',  ( -5.467721713685302909, 4.364793896694754594, 0.1779163889893316530 ) ) ;
#210 = CARTESIAN_POINT ( 'NONE',  ( 5.705705833072408417, 5.286829966211706200, -0.8362593682925618666 ) ) ;
#211 = VERTEX_POINT ( 'NONE', #29 ) ;
#212 = FILL_AREA_STYLE_COLOUR ( '', #1194 ) ;
#213 = ORIENTED_EDGE ( 'NONE', *, *, #788, .F. ) ;
#214 = FACE_OUTER_BOUND ( 'NONE', #510, .T. ) ;
#215 = ORIENTED_EDGE ( 'NONE', *, *, #1727, .T. ) ;
#216 = DIRECTION ( 'NONE',  ( -0.000000000000000000, -1.000000000000000000, -0.000000000000000000 ) ) ;
#217 = ORIENTED_EDGE ( 'NONE', *, *, #38, .T. ) ;
#218 = CARTESIAN_POINT ( 'NONE',  ( -4.701836806836543481, 4.073529411764704733, -0.1032948177458243022 ) ) ;
#219 = CIRCLE ( 'NONE', #645, 0.4017150432040705321 ) ;
#220 = EDGE_CURVE ( 'NONE', #1093, #1636, #1139, .T. ) ;
#221 = TOROIDAL_SURFACE ( 'NONE', #399, 2.490000000000000213, 1.260000000000000009 ) ;
#222 = B_SPLINE_CURVE_WITH_KNOTS ( 'NONE', 3,
 ( #609, #103, #1560, #1928 ),
 .UNSPECIFIED., .F., .F.,
 ( 4, 4 ),
 ( 1.437173684186306992E-05, 0.0001588278414998544469 ),
 .UNSPECIFIED. ) ;
#223 = CARTESIAN_POINT ( 'NONE',  ( -5.040000000000000924, 8.750000000000000000, -2.490000000000000213 ) ) ;
#224 = CARTESIAN_POINT ( 'NONE',  ( 5.507809312782063316, 4.447395229646721404, 0.000000000000000000 ) ) ;
#226 = VERTEX_POINT ( 'NONE', #1490 ) ;
#225 = CIRCLE ( 'NONE', #329, 0.9000000000000005773 ) ;
#227 = APPLICATION_CONTEXT ( 'automotive_design' ) ;
#228 = ORIENTED_EDGE ( 'NONE', *, *, #1180, .F. ) ;
#229 = CARTESIAN_POINT ( 'NONE',  ( 4.042181871006900629, 0.8457233587073189618, 3.673940397442060115E-17 ) ) ;
#230 = CIRCLE ( 'NONE', #1915, 3.750000000000000000 ) ;
#231 = DIRECTION ( 'NONE',  ( -0.000000000000000000, 1.000000000000000000, -0.000000000000000000 ) ) ;
#232 = CARTESIAN_POINT ( 'NONE',  ( 3.525049340600632242, 5.010458218957829502, 0.3164800546316810514 ) ) ;
#233 = B_SPLINE_CURVE_WITH_KNOTS ( 'NONE', 3,
 ( #1202, #1210, #541, #1219, #1401, #57, #393, #1356 ),
 .UNSPECIFIED., .F., .F.,
 ( 4, 2, 2, 4 ),
 ( 0.0001692086377166152837, 0.0004760387155034465556, 0.0006294537543968615817, 0.0007828687932902767162 ),
 .UNSPECIFIED. ) ;
#234 = ADVANCED_FACE ( 'NONE', ( #837 ), #1676, .T. ) ;
#235 = ORIENTED_EDGE ( 'NONE', *, *, #878, .T. ) ;
#236 = ORIENTED_EDGE ( 'NONE', *, *, #1073, .F. ) ;
#237 = CARTESIAN_POINT ( 'NONE',  ( -5.517080212218333557, 4.978524702633301047, 0.000000000000000000 ) ) ;
#238 = EDGE_CURVE ( 'NONE', #1060, #2113, #716, .T. ) ;
#239 = CARTESIAN_POINT ( 'NONE',  ( -5.100000000000004086, 4.000000000000000000, 0.000000000000000000 ) ) ;
#240 = CARTESIAN_POINT ( 'NONE',  ( 5.500343786982403671, 4.973394689273184177, -0.1462463312840532326 ) ) ;
#241 = CARTESIAN_POINT ( 'NONE',  ( -4.848883291064224110, 4.085987479524445298, 0.3164168728443351175 ) ) ;
#242 = PLANE ( 'NONE',  #2044 ) ;
#243 = FACE_OUTER_BOUND ( 'NONE', #2095, .T. ) ;
#244 = ORIENTED_EDGE ( 'NONE', *, *, #335, .F. ) ;
#245 =( BOUNDED_SURFACE ( )  B_SPLINE_SURFACE ( 3, 2, ( 
 ( #596, #567, #2087 ),
 ( #423, #206, #876 ),
 ( #749, #898, #1900 ),
 ( #1220, #1234, #1061 ),
 ( #394, #1913, #1538 ),
 ( #1414, #1922, #1080 ),
 ( #1245, #1563, #46 ),
 ( #66, #720, #887 ),
 ( #1371, #2056, #1893 ),
 ( #385, #1049, #740 ) ),
 .UNSPECIFIED., .F., .F., .F. ) 
 B_SPLINE_SURFACE_WITH_KNOTS ( ( 4, 2, 2, 2, 4 ),
 ( 3, 3 ),
 ( 0.0006593461297497903379, 0.001168599445560822812, 0.001677852761371855395, 0.002187106077182887978, 0.002696359392993920561 ),
 ( 0.000000000000000000, 1.000000000000000000 ),
 .UNSPECIFIED. ) 
 GEOMETRIC_REPRESENTATION_ITEM ( )  RATIONAL_B_SPLINE_SURFACE ( (
 ( 1.000000000000000000, 0.8342878052629738583, 1.000000000000000000),
 ( 1.000000000000000000, 0.8408174253181163182, 1.000000000000000000),
 ( 1.000000000000000000, 0.8495773422055505897, 1.000000000000000000),
 ( 1.000000000000000000, 0.8685034577651078447, 1.000000000000000000),
 ( 1.000000000000000000, 0.8786196490172047957, 1.000000000000000000),
 ( 1.000000000000000000, 0.8974233184474972314, 1.000000000000000000),
 ( 1.000000000000000000, 0.9058028949106291527, 1.000000000000000000),
 ( 1.000000000000000000, 0.9179887335534195891, 1.000000000000000000),
 ( 1.000000000000000000, 0.9214930929772455759, 1.000000000000000000),
 ( 1.000000000000000000, 0.9214563587578514792, 1.000000000000000000) ) ) 
 REPRESENTATION_ITEM ( '' )  SURFACE ( )  );
#246 = CARTESIAN_POINT ( 'NONE',  ( 5.095160594074010341, 4.094345509601170718, 0.4015702865933780119 ) ) ;
#247 = CARTESIAN_POINT ( 'NONE',  ( 4.602606042997700264, 1.049701075875250522, 3.673940397442060115E-17 ) ) ;
#248 = DIRECTION ( 'NONE',  ( 0.000000000000000000, -1.000000000000000000, 0.000000000000000000 ) ) ;
#249 = EDGE_CURVE ( 'NONE', #634, #875, #1995, .T. ) ;
#250 = FACE_OUTER_BOUND ( 'NONE', #277, .T. ) ;
#251 = CARTESIAN_POINT ( 'NONE',  ( 3.486782021451165114, 4.999999999999999112, 6.398651255677093438E-16 ) ) ;
#252 = ORIENTED_EDGE ( 'NONE', *, *, #1814, .F. ) ;
#253 = ORIENTED_EDGE ( 'NONE', *, *, #465, .T. ) ;
#254 = CARTESIAN_POINT ( 'NONE',  ( -5.134950803830880872, 4.922097930325364246, -0.4316310926343746024 ) ) ;
#255 = VECTOR ( 'NONE', #905, 1000.000000000000000 ) ;
#256 = CARTESIAN_POINT ( 'NONE',  ( -5.464523814072045127, 5.242461844621582046, -1.117296922003940596 ) ) ;
#257 = TOROIDAL_SURFACE ( 'NONE', #581, 0.6000000000000007550, 0.3000000000000000999 ) ;
#258 = EDGE_CURVE ( 'NONE', #1987, #542, #847, .T. ) ;
#259 = VECTOR ( 'NONE', #865, 1000.000000000000000 ) ;
#260 = CARTESIAN_POINT ( 'NONE',  ( 4.711912836574615682, 4.074548258135422429, -0.1041150734363957414 ) ) ;
#261 = AXIS2_PLACEMENT_3D ( 'NONE', #15, #1334, #2162 ) ;
#262 = ADVANCED_FACE ( 'NONE', ( #864 ), #1870, .F. ) ;
#263 = CARTESIAN_POINT ( 'NONE',  ( 4.807818128993099904, 0.4858855034037044551, 0.000000000000000000 ) ) ;
#264 = CARTESIAN_POINT ( 'NONE',  ( -5.085481290153325062, 4.094298009547221007, -0.4013050294417821462 ) ) ;
#265 = AXIS2_PLACEMENT_3D ( 'NONE', #1598, #106, #1478 ) ;
#266 = TOROIDAL_SURFACE ( 'NONE', #1267, 0.6000000000000009770, 0.3000000000000000999 ) ;
#267 = DIRECTION ( 'NONE',  ( 1.652117596168388002E-16, 1.000000000000000000, 0.000000000000000000 ) ) ;
#268 = CARTESIAN_POINT ( 'NONE',  ( -5.501154020063285799, 4.432063813237514971, -0.08300742115546740074 ) ) ;
#269 = DIRECTION ( 'NONE',  ( -0.000000000000000000, 1.000000000000000000, -0.000000000000000000 ) ) ;
#270 = DIRECTION ( 'NONE',  ( 0.3512972701970377698, 0.000000000000000000, -0.9362639734349011977 ) ) ;
#271 = DIRECTION ( 'NONE',  ( -1.000000000000000000, 0.000000000000000000, 0.000000000000000000 ) ) ;
#272 = DIRECTION ( 'NONE',  ( 0.000000000000000000, 0.000000000000000000, -1.000000000000000000 ) ) ;
#273 = ORIENTED_EDGE ( 'NONE', *, *, #961, .F. ) ;
#274 = CARTESIAN_POINT ( 'NONE',  ( 5.449033282536690059, 4.330440445533960236, 0.2102367616184950827 ) ) ;
#275 = CARTESIAN_POINT ( 'NONE',  ( 5.497302574991178581, 4.423622696061959125, -0.09938435741833662185 ) ) ;
#276 = ADVANCED_FACE ( 'NONE', ( #1168 ), #1480, .T. ) ;
#277 = EDGE_LOOP ( 'NONE', ( #1309, #1383 ) ) ;
#278 = B_SPLINE_CURVE_WITH_KNOTS ( 'NONE', 3,
 ( #537, #200, #843, #869, #42, #713, #256, #1936 ),
 .UNSPECIFIED., .F., .F.,
 ( 4, 2, 2, 4 ),
 ( 0.000000000000000000, 0.0006765144810808046633, 0.001014771721621206832, 0.001353028962161609327 ),
 .UNSPECIFIED. ) ;
#279 = CARTESIAN_POINT ( 'NONE',  ( 5.500127252681657808, 4.973334133364133436, 0.1468690303909996331 ) ) ;
#280 = CARTESIAN_POINT ( 'NONE',  ( 4.447523011133383442, 5.000000001306950104, -0.04359051580524685859 ) ) ;
#281 = DIRECTION ( 'NONE',  ( 1.000000000000000000, -1.652117596168388002E-16, 0.000000000000000000 ) ) ;
#282 = CARTESIAN_POINT ( 'NONE',  ( 5.100000000000004086, 4.000000000000000000, 0.3017302736884315273 ) ) ;
#283 = EDGE_LOOP ( 'NONE', ( #1747, #172, #718, #668 ) ) ;
#284 = EDGE_CURVE ( 'NONE', #634, #992, #826, .T. ) ;
#285 = CARTESIAN_POINT ( 'NONE',  ( 4.153301861380499282, 5.140946114997192673, -1.024120390794604152 ) ) ;
#286 = ORIENTED_EDGE ( 'NONE', *, *, #1852, .T. ) ;
#287 = CARTESIAN_POINT ( 'NONE',  ( -4.671275924569046722, 5.199330964433146463, -1.207609978040632859 ) ) ;
#288 = DIRECTION ( 'NONE',  ( 0.000000000000000000, -1.000000000000000000, 0.000000000000000000 ) ) ;
#289 = PRODUCT_DEFINITION_SHAPE ( 'NONE', 'NONE',  #1678 ) ;
#290 = CARTESIAN_POINT ( 'NONE',  ( 5.380944056895145877, 4.227353916707451198, 0.2930906342078684612 ) ) ;
#291 = PRODUCT_DEFINITION_CONTEXT ( 'detailed design', #680, 'design' ) ;
#292 = CIRCLE ( 'NONE', #429, 1.259999999999999787 ) ;
#293 = FACE_OUTER_BOUND ( 'NONE', #1840, .T. ) ;
#294 = DIRECTION ( 'NONE',  ( 0.000000000000000000, 1.000000000000000000, 0.000000000000000000 ) ) ;
#295 = CIRCLE ( 'NONE', #474, 2.489999999999999325 ) ;
#296 = ORIENTED_EDGE ( 'NONE', *, *, #1981, .F. ) ;
#297 = AXIS2_PLACEMENT_3D ( 'NONE', #2028, #1297, #166 ) ;
#298 = DIRECTION ( 'NONE',  ( 0.000000000000000000, -1.000000000000000000, 0.000000000000000000 ) ) ;
#299 = CARTESIAN_POINT ( 'NONE',  ( 5.100000000000004086, 4.100000000000000533, 0.000000000000000000 ) ) ;
#300 = CARTESIAN_POINT ( 'NONE',  ( 5.040000000000001812, 5.211416863654342535, -1.241341768881609742 ) ) ;
#301 = CARTESIAN_POINT ( 'NONE',  ( 5.409239841980159724, 4.267113879112166330, 0.2641535323804908297 ) ) ;
#302 = EDGE_CURVE ( 'NONE', #1611, #1703, #1649, .T. ) ;
#303 = CARTESIAN_POINT ( 'NONE',  ( 4.701836806705445682, 4.073529412242296033, -0.05247478190543742455 ) ) ;
#304 = CARTESIAN_POINT ( 'NONE',  ( -4.807818128993099904, 0.4858855034037044551, 0.000000000000000000 ) ) ;
#305 = DIRECTION ( 'NONE',  ( -0.000000000000000000, -0.000000000000000000, -1.000000000000000000 ) ) ;
#306 = ORIENTED_EDGE ( 'NONE', *, *, #1073, .T. ) ;
#307 = ORIENTED_EDGE ( 'NONE', *, *, #1222, .T. ) ;
#308 = CARTESIAN_POINT ( 'NONE',  ( -6.300000000000000711, 8.750000000000000000, 0.000000000000000000 ) ) ;
#309 = CARTESIAN_POINT ( 'NONE',  ( -4.855054215068991930, 5.209623993900643235, -1.236230993722716276 ) ) ;
#310 = CARTESIAN_POINT ( 'NONE',  ( 5.688477073785794147, 5.282551213335603180, 0.8664635173988798345 ) ) ;
#311 = ORIENTED_EDGE ( 'NONE', *, *, #962, .F. ) ;
#312 = DIRECTION ( 'NONE',  ( 0.000000000000000000, 1.000000000000000000, 0.000000000000000000 ) ) ;
#313 = CARTESIAN_POINT ( 'NONE',  ( 3.750000000000001332, 8.673617379884035472E-16, 0.000000000000000000 ) ) ;
#314 = DIRECTION ( 'NONE',  ( -0.000000000000000000, 1.000000000000000000, -0.000000000000000000 ) ) ;
#315 = EDGE_CURVE ( 'NONE', #1762, #562, #1610, .T. ) ;
#316 = FILL_AREA_STYLE_COLOUR ( '', #948 ) ;
#317 = DIRECTION ( 'NONE',  ( -2.312964634635742957E-16, -1.000000000000000000, 0.000000000000000000 ) ) ;
#318 = DIRECTION ( 'NONE',  ( 0.000000000000000000, 0.000000000000000000, 1.000000000000000000 ) ) ;
#319 = MANIFOLD_SOLID_BREP ( 'Mirror2[2]', #846 ) ;
#320 = DIRECTION ( 'NONE',  ( -0.3512972701956044719, 0.000000000000000000, 0.9362639734354388787 ) ) ;
#321 = EDGE_CURVE ( 'NONE', #1394, #619, #885, .T. ) ;
#322 = CARTESIAN_POINT ( 'NONE',  ( 5.072860421234505424, 4.933392684206363121, -0.4488028424122874616 ) ) ;
#323 = AXIS2_PLACEMENT_3D ( 'NONE', #655, #1794, #119 ) ;
#324 = CARTESIAN_POINT ( 'NONE',  ( -4.891207960402209842, 4.088723363771674002, 0.3462070243874181830 ) ) ;
#325 = ORIENTED_EDGE ( 'NONE', *, *, #135, .F. ) ;
#326 = AXIS2_PLACEMENT_3D ( 'NONE', #582, #570, #901 ) ;
#327 = ADVANCED_FACE ( 'NONE', ( #2066 ), #580, .T. ) ;
#328 = CARTESIAN_POINT ( 'NONE',  ( 5.040000000000001812, 5.211416863654342535, 1.241341768881609742 ) ) ;
#329 = AXIS2_PLACEMENT_3D ( 'NONE', #1119, #1459, #2123 ) ;
#330 = DIRECTION ( 'NONE',  ( 1.652117596168388002E-16, -1.000000000000000000, 0.000000000000000000 ) ) ;
#331 = TOROIDAL_SURFACE ( 'NONE', #1066, 0.6000000000000007550, 0.3000000000000000999 ) ;
#332 = EDGE_LOOP ( 'NONE', ( #369, #2093, #499, #306, #592, #1530, #2060 ) ) ;
#333 = CARTESIAN_POINT ( 'NONE',  ( -3.450000000000000622, -5.204170427930423132E-17, -3.673940397442060115E-17 ) ) ;
#334 = STYLED_ITEM ( 'NONE', ( #709 ), #452 ) ;
#335 = EDGE_CURVE ( 'NONE', #6, #737, #1694, .T. ) ;
#336 = DIRECTION ( 'NONE',  ( 0.000000000000000000, -1.000000000000000000, 0.000000000000000000 ) ) ;
#337 = CARTESIAN_POINT ( 'NONE',  ( 5.040000000000000036, 11.75000000000000000, -3.750000000000000000 ) ) ;
#338 = CARTESIAN_POINT ( 'NONE',  ( 3.586944327152831846, 5.025813136373839640, 0.4462666532230745720 ) ) ;
#339 = CARTESIAN_POINT ( 'NONE',  ( -3.750000000000001332, 8.673617379884035472E-16, 0.000000000000000000 ) ) ;
#340 = APPLICATION_PROTOCOL_DEFINITION ( 'draft international standard', 'automotive_design', 1998, #680 ) ;
#341 = ORIENTED_EDGE ( 'NONE', *, *, #1437, .T. ) ;
#342 = DIRECTION ( 'NONE',  ( -0.000000000000000000, -1.000000000000000000, -0.000000000000000000 ) ) ;
#343 = ORIENTED_EDGE ( 'NONE', *, *, #284, .T. ) ;
#344 = CARTESIAN_POINT ( 'NONE',  ( 5.743361336963200614, 5.295834083434675321, -0.7661464684764656141 ) ) ;
#345 = CARTESIAN_POINT ( 'NONE',  ( 4.850652082647068042, 4.086011075600471720, -0.3147532121353683321 ) ) ;
#346 = ADVANCED_FACE ( 'NONE', ( #214 ), #886, .T. ) ;
#347 = CARTESIAN_POINT ( 'NONE',  ( 5.363819723927259808, 5.231735654046798523, 1.169912567691027583 ) ) ;
#348 = CARTESIAN_POINT ( 'NONE',  ( 5.040000000000002700, 8.326672684688680956E-16, -3.750000000000000000 ) ) ;
#349 = EDGE_LOOP ( 'NONE', ( #384, #998, #1872, #1724 ) ) ;
#350 = DIRECTION ( 'NONE',  ( -1.000000000000000000, 0.000000000000000000, 0.000000000000000000 ) ) ;
#351 = ORIENTED_EDGE ( 'NONE', *, *, #1604, .T. ) ;
#352 = CARTESIAN_POINT ( 'NONE',  ( -4.796292493992331707, 4.082021867143616589, -0.2617170143872724619 ) ) ;
#353 = EDGE_CURVE ( 'NONE', #660, #1060, #1152, .T. ) ;
#354 = CARTESIAN_POINT ( 'NONE',  ( -5.507809312782063316, 4.447395229646721404, 0.000000000000000000 ) ) ;
#355 = DIRECTION ( 'NONE',  ( 1.734723475976807094E-16, -1.000000000000000000, 0.000000000000000000 ) ) ;
#356 = CARTESIAN_POINT ( 'NONE',  ( 4.602606042997700264, 1.049701075875250522, 3.673940397442060115E-17 ) ) ;
#357 = CARTESIAN_POINT ( 'NONE',  ( 4.152145874738849329, 5.140768010136320676, 1.023513062026197629 ) ) ;
#358 = CARTESIAN_POINT ( 'NONE',  ( 5.264282091715677403, 5.221133705199228814, 1.221918765071336122 ) ) ;
#359 = FILL_AREA_STYLE ('',( #1493 ) ) ;
#360 = AXIS2_PLACEMENT_3D ( 'NONE', #406, #574, #2086 ) ;
#361 = CIRCLE ( 'NONE', #1877, 0.3000000000000000999 ) ;
#362 = ORIENTED_EDGE ( 'NONE', *, *, #845, .F. ) ;
#363 = CARTESIAN_POINT ( 'NONE',  ( -4.619401074255133466, 5.195967842739575460, -1.198336556099200978 ) ) ;
#364 = CIRCLE ( 'NONE', #1224, 1.259999999999999787 ) ;
#365 = TOROIDAL_SURFACE ( 'NONE', #856, 0.3017302736884315273, 0.1000000000000000056 ) ;
#366 = DIRECTION ( 'NONE',  ( -1.000000000000000000, -1.652117596168388002E-16, 0.000000000000000000 ) ) ;
#367 = CARTESIAN_POINT ( 'NONE',  ( 5.134950803830880872, 4.922097930325364246, -0.4316310926343746579 ) ) ;
#368 = CIRCLE ( 'NONE', #1197, 0.3000000000000000999 ) ;
#369 = ORIENTED_EDGE ( 'NONE', *, *, #1727, .F. ) ;
#370 = DIRECTION ( 'NONE',  ( 0.000000000000000000, -0.000000000000000000, 1.000000000000000000 ) ) ;
#371 = ORIENTED_EDGE ( 'NONE', *, *, #1644, .T. ) ;
#372 = DIRECTION ( 'NONE',  ( 0.000000000000000000, 1.000000000000000000, 0.000000000000000000 ) ) ;
#373 = CARTESIAN_POINT ( 'NONE',  ( -5.040000000000001812, 5.211416863654342535, 1.241341768881609742 ) ) ;
#374 =( NAMED_UNIT ( * ) SI_UNIT ( $, .STERADIAN. ) SOLID_ANGLE_UNIT ( ) );
#375 = ORIENTED_EDGE ( 'NONE', *, *, #125, .T. ) ;
#376 = CARTESIAN_POINT ( 'NONE',  ( -4.914410577944258840, 4.089742037641781458, -0.3566014862240096672 ) ) ;
#377 = ORIENTED_EDGE ( 'NONE', *, *, #1835, .T. ) ;
#378 = LINE ( 'NONE', #2027, #1875 ) ;
#379 = CARTESIAN_POINT ( 'NONE',  ( 5.648461409920147780, 5.274232902953823299, -0.9236741119594471527 ) ) ;
#380 = B_SPLINE_CURVE_WITH_KNOTS ( 'NONE', 3,
 ( #1713, #738, #758, #203 ),
 .UNSPECIFIED., .F., .F.,
 ( 4, 4 ),
 ( 0.000000000000000000, 0.0003379008084268515311 ),
 .UNSPECIFIED. ) ;
#381 = ORIENTED_EDGE ( 'NONE', *, *, #1797, .T. ) ;
#382 = CARTESIAN_POINT ( 'NONE',  ( -4.571916915279021332, 4.965730233093792911, 0.2489972728273094627 ) ) ;
#383 = ADVANCED_FACE ( 'NONE', ( #1552 ), #65, .T. ) ;
#384 = ORIENTED_EDGE ( 'NONE', *, *, #833, .T. ) ;
#385 = CARTESIAN_POINT ( 'NONE',  ( -5.507809312782063316, 4.447395229646718740, -6.146712038671121869E-17 ) ) ;
#386 = VERTEX_POINT ( 'NONE', #566 ) ;
#387 = CARTESIAN_POINT ( 'NONE',  ( 4.050000000000001599, 8.673617379884035472E-16, 0.000000000000000000 ) ) ;
#388 = CARTESIAN_POINT ( 'NONE',  ( -5.270271197703198851, 4.927805138939132412, -0.4152917251453813186 ) ) ;
#389 = LINE ( 'NONE', #1014, #779 ) ;
#390 = CARTESIAN_POINT ( 'NONE',  ( -5.040000000000000036, 15.50000000000000000, -2.490000000000000213 ) ) ;
#391 = EDGE_CURVE ( 'NONE', #205, #1055, #540, .T. ) ;
#392 = FACE_OUTER_BOUND ( 'NONE', #1930, .T. ) ;
#393 = CARTESIAN_POINT ( 'NONE',  ( -5.507809312782063316, 4.447395229646721404, -0.05185481493940969494 ) ) ;
#394 = CARTESIAN_POINT ( 'NONE',  ( -5.409239841980159724, 4.267113879112166330, 0.2641535323804908297 ) ) ;
#395 = EDGE_CURVE ( 'NONE', #1752, #417, #219, .T. ) ;
#396 = DIRECTION ( 'NONE',  ( -0.000000000000000000, 0.000000000000000000, 1.000000000000000000 ) ) ;
#397 = CARTESIAN_POINT ( 'NONE',  ( -5.363819723926107841, 5.231735654046675954, -1.169912567691629768 ) ) ;
#398 = CIRCLE ( 'NONE', #685, 1.259999999999999787 ) ;
#399 = AXIS2_PLACEMENT_3D ( 'NONE', #1421, #458, #1115 ) ;
#400 = CARTESIAN_POINT ( 'NONE',  ( 5.316191641408977375, 4.154821689149706287, -0.3421632772719187532 ) ) ;
#401 = AXIS2_PLACEMENT_3D ( 'NONE', #1947, #108, #657 ) ;
#402 = ORIENTED_EDGE ( 'NONE', *, *, #726, .F. ) ;
#403 = AXIS2_PLACEMENT_3D ( 'NONE', #313, #336, #1509 ) ;
#404 = DIRECTION ( 'NONE',  ( -1.652117596168388002E-16, -1.000000000000000000, 0.000000000000000000 ) ) ;
#405 =( GEOMETRIC_REPRESENTATION_CONTEXT ( 3 ) GLOBAL_UNCERTAINTY_ASSIGNED_CONTEXT ( ( #1114 ) ) GLOBAL_UNIT_ASSIGNED_CONTEXT ( ( #509, #676, #374 ) ) REPRESENTATION_CONTEXT ( 'NONE', 'WORKASPACE' ) );
#406 = CARTESIAN_POINT ( 'NONE',  ( 3.750000000000001332, 8.673617379884035472E-16, 0.000000000000000000 ) ) ;
#407 = CARTESIAN_POINT ( 'NONE',  ( 4.495484892961784773, 4.983822653834788063, 0.1554567445498936384 ) ) ;
#408 = EDGE_LOOP ( 'NONE', ( #976, #163, #325, #572 ) ) ;
#409 = VERTEX_POINT ( 'NONE', #2076 ) ;
#410 = CARTESIAN_POINT ( 'NONE',  ( 4.350000000000000533, 0.000000000000000000, 0.000000000000000000 ) ) ;
#411 = DIRECTION ( 'NONE',  ( 1.734723475976807094E-16, -1.000000000000000000, 0.000000000000000000 ) ) ;
#412 = EDGE_CURVE ( 'NONE', #1805, #2150, #233, .T. ) ;
#413 = FACE_OUTER_BOUND ( 'NONE', #1446, .T. ) ;
#414 = DIRECTION ( 'NONE',  ( 0.000000000000000000, -1.000000000000000000, 0.000000000000000000 ) ) ;
#415 = CARTESIAN_POINT ( 'NONE',  ( 4.239179380016198984, 5.154668968451829869, 1.068062244596797328 ) ) ;
#416 = EDGE_CURVE ( 'NONE', #1703, #546, #874, .T. ) ;
#417 = VERTEX_POINT ( 'NONE', #1071 ) ;
#418 = CARTESIAN_POINT ( 'NONE',  ( 5.090321024164813579, 4.094317055754005175, 0.4014812134106652275 ) ) ;
#419 = VERTEX_POINT ( 'NONE', #587 ) ;
#420 = CARTESIAN_POINT ( 'NONE',  ( -4.500000000000000888, 1.331608862111023361, 0.000000000000000000 ) ) ;
#421 = ADVANCED_FACE ( 'NONE', ( #1536 ), #1470, .T. ) ;
#422 =( NAMED_UNIT ( * ) PLANE_ANGLE_UNIT ( ) SI_UNIT ( $, .RADIAN. ) );
#423 = CARTESIAN_POINT ( 'NONE',  ( -5.280062074761175950, 4.122609271803942654, 0.3618432069160843478 ) ) ;
#424 = CARTESIAN_POINT ( 'NONE',  ( -6.299999999999999822, 15.50000000000000000, -2.490000000000000213 ) ) ;
#425 = B_SPLINE_CURVE_WITH_KNOTS ( 'NONE', 3,
 ( #328, #1178, #358, #2039 ),
 .UNSPECIFIED., .F., .F.,
 ( 4, 4 ),
 ( 0.000000000000000000, 0.0003381959318274492510 ),
 .UNSPECIFIED. ) ;
#426 = STYLED_ITEM ( 'NONE', ( #1689 ), #319 ) ;
#427 = FACE_OUTER_BOUND ( 'NONE', #1894, .T. ) ;
#428 = ORIENTED_EDGE ( 'NONE', *, *, #1708, .F. ) ;
#429 = AXIS2_PLACEMENT_3D ( 'NONE', #771, #1802, #270 ) ;
#430 = CIRCLE ( 'NONE', #1657, 1.259999999999999787 ) ;
#431 = CARTESIAN_POINT ( 'NONE',  ( 4.701836806836542593, 4.073529411764705621, 7.316496521691274593E-17 ) ) ;
#432 = CIRCLE ( 'NONE', #1914, 0.09999999999999999167 ) ;
#433 = DIRECTION ( 'NONE',  ( -1.652117596168388002E-16, -1.000000000000000000, 0.000000000000000000 ) ) ;
#434 = CARTESIAN_POINT ( 'NONE',  ( -5.100000000000060929, 4.094383377677432989, -0.4015724168629731805 ) ) ;
#435 = AXIS2_PLACEMENT_3D ( 'NONE', #1469, #811, #1629 ) ;
#436 = ORIENTED_EDGE ( 'NONE', *, *, #915, .T. ) ;
#437 = CARTESIAN_POINT ( 'NONE',  ( 4.321775668155748207, 5.165189944711632286, -1.102138524279035581 ) ) ;
#438 = CARTESIAN_POINT ( 'NONE',  ( -4.153301861380499282, 5.140946114997192673, -1.024120390794604152 ) ) ;
#439 = CARTESIAN_POINT ( 'NONE',  ( -5.242076628743797428, 4.098254759356271038, 0.3757515236179974627 ) ) ;
#440 = ORIENTED_EDGE ( 'NONE', *, *, #1325, .T. ) ;
#441 = DIRECTION ( 'NONE',  ( -0.000000000000000000, 0.000000000000000000, 1.000000000000000000 ) ) ;
#442 = DIRECTION ( 'NONE',  ( -0.9992355077633773286, -0.01294132128213457307, -0.03689067942364555180 ) ) ;
#443 = ADVANCED_FACE ( 'NONE', ( #250 ), #242, .F. ) ;
#444 = DIRECTION ( 'NONE',  ( 0.000000000000000000, 0.000000000000000000, -1.000000000000000000 ) ) ;
#445 = CARTESIAN_POINT ( 'NONE',  ( -3.499749964574934591, 5.003466703887503364, 0.1839300046192971216 ) ) ;
#446 = ORIENTED_EDGE ( 'NONE', *, *, #833, .F. ) ;
#447 = EDGE_CURVE ( 'NONE', #1655, #419, #146, .T. ) ;
#448 = CARTESIAN_POINT ( 'NONE',  ( -5.040000000000000924, 8.750000000000000000, 0.000000000000000000 ) ) ;
#449 = ORIENTED_EDGE ( 'NONE', *, *, #807, .F. ) ;
#450 = CARTESIAN_POINT ( 'NONE',  ( 5.381682884385270427, 4.224750294859942912, 0.2988532376160307202 ) ) ;
#451 = CARTESIAN_POINT ( 'NONE',  ( 5.100000000000004086, 4.100000000000000533, 0.3017302736884315273 ) ) ;
#452 = ADVANCED_BREP_SHAPE_REPRESENTATION ( 'ECWFD2J333JB', ( #1738, #1778, #319, #1336 ), #1775 ) ;
#453 = CARTESIAN_POINT ( 'NONE',  ( -5.100000000000004086, 4.000000000000000000, 0.000000000000000000 ) ) ;
#454 = ORIENTED_EDGE ( 'NONE', *, *, #1222, .F. ) ;
#455 = VERTEX_POINT ( 'NONE', #2054 ) ;
#456 = CARTESIAN_POINT ( 'NONE',  ( 4.625077429055859390, 4.957035858921585714, -0.2948373718829359058 ) ) ;
#457 = ADVANCED_FACE ( 'NONE', ( #472 ), #1652, .T. ) ;
#458 = DIRECTION ( 'NONE',  ( -1.000000000000000000, -1.652117596168388002E-16, 0.000000000000000000 ) ) ;
#459 = DIRECTION ( 'NONE',  ( -3.250504491911154328E-16, -1.000000000000000000, 0.000000000000000000 ) ) ;
#460 = ORIENTED_EDGE ( 'NONE', *, *, #165, .F. ) ;
#461 = ORIENTED_EDGE ( 'NONE', *, *, #1891, .F. ) ;
#462 = CARTESIAN_POINT ( 'NONE',  ( 5.093032046104665866, 4.935087094024393828, -0.4493066326068888006 ) ) ;
#463 = CARTESIAN_POINT ( 'NONE',  ( 4.742209530882309565, 4.077918349725976555, 0.2046482470750703719 ) ) ;
#464 = CARTESIAN_POINT ( 'NONE',  ( 5.903808704339561508, 5.342702598767873567, 0.2270486332755319303 ) ) ;
#465 = EDGE_CURVE ( 'NONE', #1020, #1195, #49, .T. ) ;
#466 = ORIENTED_EDGE ( 'NONE', *, *, #997, .T. ) ;
#467 = CARTESIAN_POINT ( 'NONE',  ( 5.801879144505787345, 5.310906551267996711, 0.6315528650355703988 ) ) ;
#468 = AXIS2_PLACEMENT_3D ( 'NONE', #916, #396, #1063 ) ;
#469 = PRESENTATION_STYLE_ASSIGNMENT (( #134 ) ) ;
#470 = VECTOR ( 'NONE', #531, 1000.000000000000000 ) ;
#471 = ADVANCED_FACE ( 'NONE', ( #293 ), #722, .T. ) ;
#472 = FACE_OUTER_BOUND ( 'NONE', #110, .T. ) ;
#473 = CARTESIAN_POINT ( 'NONE',  ( 5.100000000000004086, 4.000000000000000000, -0.3017302736884315273 ) ) ;
#474 = AXIS2_PLACEMENT_3D ( 'NONE', #1729, #2092, #1925 ) ;
#475 = ORIENTED_EDGE ( 'NONE', *, *, #321, .T. ) ;
#476 = MECHANICAL_DESIGN_GEOMETRIC_PRESENTATION_REPRESENTATION (  '', ( #1372 ), #1096 ) ;
#477 = CARTESIAN_POINT ( 'NONE',  ( 4.800000000000004263, 4.000000000000000888, 3.673940397442060115E-17 ) ) ;
#478 = FACE_OUTER_BOUND ( 'NONE', #169, .T. ) ;
#479 = CARTESIAN_POINT ( 'NONE',  ( 5.549288539542974519, 5.255903385926840699, 1.041602095811013928 ) ) ;
#480 = CIRCLE ( 'NONE', #1067, 0.09999999999999999167 ) ;
#481 = CARTESIAN_POINT ( 'NONE',  ( -5.261158961771317699, 5.220801050017464640, 1.223550517502698609 ) ) ;
#482 = EDGE_CURVE ( 'NONE', #409, #1742, #1720, .T. ) ;
#483 = CYLINDRICAL_SURFACE ( 'NONE', #585, 0.2999999999999999334 ) ;
#484 = VERTEX_POINT ( 'NONE', #1287 ) ;
#485 = CYLINDRICAL_SURFACE ( 'NONE', #1944, 0.2999999999999999334 ) ;
#486 = ORIENTED_EDGE ( 'NONE', *, *, #1524, .F. ) ;
#487 = CARTESIAN_POINT ( 'NONE',  ( 3.499749964574934591, 5.003466703887503364, 0.1839300046192971216 ) ) ;
#488 = CARTESIAN_POINT ( 'NONE',  ( -3.860407766890478154, 5.087398480112051757, -0.8076825128842415324 ) ) ;
#489 = CARTESIAN_POINT ( 'NONE',  ( 5.100000000000004086, 4.094383377677430325, 0.4015724168629727919 ) ) ;
#490 = ORIENTED_EDGE ( 'NONE', *, *, #1004, .F. ) ;
#491 = DIRECTION ( 'NONE',  ( 0.000000000000000000, 0.000000000000000000, -1.000000000000000000 ) ) ;
#492 = CARTESIAN_POINT ( 'NONE',  ( -5.100000000000060929, 4.094383377677432989, -0.4015724168629731805 ) ) ;
#493 = EDGE_CURVE ( 'NONE', #455, #2101, #2111, .T. ) ;
#494 = CARTESIAN_POINT ( 'NONE',  ( -4.720360123600659819, 4.945438222161528508, 0.3610350435156310378 ) ) ;
#495 = ORIENTED_EDGE ( 'NONE', *, *, #2065, .T. ) ;
#496 = ORIENTED_EDGE ( 'NONE', *, *, #1159, .T. ) ;
#497 = CARTESIAN_POINT ( 'NONE',  ( -4.705212085995400528, 0.7677932896394774609, 0.000000000000000000 ) ) ;
#498 = ORIENTED_EDGE ( 'NONE', *, *, #90, .T. ) ;
#499 = ORIENTED_EDGE ( 'NONE', *, *, #2017, .T. ) ;
#500 = CARTESIAN_POINT ( 'NONE',  ( -5.040000000000000924, 11.75000000000000000, 2.490000000000000213 ) ) ;
#501 = CARTESIAN_POINT ( 'NONE',  ( -5.085481290153325062, 4.094298009547221007, 0.4013050294417821462 ) ) ;
#502 = AXIS2_PLACEMENT_3D ( 'NONE', #207, #568, #78 ) ;
#503 = AXIS2_PLACEMENT_3D ( 'NONE', #665, #1828, #1009 ) ;
#504 = CARTESIAN_POINT ( 'NONE',  ( 5.261158961771317699, 5.220801050017464640, 1.223550517502698609 ) ) ;
#505 = AXIS2_PLACEMENT_3D ( 'NONE', #239, #1418, #1265 ) ;
#506 = CARTESIAN_POINT ( 'NONE',  ( -3.750000000000001332, 8.673617379884035472E-16, 0.000000000000000000 ) ) ;
#507 = DIRECTION ( 'NONE',  ( 0.000000000000000000, 0.000000000000000000, 1.000000000000000000 ) ) ;
#508 = CIRCLE ( 'NONE', #781, 1.259999999999999787 ) ;
#509 =( LENGTH_UNIT ( ) NAMED_UNIT ( * ) SI_UNIT ( .MILLI., .METRE. ) );
#510 = EDGE_LOOP ( 'NONE', ( #940, #710, #252, #402 ) ) ;
#511 = CIRCLE ( 'NONE', #1439, 1.260000000000000231 ) ;
#512 = ORIENTED_EDGE ( 'NONE', *, *, #1852, .F. ) ;
#513 = DIRECTION ( 'NONE',  ( 0.000000000000000000, 0.000000000000000000, 1.000000000000000000 ) ) ;
#514 = AXIS2_PLACEMENT_3D ( 'NONE', #497, #1284, #823 ) ;
#515 = CARTESIAN_POINT ( 'NONE',  ( 5.868557438425491490, 5.329178065740470593, -0.4532781341415317300 ) ) ;
#516 = CARTESIAN_POINT ( 'NONE',  ( 4.655184041935868322, 4.953031930390256576, -0.3169247706288106370 ) ) ;
#517 = ADVANCED_FACE ( 'NONE', ( #1454 ), #2129, .T. ) ;
#518 = CARTESIAN_POINT ( 'NONE',  ( 5.085481290153312628, 4.094298009547205908, 0.4013050294423630704 ) ) ;
#519 = ORIENTED_EDGE ( 'NONE', *, *, #747, .F. ) ;
#520 = DIRECTION ( 'NONE',  ( 3.250504491911154328E-16, -1.000000000000000000, 0.000000000000000000 ) ) ;
#521 = ORIENTED_EDGE ( 'NONE', *, *, #1451, .F. ) ;
#522 = CARTESIAN_POINT ( 'NONE',  ( -4.701836806836542593, 4.073529411764705621, 0.000000000000000000 ) ) ;
#523 = EDGE_CURVE ( 'NONE', #1703, #226, #1155, .T. ) ;
#524 = VERTEX_POINT ( 'NONE', #1624 ) ;
#525 = EDGE_LOOP ( 'NONE', ( #653, #22, #597, #8, #1622, #1800, #1086 ) ) ;
#526 = DIRECTION ( 'NONE',  ( 0.000000000000000000, 0.000000000000000000, -1.000000000000000000 ) ) ;
#527 = FACE_OUTER_BOUND ( 'NONE', #1969, .T. ) ;
#528 = FACE_OUTER_BOUND ( 'NONE', #1181, .T. ) ;
#529 = CARTESIAN_POINT ( 'NONE',  ( 5.100000000000003197, 1.331608862111025582, 0.000000000000000000 ) ) ;
#530 = EDGE_CURVE ( 'NONE', #1041, #1655, #1107, .T. ) ;
#531 = DIRECTION ( 'NONE',  ( 1.652117596168388002E-16, -1.000000000000000000, 0.000000000000000000 ) ) ;
#532 = DIRECTION ( 'NONE',  ( -1.000000000000000000, 0.000000000000000000, 0.000000000000000000 ) ) ;
#533 = FACE_OUTER_BOUND ( 'NONE', #1565, .T. ) ;
#534 = ORIENTED_EDGE ( 'NONE', *, *, #840, .F. ) ;
#535 = CARTESIAN_POINT ( 'NONE',  ( -3.855277647616739412, 5.086450143053910189, -0.8027314712412449982 ) ) ;
#536 = EDGE_CURVE ( 'NONE', #1526, #1532, #1472, .T. ) ;
#537 = CARTESIAN_POINT ( 'NONE',  ( -5.903808704339558844, 5.342702598767872679, 0.000000000000000000 ) ) ;
#538 = FACE_OUTER_BOUND ( 'NONE', #1083, .T. ) ;
#539 = CARTESIAN_POINT ( 'NONE',  ( 5.903808704339558844, 5.342702598767872679, 0.000000000000000000 ) ) ;
#540 = CIRCLE ( 'NONE', #1734, 0.3000000000000000999 ) ;
#541 = CARTESIAN_POINT ( 'NONE',  ( -5.381655884642777110, 4.224717848149809996, -0.2988719502871737266 ) ) ;
#542 = VERTEX_POINT ( 'NONE', #1270 ) ;
#543 = FACE_OUTER_BOUND ( 'NONE', #67, .T. ) ;
#544 = CYLINDRICAL_SURFACE ( 'NONE', #550, 1.259999999999999787 ) ;
#545 = AXIS2_PLACEMENT_3D ( 'NONE', #111, #1317, #491 ) ;
#546 = VERTEX_POINT ( 'NONE', #1968 ) ;
#547 = CARTESIAN_POINT ( 'NONE',  ( -4.850652082647068042, 4.086011075600471720, -0.3147532121353683321 ) ) ;
#548 = AXIS2_PLACEMENT_3D ( 'NONE', #1748, #1879, #370 ) ;
#549 = VERTEX_POINT ( 'NONE', #263 ) ;
#550 = AXIS2_PLACEMENT_3D ( 'NONE', #1539, #330, #1501 ) ;
#551 = DIRECTION ( 'NONE',  ( 0.000000000000000000, 0.000000000000000000, -1.000000000000000000 ) ) ;
#552 = CARTESIAN_POINT ( 'NONE',  ( 5.040000000000000036, 15.50000000000000000, -2.490000000000000213 ) ) ;
#553 = AXIS2_PLACEMENT_3D ( 'NONE', #2081, #1897, #1069 ) ;
#554 = CARTESIAN_POINT ( 'NONE',  ( -4.796338727569938065, 4.082025118023524080, 0.2617576005174553910 ) ) ;
#555 = CARTESIAN_POINT ( 'NONE',  ( -3.750000000000000888, 0.000000000000000000, 0.000000000000000000 ) ) ;
#556 = ORIENTED_EDGE ( 'NONE', *, *, #912, .T. ) ;
#557 = CARTESIAN_POINT ( 'NONE',  ( 4.701836806836536375, 4.073529411764703845, 2.109905265687640306E-16 ) ) ;
#558 = PRODUCT_CONTEXT ( 'NONE', #227, 'mechanical' ) ;
#559 = ORIENTED_EDGE ( 'NONE', *, *, #2114, .T. ) ;
#560 = DIRECTION ( 'NONE',  ( 0.9396926207859098712, -0.3420201433256650492, 0.000000000000000000 ) ) ;
#561 = DIRECTION ( 'NONE',  ( 1.000000000000000000, 0.000000000000000000, 0.000000000000000000 ) ) ;
#562 = VERTEX_POINT ( 'NONE', #939 ) ;
#563 = CARTESIAN_POINT ( 'NONE',  ( -4.510777468634759479, 4.979475696317582134, 0.1784631699265213645 ) ) ;
#564 = ADVANCED_FACE ( 'NONE', ( #795 ), #221, .T. ) ;
#565 = ORIENTED_EDGE ( 'NONE', *, *, #863, .T. ) ;
#566 = CARTESIAN_POINT ( 'NONE',  ( -5.100000000000060929, 4.094383377677432989, -0.4015724168629731805 ) ) ;
#567 = CARTESIAN_POINT ( 'NONE',  ( -5.134950803831263677, 4.922097930325157300, 0.4316310926344769094 ) ) ;
#568 = DIRECTION ( 'NONE',  ( -1.000000000000000000, 1.652117596168388002E-16, -0.000000000000000000 ) ) ;
#569 = CARTESIAN_POINT ( 'NONE',  ( -5.475288648620159293, 4.379332306888537474, -0.1619377301689718940 ) ) ;
#570 = DIRECTION ( 'NONE',  ( 0.000000000000000000, 1.000000000000000000, 0.000000000000000000 ) ) ;
#571 = CARTESIAN_POINT ( 'NONE',  ( 5.903808699771347257, 5.342702594466039123, -0.1359176048624679556 ) ) ;
#572 = ORIENTED_EDGE ( 'NONE', *, *, #2072, .F. ) ;
#573 = CARTESIAN_POINT ( 'NONE',  ( -4.458894830510405249, 4.995172686175243904, 0.08701231740639286949 ) ) ;
#574 = DIRECTION ( 'NONE',  ( 0.000000000000000000, -1.000000000000000000, 0.000000000000000000 ) ) ;
#575 = CARTESIAN_POINT ( 'NONE',  ( 4.066534301325364531, 5.126818657762366449, 0.9740676452903994642 ) ) ;
#576 = ORIENTED_EDGE ( 'NONE', *, *, #1524, .T. ) ;
#577 = ORIENTED_EDGE ( 'NONE', *, *, #1250, .F. ) ;
#578 = ORIENTED_EDGE ( 'NONE', *, *, #90, .F. ) ;
#579 = CARTESIAN_POINT ( 'NONE',  ( 5.100000000000004086, 4.100000000000000533, 0.000000000000000000 ) ) ;
#580 = TOROIDAL_SURFACE ( 'NONE', #1218, 2.490000000000000213, 1.260000000000000009 ) ;
#581 = AXIS2_PLACEMENT_3D ( 'NONE', #420, #1426, #743 ) ;
#582 = CARTESIAN_POINT ( 'NONE',  ( 5.040000000000000924, 8.750000000000000000, 2.490000000000000213 ) ) ;
#583 = DIRECTION ( 'NONE',  ( 0.000000000000000000, -1.000000000000000000, 0.000000000000000000 ) ) ;
#584 = CIRCLE ( 'NONE', #1333, 0.3017302736884315273 ) ;
#585 = AXIS2_PLACEMENT_3D ( 'NONE', #1832, #1136, #13 ) ;
#586 = PLANE ( 'NONE',  #548 ) ;
#587 = CARTESIAN_POINT ( 'NONE',  ( -4.042181871006900629, 0.8457233587073189618, -3.673940397442060115E-17 ) ) ;
#588 = CARTESIAN_POINT ( 'NONE',  ( 4.848883291064224110, 4.085987479524445298, 0.3164168728443351175 ) ) ;
#589 = ORIENTED_EDGE ( 'NONE', *, *, #1319, .F. ) ;
#590 = CARTESIAN_POINT ( 'NONE',  ( -5.040000000000000924, 8.750000000000000000, 3.750000000000000000 ) ) ;
#591 = EDGE_CURVE ( 'NONE', #1923, #409, #292, .T. ) ;
#592 = ORIENTED_EDGE ( 'NONE', *, *, #1209, .T. ) ;
#593 = LINE ( 'NONE', #1387, #2045 ) ;
#594 = FILL_AREA_STYLE_COLOUR ( '', #1026 ) ;
#595 = DIRECTION ( 'NONE',  ( -1.652117596168388002E-16, -1.000000000000000000, -0.000000000000000000 ) ) ;
#596 = CARTESIAN_POINT ( 'NONE',  ( -5.242076628743824074, 4.098254759356067645, 0.3757515236180420382 ) ) ;
#597 = ORIENTED_EDGE ( 'NONE', *, *, #1462, .F. ) ;
#598 = ORIENTED_EDGE ( 'NONE', *, *, #926, .T. ) ;
#599 = CARTESIAN_POINT ( 'NONE',  ( -5.279975125079602094, 4.122553523531007791, -0.3618750434146709716 ) ) ;
#600 = CARTESIAN_POINT ( 'NONE',  ( -3.486782021451171776, 5.000000000000000000, 0.000000000000000000 ) ) ;
#601 = ORIENTED_EDGE ( 'NONE', *, *, #1542, .T. ) ;
#602 = CARTESIAN_POINT ( 'NONE',  ( 4.740957919651519248, 4.077257315614975397, -0.1762165161541572600 ) ) ;
#603 = DIRECTION ( 'NONE',  ( 0.000000000000000000, 0.000000000000000000, 1.000000000000000000 ) ) ;
#604 = CARTESIAN_POINT ( 'NONE',  ( -4.320540872172613511, 5.165052098264288460, 1.101703425512226886 ) ) ;
#605 = CARTESIAN_POINT ( 'NONE',  ( -4.705212085995400528, 0.7677932896394774609, 0.000000000000000000 ) ) ;
#606 = ORIENTED_EDGE ( 'NONE', *, *, #416, .T. ) ;
#607 = CIRCLE ( 'NONE', #1834, 1.260000000000000009 ) ;
#608 = AXIS2_PLACEMENT_3D ( 'NONE', #852, #821, #168 ) ;
#609 = CARTESIAN_POINT ( 'NONE',  ( 5.100000000000060929, 4.094383377677432989, -0.4015724168629731805 ) ) ;
#610 = VECTOR ( 'NONE', #128, 1000.000000000000114 ) ;
#611 = VECTOR ( 'NONE', #1192, 1000.000000000000000 ) ;
#612 = CARTESIAN_POINT ( 'NONE',  ( 3.682993389472564605, 5.048882607486618213, -0.6072550101549336610 ) ) ;
#613 = EDGE_CURVE ( 'NONE', #484, #386, #815, .T. ) ;
#614 = TOROIDAL_SURFACE ( 'NONE', #261, 0.6000000000000007550, 0.3000000000000000999 ) ;
#615 = CARTESIAN_POINT ( 'NONE',  ( -5.549288539542974519, 5.255903385926840699, 1.041602095811013928 ) ) ;
#616 = CARTESIAN_POINT ( 'NONE',  ( 5.687639447854519581, 4.076264727245294317, 1.554136101213047239 ) ) ;
#617 = VECTOR ( 'NONE', #1796, 1000.000000000000000 ) ;
#618 = ORIENTED_EDGE ( 'NONE', *, *, #1859, .T. ) ;
#619 = VERTEX_POINT ( 'NONE', #1634 ) ;
#620 = CARTESIAN_POINT ( 'NONE',  ( 3.680400550675236637, 5.048215263511012907, -0.6046028175007036598 ) ) ;
#621 = ORIENTED_EDGE ( 'NONE', *, *, #845, .T. ) ;
#622 = CARTESIAN_POINT ( 'NONE',  ( 5.040000000000000924, 11.75000000000000000, 0.000000000000000000 ) ) ;
#623 = CARTESIAN_POINT ( 'NONE',  ( 5.743132685631708867, 5.295777647125251342, 0.7666002513506502414 ) ) ;
#624 = ORIENTED_EDGE ( 'NONE', *, *, #416, .F. ) ;
#625 = CARTESIAN_POINT ( 'NONE',  ( 5.507809312665100876, 4.447395222945949023, 0.04196967919223056065 ) ) ;
#626 = CARTESIAN_POINT ( 'NONE',  ( 4.571843595665320059, 4.965740275379760149, -0.2489424354157968311 ) ) ;
#627 = EDGE_CURVE ( 'NONE', #2166, #1081, #1413, .T. ) ;
#628 = DIRECTION ( 'NONE',  ( -0.9396926207859098712, -0.3420201433256650492, 0.000000000000000000 ) ) ;
#629 = CARTESIAN_POINT ( 'NONE',  ( -3.486782021451173108, 5.000000000000001776, 0.09325043915100954262 ) ) ;
#630 = ORIENTED_EDGE ( 'NONE', *, *, #2046, .F. ) ;
#631 = EDGE_CURVE ( 'NONE', #1060, #691, #1932, .T. ) ;
#632 = FACE_OUTER_BOUND ( 'NONE', #1955, .T. ) ;
#633 = CARTESIAN_POINT ( 'NONE',  ( 5.242076628743797428, 4.098254759356271038, 0.3757515236179974627 ) ) ;
#634 = VERTEX_POINT ( 'NONE', #1256 ) ;
#635 = CARTESIAN_POINT ( 'NONE',  ( 5.903808704339558844, 5.342702598767870903, -1.980371961079237069E-16 ) ) ;
#636 = ORIENTED_EDGE ( 'NONE', *, *, #1951, .T. ) ;
#637 = CARTESIAN_POINT ( 'NONE',  ( -5.040000000000001812, 4.022452929842200930, 1.658432603225830970 ) ) ;
#638 = CARTESIAN_POINT ( 'NONE',  ( 4.705212085995400528, 0.7677932896394774609, 0.000000000000000000 ) ) ;
#639 = DIRECTION ( 'NONE',  ( 1.000000000000000000, 0.000000000000000000, 0.000000000000000000 ) ) ;
#640 = DIRECTION ( 'NONE',  ( -0.9396926207859093161, 0.3420201433256661594, -0.000000000000000000 ) ) ;
#641 = DIRECTION ( 'NONE',  ( 1.000000000000000000, 0.000000000000000000, 0.000000000000000000 ) ) ;
#642 = DIRECTION ( 'NONE',  ( -1.000000000000000000, 0.000000000000000000, 0.000000000000000000 ) ) ;
#643 = ADVANCED_FACE ( 'NONE', ( #527 ), #2061, .T. ) ;
#644 = LINE ( 'NONE', #1, #918 ) ;
#645 = AXIS2_PLACEMENT_3D ( 'NONE', #748, #372, #1059 ) ;
#646 = CARTESIAN_POINT ( 'NONE',  ( 4.977194293766896038, 4.933764926391678074, -0.4456721051195657868 ) ) ;
#647 = CIRCLE ( 'NONE', #1057, 0.3000000000000000999 ) ;
#648 = ORIENTED_EDGE ( 'NONE', *, *, #1305, .T. ) ;
#649 = UNCERTAINTY_MEASURE_WITH_UNIT (LENGTH_MEASURE( 1.000000000000000082E-05 ), #1146, 'distance_accuracy_value', 'NONE');
#650 = AXIS2_PLACEMENT_3D ( 'NONE', #1362, #1533, #882 ) ;
#651 = PLANE ( 'NONE',  #985 ) ;
#652 = AXIS2_PLACEMENT_3D ( 'NONE', #1976, #1829, #317 ) ;
#653 = ORIENTED_EDGE ( 'NONE', *, *, #991, .T. ) ;
#654 = CIRCLE ( 'NONE', #189, 2.489999999999999325 ) ;
#655 = CARTESIAN_POINT ( 'NONE',  ( -4.350000000000000533, 0.000000000000000000, 0.000000000000000000 ) ) ;
#656 = VERTEX_POINT ( 'NONE', #1166 ) ;
#657 = DIRECTION ( 'NONE',  ( 0.3420201433256661039, -0.9396926207859093161, 0.000000000000000000 ) ) ;
#658 = CARTESIAN_POINT ( 'NONE',  ( 5.507809312782063316, 4.447395229646721404, 0.000000000000000000 ) ) ;
#659 = AXIS2_PLACEMENT_3D ( 'NONE', #1615, #1997, #1148 ) ;
#660 = VERTEX_POINT ( 'NONE', #1887 ) ;
#661 = CARTESIAN_POINT ( 'NONE',  ( -3.750000000000001776, -5.000000000000000000, 0.000000000000000000 ) ) ;
#662 = EDGE_CURVE ( 'NONE', #1020, #1611, #1697, .T. ) ;
#663 = DIRECTION ( 'NONE',  ( 0.000000000000000000, 1.000000000000000000, 0.000000000000000000 ) ) ;
#664 = EDGE_LOOP ( 'NONE', ( #521, #895, #1638, #1674 ) ) ;
#665 = CARTESIAN_POINT ( 'NONE',  ( 5.100000000000004086, 4.000000000000000888, 0.000000000000000000 ) ) ;
#666 = DIRECTION ( 'NONE',  ( 0.000000000000000000, 0.000000000000000000, 1.000000000000000000 ) ) ;
#667 = CARTESIAN_POINT ( 'NONE',  ( 5.467784204887871979, 4.364904725710227140, -0.1778407084094300317 ) ) ;
#668 = ORIENTED_EDGE ( 'NONE', *, *, #1646, .F. ) ;
#669 = ORIENTED_EDGE ( 'NONE', *, *, #2072, .T. ) ;
#670 = DIRECTION ( 'NONE',  ( -0.000000000000000000, -0.000000000000000000, -1.000000000000000000 ) ) ;
#671 = CARTESIAN_POINT ( 'NONE',  ( 4.828777290105700892, 5.209369264577099479, -1.235504859380643472 ) ) ;
#672 = DIRECTION ( 'NONE',  ( -1.000000000000000000, -1.652117596168388002E-16, 0.000000000000000000 ) ) ;
#673 = CARTESIAN_POINT ( 'NONE',  ( 3.541430939110907783, 5.014916452509091904, -0.3696891967252505795 ) ) ;
#674 = ORIENTED_EDGE ( 'NONE', *, *, #1088, .F. ) ;
#675 = LINE ( 'NONE', #1324, #611 ) ;
#676 =( NAMED_UNIT ( * ) PLANE_ANGLE_UNIT ( ) SI_UNIT ( $, .RADIAN. ) );
#677 = ORIENTED_EDGE ( 'NONE', *, *, #1183, .T. ) ;
#678 = VERTEX_POINT ( 'NONE', #703 ) ;
#679 = CARTESIAN_POINT ( 'NONE',  ( -4.883033868806130329, 4.936098797651272463, -0.4251906911563518299 ) ) ;
#680 = APPLICATION_CONTEXT ( 'automotive_design' ) ;
#681 = ADVANCED_FACE ( 'NONE', ( #2047 ), #1403, .T. ) ;
#682 = CARTESIAN_POINT ( 'NONE',  ( -5.497152327840647779, 4.423310442827436795, 0.09987345846549962325 ) ) ;
#683 = CARTESIAN_POINT ( 'NONE',  ( -5.196469700340747622, 4.096096768797152343, -0.3929558367927067364 ) ) ;
#684 = ORIENTED_EDGE ( 'NONE', *, *, #249, .F. ) ;
#685 = AXIS2_PLACEMENT_3D ( 'NONE', #969, #1773, #130 ) ;
#686 = EDGE_CURVE ( 'NONE', #1923, #1805, #1510, .T. ) ;
#687 = AXIS2_PLACEMENT_3D ( 'NONE', #693, #1867, #1376 ) ;
#688 = DIRECTION ( 'NONE',  ( -1.000000000000000000, 0.000000000000000000, -0.000000000000000000 ) ) ;
#689 = CARTESIAN_POINT ( 'NONE',  ( 4.830565234856234014, 5.209386594458405462, 1.235554260140620197 ) ) ;
#690 = CIRCLE ( 'NONE', #921, 3.750000000000000000 ) ;
#691 = VERTEX_POINT ( 'NONE', #1173 ) ;
#692 = CARTESIAN_POINT ( 'NONE',  ( -5.085481290153325062, 4.094298009547221007, -0.4013050294417823682 ) ) ;
#693 = CARTESIAN_POINT ( 'NONE',  ( 7.678748868047427652E-16, 8.750000000000000000, 0.000000000000000000 ) ) ;
#694 = CARTESIAN_POINT ( 'NONE',  ( 4.723191096741071959, 4.946060355407218445, -0.3580863181645144167 ) ) ;
#695 = ADVANCED_FACE ( 'NONE', ( #25 ), #1198, .T. ) ;
#696 = CARTESIAN_POINT ( 'NONE',  ( -6.300000000000000711, 11.75000000000000000, 0.000000000000000000 ) ) ;
#697 = VERTEX_POINT ( 'NONE', #1711 ) ;
#698 = ADVANCED_FACE ( 'NONE', ( #1342 ), #1184, .T. ) ;
#699 = CARTESIAN_POINT ( 'NONE',  ( 3.549589493744608415, 5.016324949369150410, 0.3605726026413303975 ) ) ;
#700 = CARTESIAN_POINT ( 'NONE',  ( 4.983598108343080924, 4.092777035178585265, 0.3875645187001079961 ) ) ;
#701 = ORIENTED_EDGE ( 'NONE', *, *, #1319, .T. ) ;
#702 = CARTESIAN_POINT ( 'NONE',  ( -4.655184041935868322, 4.953031930390256576, -0.3169247706288079169 ) ) ;
#703 = CARTESIAN_POINT ( 'NONE',  ( 5.100000000000060929, 4.094383377677432989, -0.4015724168629731805 ) ) ;
#704 = FACE_OUTER_BOUND ( 'NONE', #20, .T. ) ;
#705 = CARTESIAN_POINT ( 'NONE',  ( -5.040000000000016911, 5.211416863654059206, 1.241341768881630836 ) ) ;
#706 = DIRECTION ( 'NONE',  ( 1.652117596168388002E-16, -1.000000000000000000, 0.000000000000000000 ) ) ;
#707 = ORIENTED_EDGE ( 'NONE', *, *, #1471, .T. ) ;
#708 = DIRECTION ( 'NONE',  ( 0.000000000000000000, 0.000000000000000000, 1.000000000000000000 ) ) ;
#709 = PRESENTATION_STYLE_ASSIGNMENT (( #877 ) ) ;
#710 = ORIENTED_EDGE ( 'NONE', *, *, #63, .T. ) ;
#711 = CARTESIAN_POINT ( 'NONE',  ( -4.701836806836542593, 4.073529411764705621, 7.316496601440860890E-17 ) ) ;
#712 = EDGE_CURVE ( 'NONE', #1668, #1709, #378, .T. ) ;
#713 = CARTESIAN_POINT ( 'NONE',  ( -5.550113150183260124, 5.256043760640890739, -1.040757875071821603 ) ) ;
#714 = CARTESIAN_POINT ( 'NONE',  ( 5.890629969151447654, 5.338062577896186767, -0.2673389952472174924 ) ) ;
#715 = DIRECTION ( 'NONE',  ( 0.000000000000000000, 0.000000000000000000, 1.000000000000000000 ) ) ;
#716 = CIRCLE ( 'NONE', #2116, 3.750000000000000000 ) ;
#717 = DIRECTION ( 'NONE',  ( -0.9396926207859098712, 0.3420201433256649381, -0.000000000000000000 ) ) ;
#718 = ORIENTED_EDGE ( 'NONE', *, *, #726, .T. ) ;
#719 = EDGE_CURVE ( 'NONE', #697, #1709, #21, .T. ) ;
#720 = CARTESIAN_POINT ( 'NONE',  ( -5.500127252681657808, 4.973334133364133436, 0.1468690303910019646 ) ) ;
#721 = CARTESIAN_POINT ( 'NONE',  ( -5.507809312782063316, 4.447395229646721404, 0.000000000000000000 ) ) ;
#722 = TOROIDAL_SURFACE ( 'NONE', #2149, 2.490000000000000213, 1.260000000000000009 ) ;
#723 = VERTEX_POINT ( 'NONE', #136 ) ;
#724 = DIRECTION ( 'NONE',  ( -0.9264986421828556029, 0.1440535396289090997, 0.3476332028930883555 ) ) ;
#725 = STYLED_ITEM ( 'NONE', ( #469 ), #1778 ) ;
#726 = EDGE_CURVE ( 'NONE', #1762, #2135, #389, .T. ) ;
#727 = AXIS2_PLACEMENT_3D ( 'NONE', #1339, #1011, #1838 ) ;
#728 = CARTESIAN_POINT ( 'NONE',  ( 5.040000000000000924, 8.750000000000000000, 0.000000000000000000 ) ) ;
#729 = CARTESIAN_POINT ( 'NONE',  ( 5.516339440785713144, 5.250760026227664135, -1.070784679732760480 ) ) ;
#730 = DIRECTION ( 'NONE',  ( 1.000000000000000000, -0.000000000000000000, 1.224646799147353207E-16 ) ) ;
#731 = DIRECTION ( 'NONE',  ( -1.734723475976807094E-16, -1.000000000000000000, 0.000000000000000000 ) ) ;
#732 = CARTESIAN_POINT ( 'NONE',  ( 4.740831063309145499, 4.077245580878205544, 0.1759259189531273970 ) ) ;
#733 = ORIENTED_EDGE ( 'NONE', *, *, #1648, .F. ) ;
#734 = FACE_OUTER_BOUND ( 'NONE', #801, .T. ) ;
#735 = PLANE ( 'NONE',  #84 ) ;
#736 = DIRECTION ( 'NONE',  ( 1.652117596168388002E-16, -1.000000000000000000, 0.000000000000000000 ) ) ;
#737 = VERTEX_POINT ( 'NONE', #1695 ) ;
#738 = CARTESIAN_POINT ( 'NONE',  ( -5.264312918104819161, 5.221136988578445326, -1.221902658968148980 ) ) ;
#739 = CARTESIAN_POINT ( 'NONE',  ( -3.750000000000001776, -5.000000000000000000, 0.000000000000000000 ) ) ;
#740 = CARTESIAN_POINT ( 'NONE',  ( -5.903808704339558844, 5.342702598767870903, -1.980371961079237069E-16 ) ) ;
#741 = ORIENTED_EDGE ( 'NONE', *, *, #74, .F. ) ;
#742 = DIRECTION ( 'NONE',  ( 0.000000000000000000, 0.000000000000000000, 1.000000000000000000 ) ) ;
#743 = DIRECTION ( 'NONE',  ( 1.000000000000000000, 0.000000000000000000, 0.000000000000000000 ) ) ;
#744 = EDGE_CURVE ( 'NONE', #2150, #1923, #1749, .T. ) ;
#745 = DIRECTION ( 'NONE',  ( -0.000000000000000000, 1.000000000000000000, -0.000000000000000000 ) ) ;
#746 = CARTESIAN_POINT ( 'NONE',  ( -4.548978147444254994, 4.970419024326628410, 0.2252634741155052356 ) ) ;
#747 = EDGE_CURVE ( 'NONE', #1692, #455, #848, .T. ) ;
#748 = CARTESIAN_POINT ( 'NONE',  ( 5.100000000000004086, 4.098254759356271038, 0.000000000000000000 ) ) ;
#749 = CARTESIAN_POINT ( 'NONE',  ( -5.316372338513700058, 4.155002745322373237, 0.3420467072527400010 ) ) ;
#750 = ORIENTED_EDGE ( 'NONE', *, *, #188, .T. ) ;
#751 = ORIENTED_EDGE ( 'NONE', *, *, #1644, .F. ) ;
#752 = CARTESIAN_POINT ( 'NONE',  ( -5.442037045097650072, 5.240066733946520117, -1.129045756148536750 ) ) ;
#753 = AXIS2_PLACEMENT_3D ( 'NONE', #1380, #897, #1912 ) ;
#754 = AXIS2_PLACEMENT_3D ( 'NONE', #1960, #785, #1942 ) ;
#755 = CARTESIAN_POINT ( 'NONE',  ( -4.144787914004600005, 0.5638155724715463446, 0.000000000000000000 ) ) ;
#756 = AXIS2_PLACEMENT_3D ( 'NONE', #1626, #1108, #1129 ) ;
#757 = AXIS2_PLACEMENT_3D ( 'NONE', #529, #817, #1497 ) ;
#758 = CARTESIAN_POINT ( 'NONE',  ( -5.152651148299052686, 5.213600950591984251, -1.247567752248858408 ) ) ;
#759 = DIRECTION ( 'NONE',  ( -0.000000000000000000, -1.000000000000000000, -0.000000000000000000 ) ) ;
#760 = CARTESIAN_POINT ( 'NONE',  ( -3.450000000000001066, 8.673617379884035472E-16, -3.673940397442067510E-17 ) ) ;
#761 = EDGE_LOOP ( 'NONE', ( #1633, #1316, #800, #674 ) ) ;
#762 = CARTESIAN_POINT ( 'NONE',  ( -5.040000000000000036, 15.50000000000000000, 0.000000000000000000 ) ) ;
#763 = EDGE_CURVE ( 'NONE', #1742, #1134, #278, .T. ) ;
#764 = CARTESIAN_POINT ( 'NONE',  ( 5.040000000000000924, 11.75000000000000000, 3.750000000000000000 ) ) ;
#765 = ORIENTED_EDGE ( 'NONE', *, *, #493, .T. ) ;
#766 = CARTESIAN_POINT ( 'NONE',  ( -5.463452517667645836, 5.242347738735186446, 1.117856650530636209 ) ) ;
#767 = CARTESIAN_POINT ( 'NONE',  ( -6.300000000000000711, 11.75000000000000000, 0.000000000000000000 ) ) ;
#768 = LINE ( 'NONE', #424, #1400 ) ;
#769 = CARTESIAN_POINT ( 'NONE',  ( -5.315055214720576515, 4.933411892409686139, -0.3941141406649203982 ) ) ;
#770 = FACE_OUTER_BOUND ( 'NONE', #1889, .T. ) ;
#771 = CARTESIAN_POINT ( 'NONE',  ( -5.687639447854519581, 4.076264727245294317, 1.554136101213047239 ) ) ;
#772 = PLANE ( 'NONE',  #265 ) ;
#773 = ADVANCED_FACE ( 'NONE', ( #427 ), #257, .T. ) ;
#774 = CARTESIAN_POINT ( 'NONE',  ( 4.144787914004600005, 0.5638155724715463446, 0.000000000000000000 ) ) ;
#775 = CARTESIAN_POINT ( 'NONE',  ( 5.085481290153325062, 4.094298009547221007, 0.4013050294417821462 ) ) ;
#776 = CARTESIAN_POINT ( 'NONE',  ( -4.705212085995400528, 0.7677932896394774609, 0.000000000000000000 ) ) ;
#777 = CIRCLE ( 'NONE', #1293, 1.260000000000000231 ) ;
#778 = CARTESIAN_POINT ( 'NONE',  ( 4.500000000000000888, 1.331608862111023361, 0.000000000000000000 ) ) ;
#779 = VECTOR ( 'NONE', #805, 1000.000000000000000 ) ;
#780 = ADVANCED_FACE ( 'NONE', ( #770 ), #735, .F. ) ;
#781 = AXIS2_PLACEMENT_3D ( 'NONE', #616, #1792, #2130 ) ;
#782 = CARTESIAN_POINT ( 'NONE',  ( -5.903808704339558844, 5.342702598767872679, 0.000000000000000000 ) ) ;
#783 = EDGE_LOOP ( 'NONE', ( #1994, #2102, #1346, #1335 ) ) ;
#784 = CIRCLE ( 'NONE', #757, 0.3000000000000000999 ) ;
#785 = DIRECTION ( 'NONE',  ( 1.000000000000000000, 1.652117596168388002E-16, -0.000000000000000000 ) ) ;
#786 = CARTESIAN_POINT ( 'NONE',  ( -4.701836806836291238, 4.073529411762166319, 0.1032186713711385900 ) ) ;
#787 = MECHANICAL_DESIGN_GEOMETRIC_PRESENTATION_REPRESENTATION (  '', ( #334 ), #405 ) ;
#788 = EDGE_CURVE ( 'NONE', #1636, #1788, #888, .T. ) ;
#789 = DIRECTION ( 'NONE',  ( -1.652117596168388002E-16, -1.000000000000000000, 0.000000000000000000 ) ) ;
#790 = CARTESIAN_POINT ( 'NONE',  ( -5.040000000000001812, 5.211416863654342535, -1.241341768881609742 ) ) ;
#791 = CYLINDRICAL_SURFACE ( 'NONE', #56, 0.3000000000000002109 ) ;
#792 = ORIENTED_EDGE ( 'NONE', *, *, #1159, .F. ) ;
#793 = CARTESIAN_POINT ( 'NONE',  ( -5.151767635429068903, 5.213583820166237004, 1.247518920059813796 ) ) ;
#794 = UNCERTAINTY_MEASURE_WITH_UNIT (LENGTH_MEASURE( 1.000000000000000082E-05 ), #64, 'distance_accuracy_value', 'NONE');
#795 = FACE_OUTER_BOUND ( 'NONE', #1357, .T. ) ;
#796 = LINE ( 'NONE', #1635, #1369 ) ;
#797 = CARTESIAN_POINT ( 'NONE',  ( 5.100000000000060929, 4.094383377677432989, -0.4015724168629731805 ) ) ;
#798 = CARTESIAN_POINT ( 'NONE',  ( 5.467721713685302909, 4.364793896694754594, 0.1779163889893316530 ) ) ;
#799 = DIRECTION ( 'NONE',  ( -1.000000000000000000, 0.000000000000000000, 0.000000000000000000 ) ) ;
#800 = ORIENTED_EDGE ( 'NONE', *, *, #38, .F. ) ;
#801 = EDGE_LOOP ( 'NONE', ( #937, #1986, #598, #1163 ) ) ;
#802 = CARTESIAN_POINT ( 'NONE',  ( -5.134950803831229926, 4.922097930325358917, 0.4316310926344322230 ) ) ;
#803 = CARTESIAN_POINT ( 'NONE',  ( 4.458771631640131794, 4.995207826658442762, -0.08682479323876773902 ) ) ;
#804 = ADVANCED_FACE ( 'NONE', ( #1094 ), #1764, .T. ) ;
#805 = DIRECTION ( 'NONE',  ( -3.250504491911154328E-16, -1.000000000000000000, 0.000000000000000000 ) ) ;
#806 = CARTESIAN_POINT ( 'NONE',  ( 6.299999999999999822, 15.50000000000000000, -2.490000000000000213 ) ) ;
#807 = EDGE_CURVE ( 'NONE', #1195, #691, #2117, .T. ) ;
#808 = CARTESIAN_POINT ( 'NONE',  ( 5.134950803831111799, 4.922097930325511683, -0.4316310926350592769 ) ) ;
#809 = VERTEX_POINT ( 'NONE', #2112 ) ;
#810 = CARTESIAN_POINT ( 'NONE',  ( -3.680400550675236637, 5.048215263511012907, -0.6046028175007036598 ) ) ;
#811 = DIRECTION ( 'NONE',  ( 1.734723475976807094E-16, -1.000000000000000000, 0.000000000000000000 ) ) ;
#812 = VERTEX_POINT ( 'NONE', #1777 ) ;
#813 = CARTESIAN_POINT ( 'NONE',  ( 5.316372338513700058, 4.155002745322373237, 0.3420467072527400010 ) ) ;
#814 = FACE_OUTER_BOUND ( 'NONE', #39, .T. ) ;
#815 = CIRCLE ( 'NONE', #1261, 0.09999999999999999167 ) ;
#816 = AXIS2_PLACEMENT_3D ( 'NONE', #339, #1850, #1837 ) ;
#817 = DIRECTION ( 'NONE',  ( 0.000000000000000000, -1.000000000000000000, 0.000000000000000000 ) ) ;
#818 = AXIS2_PLACEMENT_3D ( 'NONE', #637, #1590, #931 ) ;
#819 = B_SPLINE_CURVE_WITH_KNOTS ( 'NONE', 3,
 ( #1288, #1466, #117, #2138, #786, #1422 ),
 .UNSPECIFIED., .F., .F.,
 ( 4, 2, 4 ),
 ( 0.000000000000000000, 0.0003070254073624595695, 0.0006140508147249191390 ),
 .UNSPECIFIED. ) ;
#820 = AXIS2_PLACEMENT_3D ( 'NONE', #1483, #1641, #1313 ) ;
#821 = DIRECTION ( 'NONE',  ( 1.734723475976807094E-16, -1.000000000000000000, 0.000000000000000000 ) ) ;
#822 = FACE_OUTER_BOUND ( 'NONE', #1389, .T. ) ;
#823 = DIRECTION ( 'NONE',  ( 0.000000000000000000, 0.000000000000000000, -1.000000000000000000 ) ) ;
#824 = ORIENTED_EDGE ( 'NONE', *, *, #719, .F. ) ;
#825 = CARTESIAN_POINT ( 'NONE',  ( -5.242076628743797428, 4.098254759356271926, 0.3757515236179978513 ) ) ;
#826 = B_SPLINE_CURVE_WITH_KNOTS ( 'NONE', 3,
 ( #5, #1161, #487, #699, #338, #1515, #1347, #357, #1860, #2030, #195, #2004 ),
 .UNSPECIFIED., .F., .F.,
 ( 4, 2, 2, 2, 2, 4 ),
 ( 4.014476863410843667E-20, 0.0002747571949673912836, 0.0005495143899347824587, 0.001099028779869564917, 0.001648543169804346292, 0.002198057559739127666 ),
 .UNSPECIFIED. ) ;
#827 = CARTESIAN_POINT ( 'NONE',  ( 5.085481290153325062, 4.094298009547221007, -0.4013050294417823682 ) ) ;
#828 = CARTESIAN_POINT ( 'NONE',  ( -5.100000000000004086, 4.000000000000000888, 0.000000000000000000 ) ) ;
#829 = FILL_AREA_STYLE ('',( #316 ) ) ;
#830 = LINE ( 'NONE', #2006, #259 ) ;
#831 = VERTEX_POINT ( 'NONE', #1085 ) ;
#832 = CARTESIAN_POINT ( 'NONE',  ( -4.571843595665320059, 4.965740275379761925, -0.2489424354157996899 ) ) ;
#833 = EDGE_CURVE ( 'NONE', #2055, #1692, #1808, .T. ) ;
#834 = CARTESIAN_POINT ( 'NONE',  ( -5.242076628743369326, 4.098254759356271038, -0.3757515236181594998 ) ) ;
#835 = CARTESIAN_POINT ( 'NONE',  ( 5.093204454127653769, 4.935101577617406754, 0.4493109399163270901 ) ) ;
#836 = VERTEX_POINT ( 'NONE', #764 ) ;
#837 = FACE_OUTER_BOUND ( 'NONE', #1669, .T. ) ;
#838 = ORIENTED_EDGE ( 'NONE', *, *, #523, .T. ) ;
#839 = CARTESIAN_POINT ( 'NONE',  ( 5.040000000000016911, 5.211416863654059206, 1.241341768881630836 ) ) ;
#840 = EDGE_CURVE ( 'NONE', #678, #417, #222, .T. ) ;
#841 = EDGE_LOOP ( 'NONE', ( #857, #2068 ) ) ;
#842 = LINE ( 'NONE', #1375, #1842 ) ;
#843 = CARTESIAN_POINT ( 'NONE',  ( -5.868557438425491490, 5.329178065740470593, -0.4532781341415317300 ) ) ;
#844 = LINE ( 'NONE', #1331, #1514 ) ;
#845 = EDGE_CURVE ( 'NONE', #484, #809, #851, .T. ) ;
#846 = CLOSED_SHELL ( 'NONE', ( #1699, #773, #383, #698, #1282, #443, #1153, #276, #1825, #2075, #2003, #1846 ) ) ;
#847 = CIRCLE ( 'NONE', #1546, 0.3000000000000000999 ) ;
#848 = B_SPLINE_CURVE_WITH_KNOTS ( 'NONE', 3,
 ( #1519, #2014, #515, #344, #1005, #33, #174, #1353 ),
 .UNSPECIFIED., .F., .F.,
 ( 4, 2, 2, 4 ),
 ( 0.000000000000000000, 0.0006765144810808046633, 0.001014771721621206832, 0.001353028962161609327 ),
 .UNSPECIFIED. ) ;
#849 = ORIENTED_EDGE ( 'NONE', *, *, #1529, .F. ) ;
#850 = DIRECTION ( 'NONE',  ( 0.000000000000000000, 0.000000000000000000, -1.000000000000000000 ) ) ;
#851 = CIRCLE ( 'NONE', #505, 0.3017302736884315273 ) ;
#852 = CARTESIAN_POINT ( 'NONE',  ( 3.750000000000000888, 0.000000000000000000, 0.000000000000000000 ) ) ;
#853 = CARTESIAN_POINT ( 'NONE',  ( -5.085481290153325062, 4.094298009547221007, -0.4013050294417821462 ) ) ;
#854 = CIRCLE ( 'NONE', #2085, 1.259999999999999787 ) ;
#855 = EDGE_CURVE ( 'NONE', #546, #68, #2009, .T. ) ;
#856 = AXIS2_PLACEMENT_3D ( 'NONE', #1844, #663, #175 ) ;
#857 = ORIENTED_EDGE ( 'NONE', *, *, #536, .T. ) ;
#858 = CARTESIAN_POINT ( 'NONE',  ( -3.524685388004538122, 5.010371490035559816, -0.3159148319040877007 ) ) ;
#859 = TOROIDAL_SURFACE ( 'NONE', #1029, 2.490000000000000213, 1.260000000000000009 ) ;
#860 = CARTESIAN_POINT ( 'NONE',  ( -5.242076628743797428, 4.098254759356271038, 0.3757515236179974627 ) ) ;
#861 = CARTESIAN_POINT ( 'NONE',  ( 5.380864387270837490, 4.227243323755748960, -0.2931713832653433105 ) ) ;
#862 = CARTESIAN_POINT ( 'NONE',  ( 5.072860421234495654, 4.933392684206399537, 0.4488028424127257221 ) ) ;
#863 = EDGE_CURVE ( 'NONE', #419, #1655, #1295, .T. ) ;
#864 = FACE_OUTER_BOUND ( 'NONE', #1121, .T. ) ;
#865 = DIRECTION ( 'NONE',  ( 1.652117596168388002E-16, -1.000000000000000000, -0.000000000000000000 ) ) ;
#866 =( LENGTH_UNIT ( ) NAMED_UNIT ( * ) SI_UNIT ( .MILLI., .METRE. ) );
#867 = ORIENTED_EDGE ( 'NONE', *, *, #2065, .F. ) ;
#868 = CARTESIAN_POINT ( 'NONE',  ( -4.447523011133750259, 5.000000001307316921, -0.04359051580524041236 ) ) ;
#869 = CARTESIAN_POINT ( 'NONE',  ( -5.743361336963200614, 5.295834083434675321, -0.7661464684764656141 ) ) ;
#870 = CARTESIAN_POINT ( 'NONE',  ( 5.148763310960710271, 4.094764947813600564, 0.4015938821007656312 ) ) ;
#871 = EDGE_CURVE ( 'NONE', #1618, #1682, #71, .T. ) ;
#872 = EDGE_CURVE ( 'NONE', #1810, #211, #1929, .T. ) ;
#873 = DIRECTION ( 'NONE',  ( 0.000000000000000000, 0.000000000000000000, -1.000000000000000000 ) ) ;
#874 = LINE ( 'NONE', #1892, #255 ) ;
#875 = VERTEX_POINT ( 'NONE', #600 ) ;
#876 = CARTESIAN_POINT ( 'NONE',  ( -5.442217556890819985, 5.240085960539365928, 1.128951442535107264 ) ) ;
#877 = SURFACE_STYLE_USAGE ( .BOTH. , #1025 ) ;
#878 = EDGE_CURVE ( 'NONE', #737, #542, #593, .T. ) ;
#879 = ORIENTED_EDGE ( 'NONE', *, *, #1437, .F. ) ;
#880 = PLANE ( 'NONE',  #468 ) ;
#881 = LINE ( 'NONE', #333, #1811 ) ;
#882 = DIRECTION ( 'NONE',  ( 0.000000000000000000, 0.000000000000000000, 1.000000000000000000 ) ) ;
#883 = CARTESIAN_POINT ( 'NONE',  ( 5.517080204260928156, 4.978524700278197379, -0.07426904356292235443 ) ) ;
#884 = CARTESIAN_POINT ( 'NONE',  ( -4.447523017236384213, 4.999999998951334845, 0.04296138921412157030 ) ) ;
#885 = CIRCLE ( 'NONE', #2082, 0.3000000000000000999 ) ;
#886 = CYLINDRICAL_SURFACE ( 'NONE', #753, 0.2999999999999999334 ) ;
#887 = CARTESIAN_POINT ( 'NONE',  ( -5.890446533024150000, 5.338002233548026609, 0.2685388142409035894 ) ) ;
#888 = CIRCLE ( 'NONE', #326, 1.259999999999999787 ) ;
#889 = AXIS2_PLACEMENT_3D ( 'NONE', #579, #1406, #1226 ) ;
#890 = EDGE_LOOP ( 'NONE', ( #1642, #91, #2106, #556 ) ) ;
#891 = DIRECTION ( 'NONE',  ( 0.000000000000000000, 0.000000000000000000, 1.000000000000000000 ) ) ;
#892 = AXIS2_PLACEMENT_3D ( 'NONE', #55, #715, #1725 ) ;
#893 = DIRECTION ( 'NONE',  ( -1.000000000000000000, 0.000000000000000000, 0.000000000000000000 ) ) ;
#894 = DIRECTION ( 'NONE',  ( -1.000000000000000000, -1.652117596168388002E-16, 0.000000000000000000 ) ) ;
#895 = ORIENTED_EDGE ( 'NONE', *, *, #896, .T. ) ;
#896 = EDGE_CURVE ( 'NONE', #836, #691, #1062, .T. ) ;
#897 = DIRECTION ( 'NONE',  ( -3.250504491911154328E-16, -1.000000000000000000, 0.000000000000000000 ) ) ;
#898 = CARTESIAN_POINT ( 'NONE',  ( -5.191555190514166362, 4.921901062393996718, 0.4362793737342574030 ) ) ;
#899 = ORIENTED_EDGE ( 'NONE', *, *, #1917, .F. ) ;
#900 = CARTESIAN_POINT ( 'NONE',  ( -5.380864387270837490, 4.227243323755748960, -0.2931713832653433105 ) ) ;
#901 = DIRECTION ( 'NONE',  ( 0.000000000000000000, 0.000000000000000000, 1.000000000000000000 ) ) ;
#902 = DIRECTION ( 'NONE',  ( -1.652117596168388002E-16, 1.000000000000000000, -0.000000000000000000 ) ) ;
#903 = ADVANCED_FACE ( 'NONE', ( #1904 ), #1411, .F. ) ;
#904 = CARTESIAN_POINT ( 'NONE',  ( -3.682354127276553424, 5.048737703937587362, 0.6064235716680395072 ) ) ;
#905 = DIRECTION ( 'NONE',  ( -1.000000000000000000, -0.000000000000000000, -0.000000000000000000 ) ) ;
#906 = CARTESIAN_POINT ( 'NONE',  ( 4.720360123600659819, 4.945438222161436137, 0.3610350435156310378 ) ) ;
#907 = ORIENTED_EDGE ( 'NONE', *, *, #997, .F. ) ;
#908 = DIRECTION ( 'NONE',  ( 1.000000000000000000, 0.000000000000000000, 0.000000000000000000 ) ) ;
#909 = DIRECTION ( 'NONE',  ( 0.000000000000000000, 0.000000000000000000, -1.000000000000000000 ) ) ;
#910 = ORIENTED_EDGE ( 'NONE', *, *, #321, .F. ) ;
#911 = CARTESIAN_POINT ( 'NONE',  ( -4.800000000000003375, 1.331608862111025582, -3.673940397442072441E-17 ) ) ;
#912 = EDGE_CURVE ( 'NONE', #1055, #205, #361, .T. ) ;
#913 = DIRECTION ( 'NONE',  ( 0.000000000000000000, 0.000000000000000000, -1.000000000000000000 ) ) ;
#914 = CARTESIAN_POINT ( 'NONE',  ( 3.855464638226817176, 5.086483235404859471, 0.8028590284822525458 ) ) ;
#915 = EDGE_CURVE ( 'NONE', #1093, #1864, #938, .T. ) ;
#916 = CARTESIAN_POINT ( 'NONE',  ( 0.000000000000000000, 0.000000000000000000, -3.750000000000000000 ) ) ;
#917 = CARTESIAN_POINT ( 'NONE',  ( -6.300000000000000711, 8.750000000000000000, 2.490000000000000213 ) ) ;
#918 = VECTOR ( 'NONE', #949, 1000.000000000000114 ) ;
#919 = VECTOR ( 'NONE', #1992, 1000.000000000000000 ) ;
#920 = CARTESIAN_POINT ( 'NONE',  ( 6.767617408679115876, 4.425405197535743795, 0.000000000000000000 ) ) ;
#921 = AXIS2_PLACEMENT_3D ( 'NONE', #622, #142, #151 ) ;
#922 = CIRCLE ( 'NONE', #1772, 1.259999999999999787 ) ;
#923 = DIRECTION ( 'NONE',  ( -0.03689376899657820924, 0.000000000000000000, 0.9993191931556338892 ) ) ;
#924 = CARTESIAN_POINT ( 'NONE',  ( 6.299999999999999822, 15.50000000000000000, 0.000000000000000000 ) ) ;
#925 = CARTESIAN_POINT ( 'NONE',  ( -3.724928229399287360, 5.058902068072313796, 0.6805754483211094996 ) ) ;
#926 = EDGE_CURVE ( 'NONE', #549, #723, #644, .T. ) ;
#927 = DIRECTION ( 'NONE',  ( -0.9396926207859098712, -0.3420201433256649381, 0.000000000000000000 ) ) ;
#928 = ORIENTED_EDGE ( 'NONE', *, *, #447, .T. ) ;
#929 = CARTESIAN_POINT ( 'NONE',  ( -5.442081642210677472, 4.958222180939657164, -0.2711280456734513344 ) ) ;
#930 = DIRECTION ( 'NONE',  ( 0.000000000000000000, 0.000000000000000000, -1.000000000000000000 ) ) ;
#931 = DIRECTION ( 'NONE',  ( 0.03689376899657820924, 0.000000000000000000, 0.9993191931556338892 ) ) ;
#932 = FACE_OUTER_BOUND ( 'NONE', #31, .T. ) ;
#933 = LINE ( 'NONE', #477, #1730 ) ;
#934 = DIRECTION ( 'NONE',  ( 0.000000000000000000, 0.000000000000000000, 1.000000000000000000 ) ) ;
#935 = CARTESIAN_POINT ( 'NONE',  ( -4.350000000000000533, 0.000000000000000000, 0.000000000000000000 ) ) ;
#936 = EDGE_CURVE ( 'NONE', #542, #1987, #1187, .T. ) ;
#937 = ORIENTED_EDGE ( 'NONE', *, *, #871, .F. ) ;
#938 = LINE ( 'NONE', #1142, #919 ) ;
#939 = CARTESIAN_POINT ( 'NONE',  ( 4.800000000000004263, 4.000000000000000888, 3.673940397442061963E-17 ) ) ;
#940 = ORIENTED_EDGE ( 'NONE', *, *, #315, .T. ) ;
#941 = CARTESIAN_POINT ( 'NONE',  ( -3.549589493744608415, 5.016324949369150410, 0.3605726026413303975 ) ) ;
#942 = PRODUCT ( 'ECWFD2J333JB', 'ECWFD2J333JB', '', ( #558 ) ) ;
#943 = ORIENTED_EDGE ( 'NONE', *, *, #1487, .F. ) ;
#944 = CARTESIAN_POINT ( 'NONE',  ( 5.191954838050014231, 4.095883137831411780, -0.3946589794276590402 ) ) ;
#945 = ORIENTED_EDGE ( 'NONE', *, *, #530, .T. ) ;
#946 = CARTESIAN_POINT ( 'NONE',  ( -3.930821779357950518, 5.101335262714878915, -0.8675504393497360800 ) ) ;
#947 = DIRECTION ( 'NONE',  ( -1.652117596168388002E-16, 1.000000000000000000, -0.000000000000000000 ) ) ;
#948 = COLOUR_RGB ( '',0.7921568627450980005, 0.8196078431372548767, 0.9333333333333333481 ) ;
#949 = DIRECTION ( 'NONE',  ( -0.9396926207859097602, -0.3420201433256649937, 0.000000000000000000 ) ) ;
#950 = AXIS2_PLACEMENT_3D ( 'NONE', #51, #1033, #1855 ) ;
#951 = AXIS2_PLACEMENT_3D ( 'NONE', #1691, #1492, #532 ) ;
#952 = FILL_AREA_STYLE ('',( #594 ) ) ;
#953 = CIRCLE ( 'NONE', #155, 0.3000000000000000999 ) ;
#954 = CARTESIAN_POINT ( 'NONE',  ( -5.903808704339561508, 5.342702598767873567, 0.2270486332755319303 ) ) ;
#955 = CARTESIAN_POINT ( 'NONE',  ( -4.854908861269588094, 5.209622584836738568, 1.236226977028918927 ) ) ;
#956 = AXIS2_PLACEMENT_3D ( 'NONE', #2154, #2040, #2057 ) ;
#957 = VERTEX_POINT ( 'NONE', #1294 ) ;
#958 = CARTESIAN_POINT ( 'NONE',  ( 5.090332003765511537, 4.094317098962516610, -0.4014816131063514426 ) ) ;
#959 = DIRECTION ( 'NONE',  ( -0.000000000000000000, 0.000000000000000000, -1.000000000000000000 ) ) ;
#960 = FACE_OUTER_BOUND ( 'NONE', #2010, .T. ) ;
#961 = EDGE_CURVE ( 'NONE', #2135, #549, #1092, .T. ) ;
#962 = EDGE_CURVE ( 'NONE', #417, #455, #1941, .T. ) ;
#963 = DIRECTION ( 'NONE',  ( -1.000000000000000000, 0.000000000000000000, 0.000000000000000000 ) ) ;
#964 = CARTESIAN_POINT ( 'NONE',  ( 3.486782010389046338, 5.000000000000000888, -0.1590653826693440576 ) ) ;
#965 =( BOUNDED_SURFACE ( )  B_SPLINE_SURFACE ( 3, 2, ( 
 ( #100, #2109, #1109 ),
 ( #1627, #462, #1599 ),
 ( #944, #1458, #1612 ),
 ( #1962, #808, #1118 ) ),
 .UNSPECIFIED., .F., .F., .F. ) 
 B_SPLINE_SURFACE_WITH_KNOTS ( ( 4, 4 ),
 ( 3, 3 ),
 ( 8.673617379884035472E-19, 0.0006586898138749508946 ),
 ( 0.000000000000000000, 1.000000000000000000 ),
 .UNSPECIFIED. ) 
 GEOMETRIC_REPRESENTATION_ITEM ( )  RATIONAL_B_SPLINE_SURFACE ( (
 ( 1.000000000000000000, 0.8318879372043376241, 1.000000000000000000),
 ( 1.000000000000000000, 0.8313118538645788425, 1.000000000000000000),
 ( 1.000000000000000000, 0.8320910106572924070, 1.000000000000000000),
 ( 1.000000000000000000, 0.8342878052629356667, 1.000000000000000000) ) ) 
 REPRESENTATION_ITEM ( '' )  SURFACE ( )  );
#966 = DIRECTION ( 'NONE',  ( 1.000000000000000000, -0.000000000000000000, 1.224646799147353207E-16 ) ) ;
#967 = DIRECTION ( 'NONE',  ( -0.000000000000000000, -0.000000000000000000, 1.000000000000000000 ) ) ;
#968 = ORIENTED_EDGE ( 'NONE', *, *, #1754, .T. ) ;
#969 = CARTESIAN_POINT ( 'NONE',  ( 5.040000000000002700, 4.022452929842200930, -1.658432603225830970 ) ) ;
#970 = VERTEX_POINT ( 'NONE', #1831 ) ;
#971 = CARTESIAN_POINT ( 'NONE',  ( -3.486782021451172220, 5.000000000000000888, -0.1863843166510773253 ) ) ;
#972 = CYLINDRICAL_SURFACE ( 'NONE', #435, 0.2999999999999999334 ) ;
#973 = ADVANCED_FACE ( 'NONE', ( #1617 ), #1722, .F. ) ;
#974 = DIRECTION ( 'NONE',  ( 0.000000000000000000, 0.000000000000000000, 1.000000000000000000 ) ) ;
#975 = CARTESIAN_POINT ( 'NONE',  ( -5.148533029368765668, 4.094763145873197452, -0.4015937807325538067 ) ) ;
#976 = ORIENTED_EDGE ( 'NONE', *, *, #1646, .T. ) ;
#977 = CARTESIAN_POINT ( 'NONE',  ( -4.618965489354779130, 5.195933895113677536, 1.198238835476691300 ) ) ;
#978 = DIRECTION ( 'NONE',  ( -1.000000000000000000, -1.652117596168388002E-16, 0.000000000000000000 ) ) ;
#979 = CARTESIAN_POINT ( 'NONE',  ( -5.363819723926373406, 5.231735654046704376, -1.169912567691490324 ) ) ;
#980 = CARTESIAN_POINT ( 'NONE',  ( 5.507809312782063316, 4.447395229646721404, -0.05185481493940969494 ) ) ;
#981 = ORIENTED_EDGE ( 'NONE', *, *, #9, .T. ) ;
#982 = AXIS2_PLACEMENT_3D ( 'NONE', #1428, #2107, #603 ) ;
#983 = CARTESIAN_POINT ( 'NONE',  ( -5.040000000000000924, 11.75000000000000000, 3.750000000000000000 ) ) ;
#984 = AXIS2_PLACEMENT_3D ( 'NONE', #1656, #1980, #320 ) ;
#985 = AXIS2_PLACEMENT_3D ( 'NONE', #1803, #294, #1970 ) ;
#986 = CARTESIAN_POINT ( 'NONE',  ( -4.066534301325364531, 5.126818657762366449, 0.9740676452903994642 ) ) ;
#987 = TOROIDAL_SURFACE ( 'NONE', #1298, 2.490000000000000213, 1.260000000000000009 ) ;
#988 = EDGE_LOOP ( 'NONE', ( #1517, #1315, #498, #1839 ) ) ;
#989 = COLOUR_RGB ( '',0.7921568627450980005, 0.8196078431372548767, 0.9333333333333333481 ) ;
#990 = CARTESIAN_POINT ( 'NONE',  ( 5.040000000000000924, 8.750000000000000000, 0.000000000000000000 ) ) ;
#991 = EDGE_CURVE ( 'NONE', #809, #484, #584, .T. ) ;
#992 = VERTEX_POINT ( 'NONE', #2025 ) ;
#993 = ORIENTED_EDGE ( 'NONE', *, *, #395, .F. ) ;
#994 = CARTESIAN_POINT ( 'NONE',  ( -3.791692374050534386, 5.073053341042843556, -0.7396565876858844923 ) ) ;
#995 = CARTESIAN_POINT ( 'NONE',  ( 4.883033868806130329, 4.936098797651272463, -0.4251906911563461677 ) ) ;
#996 = CARTESIAN_POINT ( 'NONE',  ( 5.040000000000000924, 8.750000000000000000, 3.750000000000000000 ) ) ;
#997 = EDGE_CURVE ( 'NONE', #1805, #1134, #2153, .T. ) ;
#998 = ORIENTED_EDGE ( 'NONE', *, *, #2089, .F. ) ;
#999 = SURFACE_STYLE_FILL_AREA ( #829 ) ;
#1000 = ORIENTED_EDGE ( 'NONE', *, *, #1769, .T. ) ;
#1001 = CARTESIAN_POINT ( 'NONE',  ( -5.264282091715677403, 5.221133705199228814, 1.221918765071336122 ) ) ;
#1002 = DIRECTION ( 'NONE',  ( 0.000000000000000000, -0.000000000000000000, -1.000000000000000000 ) ) ;
#1003 = ORIENTED_EDGE ( 'NONE', *, *, #1708, .T. ) ;
#1004 = EDGE_CURVE ( 'NONE', #656, #419, #842, .T. ) ;
#1005 = CARTESIAN_POINT ( 'NONE',  ( 5.688956530187842198, 5.282660669063357517, -0.8656650287298525148 ) ) ;
#1006 = CARTESIAN_POINT ( 'NONE',  ( -4.500000000000000888, 1.331608862111023361, 0.000000000000000000 ) ) ;
#1007 = CARTESIAN_POINT ( 'NONE',  ( 5.112350319830913925, 4.930914359671170644, 0.4440966765098467994 ) ) ;
#1008 = ORIENTED_EDGE ( 'NONE', *, *, #1088, .T. ) ;
#1009 = DIRECTION ( 'NONE',  ( 0.000000000000000000, 0.000000000000000000, -1.000000000000000000 ) ) ;
#1010 = CARTESIAN_POINT ( 'NONE',  ( -5.112157088087811552, 4.930989739963582252, -0.4442032572158903792 ) ) ;
#1011 = DIRECTION ( 'NONE',  ( 0.000000000000000000, 0.000000000000000000, 1.000000000000000000 ) ) ;
#1012 = ORIENTED_EDGE ( 'NONE', *, *, #1233, .T. ) ;
#1013 = CARTESIAN_POINT ( 'NONE',  ( -4.625077429055859390, 4.957035858921588378, -0.2948373718829331303 ) ) ;
#1014 = CARTESIAN_POINT ( 'NONE',  ( 5.400000000000003908, 4.000000000000000888, 0.000000000000000000 ) ) ;
#1015 = DIRECTION ( 'NONE',  ( 0.000000000000000000, -0.000000000000000000, -1.000000000000000000 ) ) ;
#1016 = VERTEX_POINT ( 'NONE', #1873 ) ;
#1017 = CLOSED_SHELL ( 'NONE', ( #1790, #1076, #1292, #643, #681, #1866, #262, #804, #14, #695, #1253, #1911, #564, #1620, #2126, #1241, #1702, #1145, #102, #1783, #1909, #1391, #903, #1576, #28, #327, #1575, #1940, #1973, #471, #1684, #2019, #1513, #457, #1350, #1037, #1058, #1681, #1404, #973 ) ) ;
#1018 = CIRCLE ( 'NONE', #1578, 0.3000000000000000999 ) ;
#1019 = CARTESIAN_POINT ( 'NONE',  ( 6.300000000000000711, 8.750000000000000000, 0.000000000000000000 ) ) ;
#1020 = VERTEX_POINT ( 'NONE', #32 ) ;
#1021 = AXIS2_PLACEMENT_3D ( 'NONE', #1508, #1896, #1053 ) ;
#1022 = CARTESIAN_POINT ( 'NONE',  ( 6.300000000000001599, 8.750000000000000000, 3.750000000000000000 ) ) ;
#1023 = CYLINDRICAL_SURFACE ( 'NONE', #951, 0.2999999999999999334 ) ;
#1024 = AXIS2_PLACEMENT_3D ( 'NONE', #1260, #1132, #959 ) ;
#1025 = SURFACE_SIDE_STYLE ('',( #1040 ) ) ;
#1026 = COLOUR_RGB ( '',0.7921568627450980005, 0.8196078431372548767, 0.9333333333333333481 ) ;
#1027 = ORIENTED_EDGE ( 'NONE', *, *, #1927, .F. ) ;
#1028 = CARTESIAN_POINT ( 'NONE',  ( -5.040000000000002700, 5.211416863654342535, -1.241341768881609742 ) ) ;
#1029 = AXIS2_PLACEMENT_3D ( 'NONE', #158, #894, #736 ) ;
#1030 = EDGE_CURVE ( 'NONE', #1755, #2113, #1616, .T. ) ;
#1031 = B_SPLINE_CURVE_WITH_KNOTS ( 'NONE', 3,
 ( #775, #1283, #1963, #463, #1273, #1957 ),
 .UNSPECIFIED., .F., .F.,
 ( 4, 2, 4 ),
 ( 0.000000000000000000, 0.0003070254073624595695, 0.0006140508147249191390 ),
 .UNSPECIFIED. ) ;
#1032 = EDGE_CURVE ( 'NONE', #2166, #1864, #1770, .T. ) ;
#1033 = DIRECTION ( 'NONE',  ( 1.000000000000000000, 0.000000000000000000, 0.000000000000000000 ) ) ;
#1034 = DIRECTION ( 'NONE',  ( 0.000000000000000000, 0.000000000000000000, -1.000000000000000000 ) ) ;
#1035 = ORIENTED_EDGE ( 'NONE', *, *, #284, .F. ) ;
#1036 = DIRECTION ( 'NONE',  ( -1.000000000000000000, 1.652117596168388742E-16, 0.000000000000000000 ) ) ;
#1037 = ADVANCED_FACE ( 'NONE', ( #1151 ), #1052, .F. ) ;
#1038 = DIRECTION ( 'NONE',  ( 1.000000000000000000, -1.652117596168388002E-16, 0.000000000000000000 ) ) ;
#1039 = CARTESIAN_POINT ( 'NONE',  ( -5.152690222224941330, 5.213601708159339765, 1.247569911778862339 ) ) ;
#1040 = SURFACE_STYLE_FILL_AREA ( #359 ) ;
#1041 = VERTEX_POINT ( 'NONE', #1710 ) ;
#1042 = CARTESIAN_POINT ( 'NONE',  ( -4.074250789603180323, 5.127058850831283543, -0.9690514378708863230 ) ) ;
#1043 = EDGE_CURVE ( 'NONE', #1394, #205, #881, .T. ) ;
#1044 = VERTEX_POINT ( 'NONE', #164 ) ;
#1045 = DIRECTION ( 'NONE',  ( 3.250504491911154328E-16, -1.000000000000000000, 0.000000000000000000 ) ) ;
#1046 = DIRECTION ( 'NONE',  ( -1.000000000000000000, 0.000000000000000000, 0.000000000000000000 ) ) ;
#1047 = CARTESIAN_POINT ( 'NONE',  ( -3.636574125079570674, 5.037829266909848336, 0.5364201130415692242 ) ) ;
#1048 = ORIENTED_EDGE ( 'NONE', *, *, #719, .T. ) ;
#1049 = CARTESIAN_POINT ( 'NONE',  ( -5.517080212218333557, 4.978524702633299270, -1.081386823054289576E-16 ) ) ;
#1050 = ORIENTED_EDGE ( 'NONE', *, *, #936, .T. ) ;
#1051 = CARTESIAN_POINT ( 'NONE',  ( -5.158276847429482004, 4.921681477293436302, -0.4354507523234290023 ) ) ;
#1052 =( BOUNDED_SURFACE ( )  B_SPLINE_SURFACE ( 3, 2, ( 
 ( #1541, #1693, #711 ),
 ( #1164, #868, #1172 ),
 ( #858, #1683, #1360 ),
 ( #48, #1352, #2033 ),
 ( #1196, #1495, #1504 ),
 ( #994, #1328, #1885 ),
 ( #535, #832, #352 ),
 ( #2043, #1013, #1531 ),
 ( #1042, #702, #547 ),
 ( #1341, #186, #11 ),
 ( #1182, #1841, #376 ),
 ( #363, #679, #40 ),
 ( #1719, #2011, #23 ),
 ( #1028, #173, #692 ) ),
 .UNSPECIFIED., .F., .F., .F. ) 
 B_SPLINE_SURFACE_WITH_KNOTS ( ( 4, 2, 2, 2, 2, 2, 4 ),
 ( 3, 3 ),
 ( 0.004291752517690450644, 0.004922457542383875534, 0.005237810054730587979, 0.005553162567077300424, 0.005868515079424012869, 0.006183867591770725314, 0.006814572616464151071 ),
 ( 0.000000000000000000, 1.000000000000000000 ),
 .UNSPECIFIED. ) 
 GEOMETRIC_REPRESENTATION_ITEM ( )  RATIONAL_B_SPLINE_SURFACE ( (
 ( 1.000000000000000000, 0.7952062255644569699, 1.000000000000000000),
 ( 1.000000000000000000, 0.7951890458748011037, 1.000000000000000000),
 ( 1.000000000000000000, 0.7969770038710457527, 1.000000000000000000),
 ( 1.000000000000000000, 0.8017284010369570835, 1.000000000000000000),
 ( 1.000000000000000000, 0.8036170782483134101, 1.000000000000000000),
 ( 1.000000000000000000, 0.8078048515505069638, 1.000000000000000000),
 ( 1.000000000000000000, 0.8101317620396540908, 1.000000000000000000),
 ( 1.000000000000000000, 0.8148365578943436160, 1.000000000000000000),
 ( 1.000000000000000000, 0.8172000824214045167, 1.000000000000000000),
 ( 1.000000000000000000, 0.8216869361671044203, 1.000000000000000000),
 ( 1.000000000000000000, 0.8238182313473786378, 1.000000000000000000),
 ( 1.000000000000000000, 0.8292043197550966749, 1.000000000000000000),
 ( 1.000000000000000000, 0.8315647398178382943, 1.000000000000000000),
 ( 1.000000000000000000, 0.8318879372043376241, 1.000000000000000000) ) ) 
 REPRESENTATION_ITEM ( '' )  SURFACE ( )  );
#1053 = DIRECTION ( 'NONE',  ( 0.000000000000000000, 0.000000000000000000, -1.000000000000000000 ) ) ;
#1054 = CARTESIAN_POINT ( 'NONE',  ( 4.144787914004600005, 0.5638155724715463446, 0.000000000000000000 ) ) ;
#1055 = VERTEX_POINT ( 'NONE', #1238 ) ;
#1056 = SURFACE_STYLE_USAGE ( .BOTH. , #1898 ) ;
#1057 = AXIS2_PLACEMENT_3D ( 'NONE', #1467, #2140, #2151 ) ;
#1058 = ADVANCED_FACE ( 'NONE', ( #1416 ), #1639, .F. ) ;
#1059 = DIRECTION ( 'NONE',  ( 0.000000000000000000, 0.000000000000000000, -1.000000000000000000 ) ) ;
#1060 = VERTEX_POINT ( 'NONE', #762 ) ;
#1061 = CARTESIAN_POINT ( 'NONE',  ( -5.648623180240863739, 5.274268117751732987, 0.9234291935844110011 ) ) ;
#1062 = CIRCLE ( 'NONE', #1332, 3.750000000000000000 ) ;
#1063 = DIRECTION ( 'NONE',  ( 1.000000000000000000, 0.000000000000000000, 0.000000000000000000 ) ) ;
#1064 = FACE_OUTER_BOUND ( 'NONE', #1165, .T. ) ;
#1065 = EDGE_CURVE ( 'NONE', #1532, #1526, #1910, .T. ) ;
#1066 = AXIS2_PLACEMENT_3D ( 'NONE', #1006, #1015, #1154 ) ;
#1067 = AXIS2_PLACEMENT_3D ( 'NONE', #451, #642, #318 ) ;
#1068 = CARTESIAN_POINT ( 'NONE',  ( 5.363819723927315763, 5.231735654046596906, 1.169912567691068883 ) ) ;
#1069 = DIRECTION ( 'NONE',  ( 0.000000000000000000, 0.000000000000000000, -1.000000000000000000 ) ) ;
#1070 = PRESENTATION_STYLE_ASSIGNMENT (( #1056 ) ) ;
#1071 = CARTESIAN_POINT ( 'NONE',  ( 5.242076628743369326, 4.098254759356271038, -0.3757515236181594998 ) ) ;
#1072 = CARTESIAN_POINT ( 'NONE',  ( 4.701836806940328906, 4.073529411386584087, 0.05175719867146727493 ) ) ;
#1073 = EDGE_CURVE ( 'NONE', #812, #831, #1662, .T. ) ;
#1074 = ORIENTED_EDGE ( 'NONE', *, *, #1981, .T. ) ;
#1075 = CARTESIAN_POINT ( 'NONE',  ( -4.701836806836542593, 4.073529411764705621, 0.000000000000000000 ) ) ;
#1076 = ADVANCED_FACE ( 'NONE', ( #1935 ), #2156, .T. ) ;
#1077 = CARTESIAN_POINT ( 'NONE',  ( 5.040000000000000924, 11.75000000000000000, 0.000000000000000000 ) ) ;
#1078 = ADVANCED_FACE ( 'NONE', ( #1064 ), #1156, .T. ) ;
#1079 = PLANE ( 'NONE',  #1475 ) ;
#1080 = CARTESIAN_POINT ( 'NONE',  ( -5.801879144505787345, 5.310906551267996711, 0.6315528650355703988 ) ) ;
#1081 = VERTEX_POINT ( 'NONE', #917 ) ;
#1082 = CARTESIAN_POINT ( 'NONE',  ( -4.882876990292915664, 4.088577161956412631, -0.3526235619710682556 ) ) ;
#1083 = EDGE_LOOP ( 'NONE', ( #4, #1728, #1547, #1431 ) ) ;
#1084 = ORIENTED_EDGE ( 'NONE', *, *, #1250, .T. ) ;
#1085 = CARTESIAN_POINT ( 'NONE',  ( 5.085481290153325062, 4.094298009547221007, 0.4013050294417821462 ) ) ;
#1086 = ORIENTED_EDGE ( 'NONE', *, *, #1801, .F. ) ;
#1087 = FACE_OUTER_BOUND ( 'NONE', #783, .T. ) ;
#1088 = EDGE_CURVE ( 'NONE', #1195, #1044, #295, .T. ) ;
#1089 = EDGE_LOOP ( 'NONE', ( #156, #1630 ) ) ;
#1090 = DIRECTION ( 'NONE',  ( 0.000000000000000000, -1.000000000000000000, 0.000000000000000000 ) ) ;
#1091 = CARTESIAN_POINT ( 'NONE',  ( -5.903808704339558844, 5.342702598767872679, 0.000000000000000000 ) ) ;
#1092 = CIRCLE ( 'NONE', #148, 0.9000000000000005773 ) ;
#1093 = VERTEX_POINT ( 'NONE', #590 ) ;
#1094 = FACE_OUTER_BOUND ( 'NONE', #1537, .T. ) ;
#1095 = EDGE_CURVE ( 'NONE', #2125, #1540, #1306, .T. ) ;
#1096 =( GEOMETRIC_REPRESENTATION_CONTEXT ( 3 ) GLOBAL_UNCERTAINTY_ASSIGNED_CONTEXT ( ( #794 ) ) GLOBAL_UNIT_ASSIGNED_CONTEXT ( ( #64, #422, #1799 ) ) REPRESENTATION_CONTEXT ( 'NONE', 'WORKASPACE' ) );
#1097 = CIRCLE ( 'NONE', #193, 0.3000000000000000999 ) ;
#1098 = CARTESIAN_POINT ( 'NONE',  ( 4.548968647354995731, 4.970423931646695159, -0.2252359935739002283 ) ) ;
#1099 = ADVANCED_FACE ( 'NONE', ( #734 ), #1385, .T. ) ;
#1100 = CARTESIAN_POINT ( 'NONE',  ( 5.100000000000004086, 4.000000000000000000, 0.000000000000000000 ) ) ;
#1101 = DIRECTION ( 'NONE',  ( 0.000000000000000000, 0.000000000000000000, -1.000000000000000000 ) ) ;
#1102 = CARTESIAN_POINT ( 'NONE',  ( 3.860407766890478154, 5.087398480112051757, -0.8076825128842415324 ) ) ;
#1103 = LINE ( 'NONE', #131, #1263 ) ;
#1104 = DIRECTION ( 'NONE',  ( -2.312964634635742957E-16, -1.000000000000000000, 0.000000000000000000 ) ) ;
#1105 = ORIENTED_EDGE ( 'NONE', *, *, #482, .F. ) ;
#1106 = CARTESIAN_POINT ( 'NONE',  ( 5.706047071759888567, 5.286910740580959001, 0.8356281145711519365 ) ) ;
#1107 = LINE ( 'NONE', #304, #610 ) ;
#1108 = DIRECTION ( 'NONE',  ( 0.000000000000000000, 0.000000000000000000, 1.000000000000000000 ) ) ;
#1109 = CARTESIAN_POINT ( 'NONE',  ( 5.040000000000001812, 5.211416863654342535, -1.241341768881609964 ) ) ;
#1110 = PLANE ( 'NONE',  #1024 ) ;
#1111 = CARTESIAN_POINT ( 'NONE',  ( 5.323714586452125808, 4.150597232543757009, -0.3458599019984309741 ) ) ;
#1112 = CARTESIAN_POINT ( 'NONE',  ( 5.442217556890819985, 5.240085960539365928, 1.128951442535107264 ) ) ;
#1113 = CARTESIAN_POINT ( 'NONE',  ( 3.996817406627546365, 5.113493105942948702, -0.9174927676698023671 ) ) ;
#1114 = UNCERTAINTY_MEASURE_WITH_UNIT (LENGTH_MEASURE( 1.000000000000000082E-05 ), #509, 'distance_accuracy_value', 'NONE');
#1115 = DIRECTION ( 'NONE',  ( 1.652117596168388002E-16, -1.000000000000000000, 0.000000000000000000 ) ) ;
#1116 = CARTESIAN_POINT ( 'NONE',  ( -5.090332003765511537, 4.094317098962516610, -0.4014816131063514426 ) ) ;
#1117 = EDGE_CURVE ( 'NONE', #1016, #1540, #364, .T. ) ;
#1118 = CARTESIAN_POINT ( 'NONE',  ( 5.363819723926221528, 5.231735654046868689, -1.169912567692118488 ) ) ;
#1119 = CARTESIAN_POINT ( 'NONE',  ( -4.500000000000000888, 1.331608862111023361, 0.000000000000000000 ) ) ;
#1120 = CARTESIAN_POINT ( 'NONE',  ( 6.300000000000001599, 6.260000000000000675, 0.000000000000000000 ) ) ;
#1121 = EDGE_LOOP ( 'NONE', ( #1008, #1276, #375, #1718, #1949, #253 ) ) ;
#1122 = CARTESIAN_POINT ( 'NONE',  ( 5.456725516728784697, 4.343664803852299805, 0.1980820053064855923 ) ) ;
#1123 = EDGE_CURVE ( 'NONE', #619, #1055, #1103, .T. ) ;
#1124 = AXIS2_PLACEMENT_3D ( 'NONE', #1100, #759, #2118 ) ;
#1125 = AXIS2_PLACEMENT_3D ( 'NONE', #1865, #724, #208 ) ;
#1126 = CARTESIAN_POINT ( 'NONE',  ( 3.486782021451171776, 5.000000000000000888, 2.218853633716100370E-16 ) ) ;
#1127 = AXIS2_PLACEMENT_3D ( 'NONE', #1549, #404, #1036 ) ;
#1128 = CARTESIAN_POINT ( 'NONE',  ( -5.363819723927272243, 5.231735654046051565, 1.169912567690903460 ) ) ;
#1129 = DIRECTION ( 'NONE',  ( 1.000000000000000000, 0.000000000000000000, 0.000000000000000000 ) ) ;
#1130 = VERTEX_POINT ( 'NONE', #1301 ) ;
#1131 = CARTESIAN_POINT ( 'NONE',  ( 6.300000000000000711, 8.750000000000000000, 0.000000000000000000 ) ) ;
#1132 = DIRECTION ( 'NONE',  ( 0.000000000000000000, -1.000000000000000000, -0.000000000000000000 ) ) ;
#1133 = DIRECTION ( 'NONE',  ( 1.000000000000000000, -1.652117596168388002E-16, 0.000000000000000000 ) ) ;
#1134 = VERTEX_POINT ( 'NONE', #979 ) ;
#1135 = CARTESIAN_POINT ( 'NONE',  ( 5.280062074761175950, 4.122609271803942654, 0.3618432069160843478 ) ) ;
#1136 = DIRECTION ( 'NONE',  ( -1.734723475976807094E-16, -1.000000000000000000, 0.000000000000000000 ) ) ;
#1137 = CARTESIAN_POINT ( 'NONE',  ( -4.882841249813564488, 4.936105294641044416, 0.4251387008655041488 ) ) ;
#1138 = ORIENTED_EDGE ( 'NONE', *, *, #686, .F. ) ;
#1139 = LINE ( 'NONE', #1022, #1907 ) ;
#1140 = DIRECTION ( 'NONE',  ( 0.000000000000000000, 0.000000000000000000, 1.000000000000000000 ) ) ;
#1141 = CARTESIAN_POINT ( 'NONE',  ( -6.300000000000000711, 8.750000000000000000, 0.000000000000000000 ) ) ;
#1142 = CARTESIAN_POINT ( 'NONE',  ( -5.040000000000000924, 11.75000000000000000, 3.750000000000000000 ) ) ;
#1143 = CARTESIAN_POINT ( 'NONE',  ( 4.914410577944258840, 4.089742037641781458, -0.3566014862240096672 ) ) ;
#1144 = FACE_OUTER_BOUND ( 'NONE', #1771, .T. ) ;
#1145 = ADVANCED_FACE ( 'NONE', ( #2110 ), #1583, .T. ) ;
#1146 =( LENGTH_UNIT ( ) NAMED_UNIT ( * ) SI_UNIT ( .MILLI., .METRE. ) );
#1147 = CARTESIAN_POINT ( 'NONE',  ( 4.977988128552223834, 4.933761838072236117, 0.4456980799642401569 ) ) ;
#1148 = DIRECTION ( 'NONE',  ( 0.000000000000000000, 0.000000000000000000, 1.000000000000000000 ) ) ;
#1149 = EDGE_LOOP ( 'NONE', ( #1584, #362 ) ) ;
#1150 = EDGE_LOOP ( 'NONE', ( #466, #1003, #47, #1381, #286 ) ) ;
#1151 = FACE_OUTER_BOUND ( 'NONE', #988, .T. ) ;
#1152 = CIRCLE ( 'NONE', #1972, 1.259999999999999787 ) ;
#1153 = ADVANCED_FACE ( 'NONE', ( #1820 ), #1110, .T. ) ;
#1154 = DIRECTION ( 'NONE',  ( 1.000000000000000000, 0.000000000000000000, 0.000000000000000000 ) ) ;
#1155 = CIRCLE ( 'NONE', #1735, 1.259999999999999787 ) ;
#1156 = TOROIDAL_SURFACE ( 'NONE', #187, 0.6000000000000009770, 0.3000000000000000999 ) ;
#1157 = CARTESIAN_POINT ( 'NONE',  ( 5.040000000000000924, 8.750000000000000000, 0.000000000000000000 ) ) ;
#1158 = TOROIDAL_SURFACE ( 'NONE', #892, 0.6000000000000009770, 0.3000000000000000999 ) ;
#1159 = EDGE_CURVE ( 'NONE', #691, #1611, #690, .T. ) ;
#1160 = CIRCLE ( 'NONE', #553, 0.3000000000000000999 ) ;
#1161 = CARTESIAN_POINT ( 'NONE',  ( 3.486782021451173108, 5.000000000000001776, 0.09325043915100954262 ) ) ;
#1162 = CARTESIAN_POINT ( 'NONE',  ( -5.040000000000001812, 5.211416863654342535, -1.241341768881609964 ) ) ;
#1163 = ORIENTED_EDGE ( 'NONE', *, *, #1951, .F. ) ;
#1164 = CARTESIAN_POINT ( 'NONE',  ( -3.486782010389046338, 5.000000000000000888, -0.1590653826693440576 ) ) ;
#1165 = EDGE_LOOP ( 'NONE', ( #1484, #559, #244, #879 ) ) ;
#1166 = CARTESIAN_POINT ( 'NONE',  ( -4.602606042997700264, 1.049701075875250522, -3.673940397442060115E-17 ) ) ;
#1167 = CARTESIAN_POINT ( 'NONE',  ( 5.192405020963378526, 4.095904439400033681, 0.3944891568159473172 ) ) ;
#1168 = FACE_OUTER_BOUND ( 'NONE', #1465, .T. ) ;
#1169 = CARTESIAN_POINT ( 'NONE',  ( 5.072860421234508976, 4.933392684206152623, 0.4488028424124694271 ) ) ;
#1170 = DIRECTION ( 'NONE',  ( 0.000000000000000000, 0.000000000000000000, 1.000000000000000000 ) ) ;
#1171 = ORIENTED_EDGE ( 'NONE', *, *, #1386, .F. ) ;
#1172 = CARTESIAN_POINT ( 'NONE',  ( -4.701836806705445682, 4.073529412242296033, -0.05247478190543742455 ) ) ;
#1173 = CARTESIAN_POINT ( 'NONE',  ( 5.040000000000000036, 15.50000000000000000, 0.000000000000000000 ) ) ;
#1174 = CARTESIAN_POINT ( 'NONE',  ( -5.100000000000004086, 4.094383377677430325, 0.4015724168629727919 ) ) ;
#1175 = CARTESIAN_POINT ( 'NONE',  ( 5.242076628743797428, 4.098254759356271926, 0.3757515236179978513 ) ) ;
#1176 = DIRECTION ( 'NONE',  ( -1.000000000000000000, 1.652117596168388002E-16, -0.000000000000000000 ) ) ;
#1177 = EDGE_CURVE ( 'NONE', #1016, #875, #1631, .T. ) ;
#1178 = CARTESIAN_POINT ( 'NONE',  ( 5.152690222224941330, 5.213601708159339765, 1.247569911778862339 ) ) ;
#1179 =( NAMED_UNIT ( * ) SI_UNIT ( $, .STERADIAN. ) SOLID_ANGLE_UNIT ( ) );
#1180 = EDGE_CURVE ( 'NONE', #619, #1655, #2049, .T. ) ;
#1181 = EDGE_LOOP ( 'NONE', ( #454, #2058, #1498, #824 ) ) ;
#1182 = CARTESIAN_POINT ( 'NONE',  ( -4.334556981873104675, 5.165038704860365648, -1.100779851506181739 ) ) ;
#1183 = EDGE_CURVE ( 'NONE', #2055, #1752, #1521, .T. ) ;
#1184 = CYLINDRICAL_SURFACE ( 'NONE', #1582, 0.3000000000000002109 ) ;
#1185 = CARTESIAN_POINT ( 'NONE',  ( -5.100000000000003197, 1.331608862111025582, 0.000000000000000000 ) ) ;
#1186 = AXIS2_PLACEMENT_3D ( 'NONE', #555, #731, #2038 ) ;
#1187 = CIRCLE ( 'NONE', #545, 0.3000000000000000999 ) ;
#1188 = CARTESIAN_POINT ( 'NONE',  ( -4.447523014546574949, 4.999999999999999112, 1.757580692715952229E-16 ) ) ;
#1189 = CONICAL_SURFACE ( 'NONE', #1436, 0.4000000000000004663, 0.01745329251994333364 ) ;
#1190 = DIRECTION ( 'NONE',  ( 0.000000000000000000, 0.000000000000000000, -1.000000000000000000 ) ) ;
#1191 = ORIENTED_EDGE ( 'NONE', *, *, #482, .T. ) ;
#1192 = DIRECTION ( 'NONE',  ( -1.652117596168388002E-16, -1.000000000000000000, -0.000000000000000000 ) ) ;
#1193 = CIRCLE ( 'NONE', #652, 3.750000000000000000 ) ;
#1194 = COLOUR_RGB ( '',0.9098039215686274384, 0.4431372549019607643, 0.03137254901960784270 ) ;
#1195 = VERTEX_POINT ( 'NONE', #1433 ) ;
#1196 = CARTESIAN_POINT ( 'NONE',  ( -3.682993389472564605, 5.048882607486618213, -0.6072550101549336610 ) ) ;
#1197 = AXIS2_PLACEMENT_3D ( 'NONE', #1054, #1354, #1034 ) ;
#1198 = CYLINDRICAL_SURFACE ( 'NONE', #950, 3.750000000000000000 ) ;
#1199 = CARTESIAN_POINT ( 'NONE',  ( 5.401737209782356608, 4.948811993100119544, -0.3212074104775862748 ) ) ;
#1200 = ORIENTED_EDGE ( 'NONE', *, *, #1487, .T. ) ;
#1201 = ORIENTED_EDGE ( 'NONE', *, *, #1971, .F. ) ;
#1202 = CARTESIAN_POINT ( 'NONE',  ( -5.242076628743369326, 4.098254759356271038, -0.3757515236181594998 ) ) ;
#1203 = CARTESIAN_POINT ( 'NONE',  ( 4.651067786558675365, 4.952782251087863408, 0.3172612239725002281 ) ) ;
#1204 = ORIENTED_EDGE ( 'NONE', *, *, #962, .T. ) ;
#1205 = CARTESIAN_POINT ( 'NONE',  ( -5.507809312782063316, 4.447395229646721404, 0.000000000000000000 ) ) ;
#1206 = DIRECTION ( 'NONE',  ( -0.3420201433256661039, -0.9396926207859093161, 0.000000000000000000 ) ) ;
#1207 = CARTESIAN_POINT ( 'NONE',  ( 5.242076628743238764, 4.098254759355913990, -0.3757515236182025209 ) ) ;
#1208 = DIRECTION ( 'NONE',  ( 0.000000000000000000, -0.000000000000000000, -1.000000000000000000 ) ) ;
#1209 = EDGE_CURVE ( 'NONE', #831, #1810, #1031, .T. ) ;
#1210 = CARTESIAN_POINT ( 'NONE',  ( -5.323714586452125808, 4.150597232543757009, -0.3458599019984309741 ) ) ;
#1211 = CARTESIAN_POINT ( 'NONE',  ( 4.712006276980941877, 4.074556778075032248, 0.1042982050964092050 ) ) ;
#1212 = ORIENTED_EDGE ( 'NONE', *, *, #2089, .T. ) ;
#1213 = FACE_OUTER_BOUND ( 'NONE', #36, .T. ) ;
#1214 = CARTESIAN_POINT ( 'NONE',  ( -5.316191641408977375, 4.154821689149706287, -0.3421632772719187532 ) ) ;
#1215 = CARTESIAN_POINT ( 'NONE',  ( 4.741665012493274212, 4.077875370098880126, -0.2040195134396822485 ) ) ;
#1216 = CARTESIAN_POINT ( 'NONE',  ( 5.475288648620159293, 4.379332306888537474, -0.1619377301689718940 ) ) ;
#1217 = CARTESIAN_POINT ( 'NONE',  ( -4.701836806940328906, 4.073529411386584087, 0.05175719867146727493 ) ) ;
#1218 = AXIS2_PLACEMENT_3D ( 'NONE', #1899, #1038, #1759 ) ;
#1219 = CARTESIAN_POINT ( 'NONE',  ( -5.448996599824235787, 4.330377925012389717, -0.2102934237649027593 ) ) ;
#1220 = CARTESIAN_POINT ( 'NONE',  ( -5.380944056895145877, 4.227353916707451198, 0.2930906342078684612 ) ) ;
#1221 = AXIS2_PLACEMENT_3D ( 'NONE', #1756, #2094, #94 ) ;
#1222 = EDGE_CURVE ( 'NONE', #1041, #697, #225, .T. ) ;
#1223 = ORIENTED_EDGE ( 'NONE', *, *, #125, .F. ) ;
#1224 = AXIS2_PLACEMENT_3D ( 'NONE', #1785, #1795, #120 ) ;
#1225 = FACE_OUTER_BOUND ( 'NONE', #1423, .T. ) ;
#1226 = DIRECTION ( 'NONE',  ( 0.000000000000000000, 0.000000000000000000, 1.000000000000000000 ) ) ;
#1227 = PRESENTATION_LAYER_ASSIGNMENT (  '', '', ( #725 ) ) ;
#1228 = AXIS2_PLACEMENT_3D ( 'NONE', #1185, #745, #34 ) ;
#1229 = CARTESIAN_POINT ( 'NONE',  ( 0.000000000000000000, 0.000000000000000000, 3.750000000000000000 ) ) ;
#1230 = VERTEX_POINT ( 'NONE', #2141 ) ;
#1231 = CARTESIAN_POINT ( 'NONE',  ( 5.040000000000000924, 8.750000000000000000, -3.750000000000000000 ) ) ;
#1232 = CARTESIAN_POINT ( 'NONE',  ( -5.040000000000000036, 14.23999999999999844, 0.000000000000000000 ) ) ;
#1233 = EDGE_CURVE ( 'NONE', #1864, #1060, #1193, .T. ) ;
#1234 = CARTESIAN_POINT ( 'NONE',  ( -5.270396830678087063, 4.927820105770000403, 0.4152333793506751691 ) ) ;
#1235 = EDGE_LOOP ( 'NONE', ( #1435, #1919, #1236, #440, #381 ) ) ;
#1236 = ORIENTED_EDGE ( 'NONE', *, *, #591, .F. ) ;
#1237 = ORIENTED_EDGE ( 'NONE', *, *, #523, .F. ) ;
#1238 = CARTESIAN_POINT ( 'NONE',  ( -4.050000000000001599, -5.000000000000000000, 0.000000000000000000 ) ) ;
#1239 = EDGE_LOOP ( 'NONE', ( #907, #2098, #1200, #12 ) ) ;
#1240 = DIRECTION ( 'NONE',  ( -1.000000000000000000, -1.652117596168388002E-16, 0.000000000000000000 ) ) ;
#1241 = ADVANCED_FACE ( 'NONE', ( #478 ), #1189, .T. ) ;
#1242 = ORIENTED_EDGE ( 'NONE', *, *, #591, .T. ) ;
#1243 = CARTESIAN_POINT ( 'NONE',  ( 4.495646917122845920, 4.983773929614031317, -0.1557383972891577817 ) ) ;
#1244 = CARTESIAN_POINT ( 'NONE',  ( 5.040000000000000924, 8.750000000000000000, -2.490000000000000213 ) ) ;
#1245 = CARTESIAN_POINT ( 'NONE',  ( -5.475206314196556789, 4.379174476879791555, 0.1620945534518184739 ) ) ;
#1246 = ORIENTED_EDGE ( 'NONE', *, *, #1247, .F. ) ;
#1247 = EDGE_CURVE ( 'NONE', #1044, #1788, #830, .T. ) ;
#1248 = EDGE_LOOP ( 'NONE', ( #1967, #377, #1999, #1602 ) ) ;
#1249 = DIRECTION ( 'NONE',  ( -0.000000000000000000, -1.000000000000000000, -0.000000000000000000 ) ) ;
#1250 = EDGE_CURVE ( 'NONE', #992, #970, #425, .T. ) ;
#1251 = ORIENTED_EDGE ( 'NONE', *, *, #395, .T. ) ;
#1252 = CARTESIAN_POINT ( 'NONE',  ( 4.982227886435474318, 4.093891667870148687, -0.3975462290125122977 ) ) ;
#1253 = ADVANCED_FACE ( 'NONE', ( #196 ), #2022, .T. ) ;
#1254 = B_SPLINE_CURVE_WITH_KNOTS ( 'NONE', 3,
 ( #1608, #629, #445, #941, #1816, #925, #1444, #1592, #604, #1281, #955, #1257 ),
 .UNSPECIFIED., .F., .F.,
 ( 4, 2, 2, 2, 2, 4 ),
 ( 4.014476863410843667E-20, 0.0002747571949673912836, 0.0005495143899347824587, 0.001099028779869564917, 0.001648543169804346292, 0.002198057559739127666 ),
 .UNSPECIFIED. ) ;
#1255 = CARTESIAN_POINT ( 'NONE',  ( 4.752741237083307979, 4.078331409273742381, -0.1988618155889939620 ) ) ;
#1256 = CARTESIAN_POINT ( 'NONE',  ( 3.486782021451171776, 5.000000000000000000, 0.000000000000000000 ) ) ;
#1257 = CARTESIAN_POINT ( 'NONE',  ( -5.040000000000001812, 5.211416863654342535, 1.241341768881609742 ) ) ;
#1258 = CIRCLE ( 'NONE', #113, 2.490000000000000213 ) ;
#1259 = CARTESIAN_POINT ( 'NONE',  ( 4.855054215068991930, 5.209623993900643235, -1.236230993722716276 ) ) ;
#1260 = CARTESIAN_POINT ( 'NONE',  ( -3.750000000000001776, -5.000000000000000000, 0.000000000000000000 ) ) ;
#1261 = AXIS2_PLACEMENT_3D ( 'NONE', #1952, #966, #444 ) ;
#1262 = FACE_OUTER_BOUND ( 'NONE', #1351, .T. ) ;
#1263 = VECTOR ( 'NONE', #2132, 1000.000000000000000 ) ;
#1264 = ORIENTED_EDGE ( 'NONE', *, *, #124, .F. ) ;
#1265 = DIRECTION ( 'NONE',  ( 0.000000000000000000, 0.000000000000000000, 1.000000000000000000 ) ) ;
#1266 = CIRCLE ( 'NONE', #297, 0.09999999999999999167 ) ;
#1267 = AXIS2_PLACEMENT_3D ( 'NONE', #935, #2164, #799 ) ;
#1268 = SURFACE_STYLE_FILL_AREA ( #952 ) ;
#1269 =( BOUNDED_SURFACE ( )  B_SPLINE_SURFACE ( 3, 2, ( 
 ( #705, #1826, #1489 ),
 ( #1833, #1355, #2037 ),
 ( #977, #1137, #1308 ),
 ( #1993, #494, #324 ),
 ( #986, #1663, #241 ),
 ( #1890, #382, #554 ),
 ( #1736, #746, #1390 ),
 ( #904, #563, #1920 ),
 ( #1047, #1398, #1412 ),
 ( #2074, #573, #1569 ),
 ( #1535, #884, #1217 ),
 ( #2064, #1188, #1908 ) ),
 .UNSPECIFIED., .F., .F., .F. ) 
 B_SPLINE_SURFACE_WITH_KNOTS ( ( 4, 2, 2, 2, 2, 4 ),
 ( 3, 3 ),
 ( 0.003950949931132871802, 0.004582208014904689403, 0.005213466098676506136, 0.005529095140562415370, 0.005844724182448323736, 0.006475982266220141337 ),
 ( 0.000000000000000000, 1.000000000000000000 ),
 .UNSPECIFIED. ) 
 GEOMETRIC_REPRESENTATION_ITEM ( )  RATIONAL_B_SPLINE_SURFACE ( (
 ( 1.000000000000000000, 0.8318879372043915810, 1.000000000000000000),
 ( 1.000000000000000000, 0.8315871643712013928, 1.000000000000000000),
 ( 1.000000000000000000, 0.8291984152597676738, 1.000000000000000000),
 ( 1.000000000000000000, 0.8220124085712706696, 1.000000000000000000),
 ( 1.000000000000000000, 0.8171548545346372094, 1.000000000000000000),
 ( 1.000000000000000000, 0.8101375265206025578, 1.000000000000000000),
 ( 1.000000000000000000, 0.8078066978454714331, 1.000000000000000000),
 ( 1.000000000000000000, 0.8035919925419534593, 1.000000000000000000),
 ( 1.000000000000000000, 0.8017078032880575744, 1.000000000000000000),
 ( 1.000000000000000000, 0.7969919796167724835, 1.000000000000000000),
 ( 1.000000000000000000, 0.7951646757881241090, 1.000000000000000000),
 ( 1.000000000000000000, 0.7952062255644570810, 1.000000000000000000) ) ) 
 REPRESENTATION_ITEM ( '' )  SURFACE ( )  );
#1270 = CARTESIAN_POINT ( 'NONE',  ( 3.450000000000001510, -5.000000000000000000, 3.673940397442061963E-17 ) ) ;
#1271 = DIRECTION ( 'NONE',  ( 1.000000000000000000, 0.000000000000000000, 0.000000000000000000 ) ) ;
#1272 = CARTESIAN_POINT ( 'NONE',  ( 5.095171516441843629, 4.094345595068039856, -0.4015702914013182800 ) ) ;
#1273 = CARTESIAN_POINT ( 'NONE',  ( 4.701836806836291238, 4.073529411762166319, 0.1032186713711385900 ) ) ;
#1274 = CARTESIAN_POINT ( 'NONE',  ( 4.050000000000001599, -5.000000000000000000, 0.000000000000000000 ) ) ;
#1275 = CARTESIAN_POINT ( 'NONE',  ( -5.139642553737968633, 4.094511154822308541, 0.4032766969446361371 ) ) ;
#1276 = ORIENTED_EDGE ( 'NONE', *, *, #1247, .T. ) ;
#1277 = B_SPLINE_CURVE_WITH_KNOTS ( 'NONE', 3,
 ( #1445, #958, #1272, #797 ),
 .UNSPECIFIED., .F., .F.,
 ( 4, 4 ),
 ( 0.000000000000000000, 1.437173684186306992E-05 ),
 .UNSPECIFIED. ) ;
#1278 = CARTESIAN_POINT ( 'NONE',  ( 3.855277647616739412, 5.086450143053910189, -0.8027314712412449982 ) ) ;
#1279 = ORIENTED_EDGE ( 'NONE', *, *, #1032, .F. ) ;
#1280 = DIRECTION ( 'NONE',  ( 0.3420201433256661039, -0.9396926207859093161, 0.000000000000000000 ) ) ;
#1281 = CARTESIAN_POINT ( 'NONE',  ( -4.671303928800069727, 5.199350865965828739, 1.207680679205825669 ) ) ;
#1282 = ADVANCED_FACE ( 'NONE', ( #543 ), #1023, .T. ) ;
#1283 = CARTESIAN_POINT ( 'NONE',  ( 4.982307551114421251, 4.093891981381160505, 0.3975491290973388048 ) ) ;
#1284 = DIRECTION ( 'NONE',  ( -0.9396926207859093161, 0.3420201433256661594, -0.000000000000000000 ) ) ;
#1285 = DIRECTION ( 'NONE',  ( 0.000000000000000000, 0.000000000000000000, -1.000000000000000000 ) ) ;
#1286 =( NAMED_UNIT ( * ) PLANE_ANGLE_UNIT ( ) SI_UNIT ( $, .RADIAN. ) );
#1287 = CARTESIAN_POINT ( 'NONE',  ( -5.100000000000004086, 4.000000000000000000, -0.3017302736884315273 ) ) ;
#1288 = CARTESIAN_POINT ( 'NONE',  ( -5.085481290153325062, 4.094298009547221007, 0.4013050294417821462 ) ) ;
#1289 = DIRECTION ( 'NONE',  ( -0.000000000000000000, -0.000000000000000000, 1.000000000000000000 ) ) ;
#1290 = CARTESIAN_POINT ( 'NONE',  ( 5.507809312782063316, 4.447395229646721404, 0.000000000000000000 ) ) ;
#1291 = CARTESIAN_POINT ( 'NONE',  ( -5.400000000000003908, 4.000000000000000888, 0.000000000000000000 ) ) ;
#1292 = ADVANCED_FACE ( 'NONE', ( #822 ), #1500, .T. ) ;
#1293 = AXIS2_PLACEMENT_3D ( 'NONE', #1784, #1289, #1300 ) ;
#1294 = CARTESIAN_POINT ( 'NONE',  ( 4.800000000000003375, 1.331608862111025582, 3.673940397442072441E-17 ) ) ;
#1295 = CIRCLE ( 'NONE', #2083, 0.3000000000000000999 ) ;
#1296 = VECTOR ( 'NONE', #137, 1000.000000000000000 ) ;
#1297 = DIRECTION ( 'NONE',  ( -1.000000000000000000, 0.000000000000000000, 0.000000000000000000 ) ) ;
#1298 = AXIS2_PLACEMENT_3D ( 'NONE', #27, #1857, #159 ) ;
#1299 = DIRECTION ( 'NONE',  ( -1.000000000000000000, 0.000000000000000000, 0.000000000000000000 ) ) ;
#1300 = DIRECTION ( 'NONE',  ( 1.000000000000000000, 0.000000000000000000, 0.000000000000000000 ) ) ;
#1301 = CARTESIAN_POINT ( 'NONE',  ( -6.300000000000001599, 6.260000000000000675, 0.000000000000000000 ) ) ;
#1302 = DIRECTION ( 'NONE',  ( -0.000000000000000000, -0.000000000000000000, -1.000000000000000000 ) ) ;
#1303 = ORIENTED_EDGE ( 'NONE', *, *, #220, .F. ) ;
#1304 = CARTESIAN_POINT ( 'NONE',  ( 5.517080204997957260, 4.978524700495591482, 0.07393804626172495453 ) ) ;
#1305 = EDGE_CURVE ( 'NONE', #619, #1394, #85, .T. ) ;
#1306 = B_SPLINE_CURVE_WITH_KNOTS ( 'NONE', 3,
 ( #1075, #218, #1753, #1082, #1572, #60 ),
 .UNSPECIFIED., .F., .F.,
 ( 4, 2, 4 ),
 ( 0.000000000000000000, 0.0003098744066939279054, 0.0006197488133878558108 ),
 .UNSPECIFIED. ) ;
#1307 = ORIENTED_EDGE ( 'NONE', *, *, #2026, .T. ) ;
#1308 = CARTESIAN_POINT ( 'NONE',  ( -4.983598108343080924, 4.092777035178585265, 0.3875645187001079961 ) ) ;
#1309 = ORIENTED_EDGE ( 'NONE', *, *, #1757, .T. ) ;
#1310 = ORIENTED_EDGE ( 'NONE', *, *, #1903, .T. ) ;
#1311 = CARTESIAN_POINT ( 'NONE',  ( -3.450000000000001510, -5.000000000000000000, -3.673940397442061963E-17 ) ) ;
#1312 = CARTESIAN_POINT ( 'NONE',  ( -5.260236880826093753, 5.220702839544377305, -1.224032290831196024 ) ) ;
#1313 = DIRECTION ( 'NONE',  ( -1.652117596168388002E-16, -1.000000000000000000, 0.000000000000000000 ) ) ;
#1314 = EDGE_LOOP ( 'NONE', ( #273, #1998, #669, #180 ) ) ;
#1315 = ORIENTED_EDGE ( 'NONE', *, *, #1177, .T. ) ;
#1316 = ORIENTED_EDGE ( 'NONE', *, *, #896, .F. ) ;
#1317 = DIRECTION ( 'NONE',  ( 0.000000000000000000, -1.000000000000000000, 0.000000000000000000 ) ) ;
#1318 = CARTESIAN_POINT ( 'NONE',  ( 4.242741006101534929, 5.152808287634786488, -1.060648407376637792 ) ) ;
#1319 = EDGE_CURVE ( 'NONE', #1703, #2101, #152, .T. ) ;
#1320 = CARTESIAN_POINT ( 'NONE',  ( -4.247393957002299381, 0.2819077862357727282, 0.000000000000000000 ) ) ;
#1321 = ORIENTED_EDGE ( 'NONE', *, *, #1030, .T. ) ;
#1322 = CARTESIAN_POINT ( 'NONE',  ( 7.678748868047427652E-16, 5.000000000000000000, 0.000000000000000000 ) ) ;
#1323 = ORIENTED_EDGE ( 'NONE', *, *, #871, .T. ) ;
#1324 = CARTESIAN_POINT ( 'NONE',  ( -5.040000000000002700, 8.326672684688680956E-16, -3.750000000000000000 ) ) ;
#1325 = EDGE_CURVE ( 'NONE', #1923, #1884, #1716, .T. ) ;
#1326 = ORIENTED_EDGE ( 'NONE', *, *, #315, .F. ) ;
#1327 = ORIENTED_EDGE ( 'NONE', *, *, #1453, .F. ) ;
#1328 = CARTESIAN_POINT ( 'NONE',  ( -4.548968647354995731, 4.970423931646741345, -0.2252359935738988128 ) ) ;
#1329 = AXIS2_PLACEMENT_3D ( 'NONE', #1705, #978, #706 ) ;
#1330 = CARTESIAN_POINT ( 'NONE',  ( -5.449033282536690059, 4.330440445533960236, 0.2102367616184950827 ) ) ;
#1331 = CARTESIAN_POINT ( 'NONE',  ( 4.050000000000000711, 5.204170427930423132E-17, 0.000000000000000000 ) ) ;
#1332 = AXIS2_PLACEMENT_3D ( 'NONE', #1077, #1240, #2070 ) ;
#1333 = AXIS2_PLACEMENT_3D ( 'NONE', #453, #312, #974 ) ;
#1334 = DIRECTION ( 'NONE',  ( -0.000000000000000000, -0.000000000000000000, -1.000000000000000000 ) ) ;
#1335 = ORIENTED_EDGE ( 'NONE', *, *, #188, .F. ) ;
#1336 = AXIS2_PLACEMENT_3D ( 'NONE', #2023, #1170, #1863 ) ;
#1337 = CARTESIAN_POINT ( 'NONE',  ( 3.750000000000001776, -5.000000000000000000, 0.000000000000000000 ) ) ;
#1338 = CARTESIAN_POINT ( 'NONE',  ( -5.093032046104683630, 4.935087094024298793, -0.4493066326068771987 ) ) ;
#1339 = CARTESIAN_POINT ( 'NONE',  ( 4.350000000000000533, 0.000000000000000000, 0.000000000000000000 ) ) ;
#1340 = ORIENTED_EDGE ( 'NONE', *, *, #391, .T. ) ;
#1341 = CARTESIAN_POINT ( 'NONE',  ( -4.242741006101534929, 5.152808287634786488, -1.060648407376637792 ) ) ;
#1342 = FACE_OUTER_BOUND ( 'NONE', #1991, .T. ) ;
#1343 = CARTESIAN_POINT ( 'NONE',  ( 4.619401074255133466, 5.195967842739575460, -1.198336556099200978 ) ) ;
#1344 = EDGE_CURVE ( 'NONE', #2113, #546, #675, .T. ) ;
#1345 = DIRECTION ( 'NONE',  ( 0.000000000000000000, -1.000000000000000000, 0.000000000000000000 ) ) ;
#1346 = ORIENTED_EDGE ( 'NONE', *, *, #1559, .F. ) ;
#1347 = CARTESIAN_POINT ( 'NONE',  ( 3.855540228731376917, 5.087904043585483649, 0.8143634021774450726 ) ) ;
#1348 = CARTESIAN_POINT ( 'NONE',  ( 4.882841249813564488, 4.936105294641135011, 0.4251387008655042044 ) ) ;
#1349 = CARTESIAN_POINT ( 'NONE',  ( -4.500000000000000888, 1.331608862111023361, 3.673940397442060115E-17 ) ) ;
#1350 = ADVANCED_FACE ( 'NONE', ( #1482 ), #2100, .F. ) ;
#1351 = EDGE_LOOP ( 'NONE', ( #1787, #1327, #1237, #185 ) ) ;
#1352 = CARTESIAN_POINT ( 'NONE',  ( -4.495646917122845920, 4.983773929613985132, -0.1557383972891520085 ) ) ;
#1353 = CARTESIAN_POINT ( 'NONE',  ( 5.363819723926373406, 5.231735654046704376, -1.169912567691490324 ) ) ;
#1354 = DIRECTION ( 'NONE',  ( -0.9396926207859098712, -0.3420201433256649381, 0.000000000000000000 ) ) ;
#1355 = CARTESIAN_POINT ( 'NONE',  ( -4.977988128552223834, 4.933761838072236117, 0.4456980799642456526 ) ) ;
#1356 = CARTESIAN_POINT ( 'NONE',  ( -5.507809312782063316, 4.447395229646721404, 0.000000000000000000 ) ) ;
#1357 = EDGE_LOOP ( 'NONE', ( #177, #792, #449, #1818 ) ) ;
#1358 = CARTESIAN_POINT ( 'NONE',  ( -5.191954838050014231, 4.095883137831411780, -0.3946589794276590402 ) ) ;
#1359 = ORIENTED_EDGE ( 'NONE', *, *, #1559, .T. ) ;
#1360 = CARTESIAN_POINT ( 'NONE',  ( -4.711912836574615682, 4.074548258135422429, -0.1041150734363957414 ) ) ;
#1361 = TOROIDAL_SURFACE ( 'NONE', #1543, 2.490000000000000213, 1.260000000000000009 ) ;
#1362 = CARTESIAN_POINT ( 'NONE',  ( 5.040000000000000924, 11.75000000000000000, -2.490000000000000213 ) ) ;
#1363 = CARTESIAN_POINT ( 'NONE',  ( 5.442037045097650072, 5.240066733946520117, -1.129045756148536750 ) ) ;
#1364 = AXIS2_PLACEMENT_3D ( 'NONE', #1882, #717, #1370 ) ;
#1365 = VECTOR ( 'NONE', #595, 1000.000000000000000 ) ;
#1366 = ORIENTED_EDGE ( 'NONE', *, *, #140, .F. ) ;
#1367 = CARTESIAN_POINT ( 'NONE',  ( 5.040000000000001812, 4.022452929842200930, 1.658432603225830970 ) ) ;
#1368 = ORIENTED_EDGE ( 'NONE', *, *, #855, .T. ) ;
#1369 = VECTOR ( 'NONE', #1299, 1000.000000000000000 ) ;
#1370 = DIRECTION ( 'NONE',  ( 0.000000000000000000, 0.000000000000000000, -1.000000000000000000 ) ) ;
#1371 = CARTESIAN_POINT ( 'NONE',  ( -5.507809312665100876, 4.447395222945949023, 0.04196967919223056065 ) ) ;
#1372 = STYLED_ITEM ( 'NONE', ( #1070 ), #1738 ) ;
#1373 = AXIS2_PLACEMENT_3D ( 'NONE', #1141, #1133, #288 ) ;
#1374 = EDGE_LOOP ( 'NONE', ( #1965, #1378, #765, #589, #838, #733 ) ) ;
#1375 = CARTESIAN_POINT ( 'NONE',  ( -4.602606042997700264, 1.049701075875250522, -3.673940397442060115E-17 ) ) ;
#1376 = DIRECTION ( 'NONE',  ( 0.000000000000000000, 0.000000000000000000, -1.000000000000000000 ) ) ;
#1377 = CARTESIAN_POINT ( 'NONE',  ( 5.363819723926107841, 5.231735654046675954, -1.169912567691629768 ) ) ;
#1378 = ORIENTED_EDGE ( 'NONE', *, *, #747, .T. ) ;
#1379 = SURFACE_STYLE_FILL_AREA ( #2052 ) ;
#1380 = CARTESIAN_POINT ( 'NONE',  ( 5.100000000000004086, 4.000000000000000888, 0.000000000000000000 ) ) ;
#1381 = ORIENTED_EDGE ( 'NONE', *, *, #1462, .T. ) ;
#1382 = CARTESIAN_POINT ( 'NONE',  ( 3.486782030222372875, 4.999999999999999112, 0.1568788392409865007 ) ) ;
#1383 = ORIENTED_EDGE ( 'NONE', *, *, #1579, .T. ) ;
#1384 = ORIENTED_EDGE ( 'NONE', *, *, #763, .F. ) ;
#1385 = CYLINDRICAL_SURFACE ( 'NONE', #401, 0.3000000000000002109 ) ;
#1386 = EDGE_CURVE ( 'NONE', #1230, #409, #1851, .T. ) ;
#1387 = CARTESIAN_POINT ( 'NONE',  ( 3.450000000000000622, -5.204170427930423132E-17, 3.673940397442060115E-17 ) ) ;
#1388 = CARTESIAN_POINT ( 'NONE',  ( 5.456699953987437901, 4.343607945891083233, -0.1981463814816641356 ) ) ;
#1389 = EDGE_LOOP ( 'NONE', ( #684, #343, #371, #1303, #899, #2002 ) ) ;
#1390 = CARTESIAN_POINT ( 'NONE',  ( -4.780317525682324487, 4.080706886082881901, 0.2415448524641867489 ) ) ;
#1391 = ADVANCED_FACE ( 'NONE', ( #1516 ), #1956, .F. ) ;
#1392 = DIRECTION ( 'NONE',  ( -0.000000000000000000, 1.000000000000000000, -0.000000000000000000 ) ) ;
#1393 = CARTESIAN_POINT ( 'NONE',  ( 4.891207960402209842, 4.088723363771674002, 0.3462070243874181830 ) ) ;
#1394 = VERTEX_POINT ( 'NONE', #760 ) ;
#1395 = CARTESIAN_POINT ( 'NONE',  ( 5.085481290153325062, 4.094298009547221007, 0.4013050294417821462 ) ) ;
#1396 = FACE_OUTER_BOUND ( 'NONE', #1817, .T. ) ;
#1397 = ORIENTED_EDGE ( 'NONE', *, *, #1177, .F. ) ;
#1398 = CARTESIAN_POINT ( 'NONE',  ( -4.495484892961784773, 4.983822653834741878, 0.1554567445498936662 ) ) ;
#1399 = CIRCLE ( 'NONE', #502, 3.750000000000000000 ) ;
#1400 = VECTOR ( 'NONE', #267, 1000.000000000000000 ) ;
#1401 = CARTESIAN_POINT ( 'NONE',  ( -5.467784204887871979, 4.364904725710227140, -0.1778407084094300317 ) ) ;
#1402 = CARTESIAN_POINT ( 'NONE',  ( 4.796338727569938065, 4.082025118023524080, 0.2617576005174553910 ) ) ;
#1403 = TOROIDAL_SURFACE ( 'NONE', #1977, 2.490000000000000213, 1.260000000000000009 ) ;
#1404 = ADVANCED_FACE ( 'NONE', ( #243 ), #245, .F. ) ;
#1405 = ORIENTED_EDGE ( 'NONE', *, *, #627, .T. ) ;
#1406 = DIRECTION ( 'NONE',  ( 0.000000000000000000, 1.000000000000000000, 0.000000000000000000 ) ) ;
#1407 = ORIENTED_EDGE ( 'NONE', *, *, #1579, .F. ) ;
#1408 = CONICAL_SURFACE ( 'NONE', #659, 0.4000000000000004663, 0.01745329251994333364 ) ;
#1409 = CARTESIAN_POINT ( 'NONE',  ( 4.701836806836543481, 4.073529411764704733, -0.1032948177458243022 ) ) ;
#1410 = ORIENTED_EDGE ( 'NONE', *, *, #1587, .T. ) ;
#1411 =( BOUNDED_SURFACE ( )  B_SPLINE_SURFACE ( 3, 2, ( 
 ( #1068, #1744, #1567 ),
 ( #1112, #144, #1135 ),
 ( #2000, #1632, #813 ),
 ( #126, #1473, #290 ),
 ( #1106, #1789, #301 ),
 ( #467, #2134, #1122 ),
 ( #1643, #1966, #2157 ),
 ( #1461, #279, #1450 ),
 ( #2143, #1304, #625 ),
 ( #635, #1486, #157 ) ),
 .UNSPECIFIED., .F., .F., .F. ) 
 B_SPLINE_SURFACE_WITH_KNOTS ( ( 4, 2, 2, 2, 4 ),
 ( 3, 3 ),
 ( 0.0006593461297497903379, 0.001168599445560822812, 0.001677852761371855395, 0.002187106077182887978, 0.002696359392993920561 ),
 ( 0.000000000000000000, 1.000000000000000000 ),
 .UNSPECIFIED. ) 
 GEOMETRIC_REPRESENTATION_ITEM ( )  RATIONAL_B_SPLINE_SURFACE ( (
 ( 1.000000000000000000, 0.8342878052629738583, 1.000000000000000000),
 ( 1.000000000000000000, 0.8408174253181163182, 1.000000000000000000),
 ( 1.000000000000000000, 0.8495773422055505897, 1.000000000000000000),
 ( 1.000000000000000000, 0.8685034577651078447, 1.000000000000000000),
 ( 1.000000000000000000, 0.8786196490172047957, 1.000000000000000000),
 ( 1.000000000000000000, 0.8974233184474972314, 1.000000000000000000),
 ( 1.000000000000000000, 0.9058028949106291527, 1.000000000000000000),
 ( 1.000000000000000000, 0.9179887335534195891, 1.000000000000000000),
 ( 1.000000000000000000, 0.9214930929772455759, 1.000000000000000000),
 ( 1.000000000000000000, 0.9214563587578514792, 1.000000000000000000) ) ) 
 REPRESENTATION_ITEM ( '' )  SURFACE ( )  );
#1412 = CARTESIAN_POINT ( 'NONE',  ( -4.740831063309145499, 4.077245580878205544, 0.1759259189531273970 ) ) ;
#1413 = LINE ( 'NONE', #2097, #1365 ) ;
#1414 = CARTESIAN_POINT ( 'NONE',  ( -5.456725516728784697, 4.343664803852299805, 0.1980820053064855923 ) ) ;
#1415 = ORIENTED_EDGE ( 'NONE', *, *, #140, .T. ) ;
#1416 = FACE_OUTER_BOUND ( 'NONE', #1239, .T. ) ;
#1417 = EDGE_CURVE ( 'NONE', #1093, #1081, #854, .T. ) ;
#1418 = DIRECTION ( 'NONE',  ( 0.000000000000000000, 1.000000000000000000, 0.000000000000000000 ) ) ;
#1419 =( NAMED_UNIT ( * ) SI_UNIT ( $, .STERADIAN. ) SOLID_ANGLE_UNIT ( ) );
#1420 =( BOUNDED_SURFACE ( )  B_SPLINE_SURFACE ( 3, 2, ( 
 ( #2062, #1745, #224 ),
 ( #571, #883, #72 ),
 ( #714, #240, #1786 ),
 ( #1561, #62, #1216 ),
 ( #1876, #1199, #1388 ),
 ( #210, #1520, #2071 ),
 ( #379, #52, #861 ),
 ( #729, #1905, #400 ),
 ( #1363, #1888, #1534 ),
 ( #1377, #367, #1207 ) ),
 .UNSPECIFIED., .F., .F., .F. ) 
 B_SPLINE_SURFACE_WITH_KNOTS ( ( 4, 2, 2, 2, 4 ),
 ( 3, 3 ),
 ( 0.000000000000000000, 0.0005092210110230244212, 0.001018442022046048842, 0.001527663033069073372, 0.002036884044092097685 ),
 ( 0.000000000000000000, 1.000000000000000000 ),
 .UNSPECIFIED. ) 
 GEOMETRIC_REPRESENTATION_ITEM ( )  RATIONAL_B_SPLINE_SURFACE ( (
 ( 1.000000000000000000, 0.9214563587578515902, 1.000000000000000000),
 ( 1.000000000000000000, 0.9214606929940708513, 1.000000000000000000),
 ( 1.000000000000000000, 0.9180338531475903396, 1.000000000000000000),
 ( 1.000000000000000000, 0.9058400591726635254, 1.000000000000000000),
 ( 1.000000000000000000, 0.8974102167168622746, 1.000000000000000000),
 ( 1.000000000000000000, 0.8785558488578675274, 1.000000000000000000),
 ( 1.000000000000000000, 0.8684752034490968997, 1.000000000000000000),
 ( 1.000000000000000000, 0.8495293022159550178, 1.000000000000000000),
 ( 1.000000000000000000, 0.8408033721498938684, 1.000000000000000000),
 ( 1.000000000000000000, 0.8342878052628782681, 1.000000000000000000) ) ) 
 REPRESENTATION_ITEM ( '' )  SURFACE ( )  );
#1421 = CARTESIAN_POINT ( 'NONE',  ( 5.040000000000000924, 11.75000000000000000, 0.000000000000000000 ) ) ;
#1422 = CARTESIAN_POINT ( 'NONE',  ( -4.701836806836542593, 4.073529411764705621, 0.000000000000000000 ) ) ;
#1423 = EDGE_LOOP ( 'NONE', ( #576, #1074, #1690, #981, #428, #1384 ) ) ;
#1424 = DIRECTION ( 'NONE',  ( 0.000000000000000000, -1.000000000000000000, 0.000000000000000000 ) ) ;
#1425 = DIRECTION ( 'NONE',  ( 0.000000000000000000, 1.000000000000000000, 0.000000000000000000 ) ) ;
#1426 = DIRECTION ( 'NONE',  ( 0.000000000000000000, -0.000000000000000000, -1.000000000000000000 ) ) ;
#1427 = CARTESIAN_POINT ( 'NONE',  ( 3.524685388004538122, 5.010371490035559816, -0.3159148319040877007 ) ) ;
#1428 = CARTESIAN_POINT ( 'NONE',  ( -5.100000000000004086, 4.100000000000000533, 0.000000000000000000 ) ) ;
#1429 = FACE_OUTER_BOUND ( 'NONE', #283, .T. ) ;
#1430 = AXIS2_PLACEMENT_3D ( 'NONE', #2020, #520, #1988 ) ;
#1431 = ORIENTED_EDGE ( 'NONE', *, *, #238, .T. ) ;
#1432 = CARTESIAN_POINT ( 'NONE',  ( 3.930821779357950518, 5.101335262714878915, -0.8675504393497360800 ) ) ;
#1433 = CARTESIAN_POINT ( 'NONE',  ( 6.299999999999999822, 14.23999999999999844, 0.000000000000000000 ) ) ;
#1434 = DIRECTION ( 'NONE',  ( 0.9396926207859098712, -0.3420201433256650492, 0.000000000000000000 ) ) ;
#1435 = ORIENTED_EDGE ( 'NONE', *, *, #1769, .F. ) ;
#1436 = AXIS2_PLACEMENT_3D ( 'NONE', #1650, #1425, #666 ) ;
#1437 = EDGE_CURVE ( 'NONE', #723, #6, #1700, .T. ) ;
#1438 = CARTESIAN_POINT ( 'NONE',  ( -5.192405020963378526, 4.095904439400033681, 0.3944891568159473172 ) ) ;
#1439 = AXIS2_PLACEMENT_3D ( 'NONE', #1943, #1101, #271 ) ;
#1440 = CIRCLE ( 'NONE', #1228, 0.3000000000000000999 ) ;
#1441 = DIRECTION ( 'NONE',  ( 0.000000000000000000, 0.000000000000000000, -1.000000000000000000 ) ) ;
#1442 = UNCERTAINTY_MEASURE_WITH_UNIT (LENGTH_MEASURE( 1.000000000000000082E-05 ), #95, 'distance_accuracy_value', 'NONE');
#1443 = CARTESIAN_POINT ( 'NONE',  ( 5.264312918104819161, 5.221136988578445326, -1.221902658968148980 ) ) ;
#1444 = CARTESIAN_POINT ( 'NONE',  ( -3.855540228731376917, 5.087904043585483649, 0.8143634021774450726 ) ) ;
#1445 = CARTESIAN_POINT ( 'NONE',  ( 5.085481290153325062, 4.094298009547221007, -0.4013050294417821462 ) ) ;
#1446 = EDGE_LOOP ( 'NONE', ( #1677, #1050 ) ) ;
#1447 = CARTESIAN_POINT ( 'NONE',  ( 5.323906073479442114, 4.150720005147525704, 0.3457897892961771524 ) ) ;
#1448 = CARTESIAN_POINT ( 'NONE',  ( 5.463452517667645836, 5.242347738735186446, 1.117856650530636209 ) ) ;
#1449 = ORIENTED_EDGE ( 'NONE', *, *, #613, .F. ) ;
#1450 = CARTESIAN_POINT ( 'NONE',  ( 5.501061791152024760, 4.431865829851669325, 0.08338265617879260516 ) ) ;
#1451 = EDGE_CURVE ( 'NONE', #836, #1864, #796, .T. ) ;
#1452 = CARTESIAN_POINT ( 'NONE',  ( -5.100000000000004086, 4.000000000000000888, 0.000000000000000000 ) ) ;
#1453 = EDGE_CURVE ( 'NONE', #226, #1020, #1985, .T. ) ;
#1454 = FACE_OUTER_BOUND ( 'NONE', #149, .T. ) ;
#1455 = EDGE_LOOP ( 'NONE', ( #1596, #1138, #1861 ) ) ;
#1456 = DIRECTION ( 'NONE',  ( 0.000000000000000000, -1.000000000000000000, 0.000000000000000000 ) ) ;
#1457 = ORIENTED_EDGE ( 'NONE', *, *, #1587, .F. ) ;
#1458 = CARTESIAN_POINT ( 'NONE',  ( 5.112157088087827539, 4.930989739963576923, -0.4442032572158452486 ) ) ;
#1459 = DIRECTION ( 'NONE',  ( 0.000000000000000000, -0.000000000000000000, -1.000000000000000000 ) ) ;
#1460 = CARTESIAN_POINT ( 'NONE',  ( 4.500000000000000888, 1.331608862111023361, 3.673940397442060115E-17 ) ) ;
#1461 = CARTESIAN_POINT ( 'NONE',  ( 5.890446533024150000, 5.338002233548026609, 0.2685388142409035894 ) ) ;
#1462 = EDGE_CURVE ( 'NONE', #1540, #386, #138, .T. ) ;
#1463 = CARTESIAN_POINT ( 'NONE',  ( 4.074250789603180323, 5.127058850831283543, -0.9690514378708863230 ) ) ;
#1464 = CARTESIAN_POINT ( 'NONE',  ( -5.507809312782064204, 4.447395229646722292, 0.05192911515252633670 ) ) ;
#1465 = EDGE_LOOP ( 'NONE', ( #1793, #1522, #495, #1048 ) ) ;
#1466 = CARTESIAN_POINT ( 'NONE',  ( -4.982307551114421251, 4.093891981381160505, 0.3975491290973388048 ) ) ;
#1467 = CARTESIAN_POINT ( 'NONE',  ( 4.705212085995400528, 0.7677932896394774609, 0.000000000000000000 ) ) ;
#1468 = CARTESIAN_POINT ( 'NONE',  ( 5.507809312782064204, 4.447395229646722292, 0.05192911515252633670 ) ) ;
#1469 = CARTESIAN_POINT ( 'NONE',  ( 3.750000000000000888, 0.000000000000000000, 0.000000000000000000 ) ) ;
#1470 = TOROIDAL_SURFACE ( 'NONE', #1765, 0.6000000000000007550, 0.3000000000000000999 ) ;
#1471 = EDGE_CURVE ( 'NONE', #1557, #2125, #819, .T. ) ;
#1472 = CIRCLE ( 'NONE', #1124, 0.3017302736884315273 ) ;
#1473 = CARTESIAN_POINT ( 'NONE',  ( 5.270396830678087063, 4.927820105770000403, 0.4152333793506843285 ) ) ;
#1474 = AXIS2_PLACEMENT_3D ( 'NONE', #1715, #350, #708 ) ;
#1475 = AXIS2_PLACEMENT_3D ( 'NONE', #1758, #248, #1208 ) ;
#1476 = CARTESIAN_POINT ( 'NONE',  ( -5.090321024164813579, 4.094317055754005175, 0.4014812134106652275 ) ) ;
#1477 = AXIS2_PLACEMENT_3D ( 'NONE', #1019, #1701, #1345 ) ;
#1478 = DIRECTION ( 'NONE',  ( -1.652117596168388002E-16, -1.000000000000000000, 0.000000000000000000 ) ) ;
#1479 = CIRCLE ( 'NONE', #1661, 0.3000000000000007661 ) ;
#1480 = CYLINDRICAL_SURFACE ( 'NONE', #1430, 0.2999999999999999334 ) ;
#1481 =( BOUNDED_SURFACE ( )  B_SPLINE_SURFACE ( 3, 2, ( 
 ( #431, #104, #1126 ),
 ( #303, #280, #964 ),
 ( #260, #803, #1427 ),
 ( #602, #1243, #1931 ),
 ( #1255, #2115, #612 ),
 ( #1938, #1098, #112 ),
 ( #2128, #626, #1278 ),
 ( #1959, #456, #1113 ),
 ( #345, #516, #1463 ),
 ( #1671, #694, #1318 ),
 ( #1143, #1488, #1984 ),
 ( #191, #995, #1343 ),
 ( #2144, #646, #671 ),
 ( #827, #322, #2 ) ),
 .UNSPECIFIED., .F., .F., .F. ) 
 B_SPLINE_SURFACE_WITH_KNOTS ( ( 4, 2, 2, 2, 2, 2, 4 ),
 ( 3, 3 ),
 ( 0.004291752517690450644, 0.004922457542383875534, 0.005237810054730587979, 0.005553162567077300424, 0.005868515079424012869, 0.006183867591770725314, 0.006814572616464151071 ),
 ( 0.000000000000000000, 1.000000000000000000 ),
 .UNSPECIFIED. ) 
 GEOMETRIC_REPRESENTATION_ITEM ( )  RATIONAL_B_SPLINE_SURFACE ( (
 ( 1.000000000000000000, 0.7952062255644569699, 1.000000000000000000),
 ( 1.000000000000000000, 0.7951890458748011037, 1.000000000000000000),
 ( 1.000000000000000000, 0.7969770038710457527, 1.000000000000000000),
 ( 1.000000000000000000, 0.8017284010369570835, 1.000000000000000000),
 ( 1.000000000000000000, 0.8036170782483134101, 1.000000000000000000),
 ( 1.000000000000000000, 0.8078048515505069638, 1.000000000000000000),
 ( 1.000000000000000000, 0.8101317620396540908, 1.000000000000000000),
 ( 1.000000000000000000, 0.8148365578943436160, 1.000000000000000000),
 ( 1.000000000000000000, 0.8172000824214045167, 1.000000000000000000),
 ( 1.000000000000000000, 0.8216869361671044203, 1.000000000000000000),
 ( 1.000000000000000000, 0.8238182313473786378, 1.000000000000000000),
 ( 1.000000000000000000, 0.8292043197550966749, 1.000000000000000000),
 ( 1.000000000000000000, 0.8315647398178382943, 1.000000000000000000),
 ( 1.000000000000000000, 0.8318879372043376241, 1.000000000000000000) ) ) 
 REPRESENTATION_ITEM ( '' )  SURFACE ( )  );
#1482 = FACE_OUTER_BOUND ( 'NONE', #1150, .T. ) ;
#1483 = CARTESIAN_POINT ( 'NONE',  ( -5.040000000000000924, 11.75000000000000000, 0.000000000000000000 ) ) ;
#1484 = ORIENTED_EDGE ( 'NONE', *, *, #171, .T. ) ;
#1485 = ORIENTED_EDGE ( 'NONE', *, *, #77, .T. ) ;
#1486 = CARTESIAN_POINT ( 'NONE',  ( 5.517080212218333557, 4.978524702633299270, -1.081386823054289576E-16 ) ) ;
#1487 = EDGE_CURVE ( 'NONE', #2150, #1742, #430, .T. ) ;
#1488 = CARTESIAN_POINT ( 'NONE',  ( 4.761427591989423114, 4.943077013225699368, -0.3772494254944465664 ) ) ;
#1489 = CARTESIAN_POINT ( 'NONE',  ( -5.085481290153328615, 4.094298009547198802, 0.4013050294417945252 ) ) ;
#1490 = CARTESIAN_POINT ( 'NONE',  ( 6.300000000000000711, 8.750000000000000000, -2.490000000000000213 ) ) ;
#1491 = EDGE_LOOP ( 'NONE', ( #578, #601, #1000, #707 ) ) ;
#1492 = DIRECTION ( 'NONE',  ( 3.250504491911154328E-16, -1.000000000000000000, 0.000000000000000000 ) ) ;
#1493 = FILL_AREA_STYLE_COLOUR ( '', #989 ) ;
#1494 = ORIENTED_EDGE ( 'NONE', *, *, #863, .F. ) ;
#1495 = CARTESIAN_POINT ( 'NONE',  ( -4.510998878068250839, 4.979420550136604007, -0.1787502586838022878 ) ) ;
#1496 = FACE_OUTER_BOUND ( 'NONE', #890, .T. ) ;
#1497 = DIRECTION ( 'NONE',  ( 0.000000000000000000, 0.000000000000000000, -1.000000000000000000 ) ) ;
#1498 = ORIENTED_EDGE ( 'NONE', *, *, #2139, .T. ) ;
#1499 = DIRECTION ( 'NONE',  ( 1.000000000000000000, -0.000000000000000000, 0.000000000000000000 ) ) ;
#1500 = CYLINDRICAL_SURFACE ( 'NONE', #1737, 3.750000000000000000 ) ;
#1501 = DIRECTION ( 'NONE',  ( 1.000000000000000000, 1.652117596168388742E-16, 0.000000000000000000 ) ) ;
#1502 = ORIENTED_EDGE ( 'NONE', *, *, #2041, .F. ) ;
#1503 = ORIENTED_EDGE ( 'NONE', *, *, #788, .T. ) ;
#1504 = CARTESIAN_POINT ( 'NONE',  ( -4.752741237083307979, 4.078331409273742381, -0.1988618155889939620 ) ) ;
#1505 = EDGE_CURVE ( 'NONE', #1752, #970, #508, .T. ) ;
#1506 = VECTOR ( 'NONE', #688, 1000.000000000000000 ) ;
#1507 = ADVANCED_FACE ( 'NONE', ( #1429 ), #485, .T. ) ;
#1508 = CARTESIAN_POINT ( 'NONE',  ( -5.100000000000004086, 4.098254759356271038, 0.000000000000000000 ) ) ;
#1509 = DIRECTION ( 'NONE',  ( 0.000000000000000000, 0.000000000000000000, -1.000000000000000000 ) ) ;
#1510 = CIRCLE ( 'NONE', #1021, 0.4017150432040705321 ) ;
#1511 = AXIS2_PLACEMENT_3D ( 'NONE', #990, #17, #7 ) ;
#1512 = FACE_OUTER_BOUND ( 'NONE', #761, .T. ) ;
#1513 = ADVANCED_FACE ( 'NONE', ( #1781 ), #651, .F. ) ;
#1514 = VECTOR ( 'NONE', #355, 1000.000000000000000 ) ;
#1515 = CARTESIAN_POINT ( 'NONE',  ( 3.724928229399287360, 5.058902068072313796, 0.6805754483211094996 ) ) ;
#1516 = FACE_OUTER_BOUND ( 'NONE', #2016, .T. ) ;
#1517 = ORIENTED_EDGE ( 'NONE', *, *, #1117, .F. ) ;
#1518 = DIRECTION ( 'NONE',  ( 0.9396926207859097602, -0.3420201433256649937, 0.000000000000000000 ) ) ;
#1519 = CARTESIAN_POINT ( 'NONE',  ( 5.903808704339558844, 5.342702598767872679, 0.000000000000000000 ) ) ;
#1520 = CARTESIAN_POINT ( 'NONE',  ( 5.315055214720576515, 4.933411892409686139, -0.3941141406649299461 ) ) ;
#1521 = B_SPLINE_CURVE_WITH_KNOTS ( 'NONE', 3,
 ( #1290, #1468, #1989, #798, #274, #450, #1447, #633 ),
 .UNSPECIFIED., .F., .F.,
 ( 4, 2, 2, 4 ),
 ( 0.000000000000000000, 0.0001531545404185730554, 0.0003063090808371461107, 0.0006126181616742910289 ),
 .UNSPECIFIED. ) ;
#1522 = ORIENTED_EDGE ( 'NONE', *, *, #1757, .F. ) ;
#1523 = DIRECTION ( 'NONE',  ( 1.000000000000000000, -1.652117596168388002E-16, 0.000000000000000000 ) ) ;
#1524 = EDGE_CURVE ( 'NONE', #1742, #1130, #118, .T. ) ;
#1525 = DIRECTION ( 'NONE',  ( 0.000000000000000000, -1.000000000000000000, 0.000000000000000000 ) ) ;
#1526 = VERTEX_POINT ( 'NONE', #282 ) ;
#1527 = CARTESIAN_POINT ( 'NONE',  ( -5.148763310960710271, 4.094764947813600564, 0.4015938821007656312 ) ) ;
#1528 = APPLICATION_PROTOCOL_DEFINITION ( 'draft international standard', 'automotive_design', 1998, #227 ) ;
#1529 = EDGE_CURVE ( 'NONE', #1755, #660, #654, .T. ) ;
#1530 = ORIENTED_EDGE ( 'NONE', *, *, #872, .T. ) ;
#1531 = CARTESIAN_POINT ( 'NONE',  ( -4.831527358453593379, 4.084678440257818899, -0.2983549010433985682 ) ) ;
#1532 = VERTEX_POINT ( 'NONE', #473 ) ;
#1533 = DIRECTION ( 'NONE',  ( -0.000000000000000000, 1.000000000000000000, 0.000000000000000000 ) ) ;
#1534 = CARTESIAN_POINT ( 'NONE',  ( 5.279975125079602094, 4.122553523531007791, -0.3618750434146709716 ) ) ;
#1535 = CARTESIAN_POINT ( 'NONE',  ( -3.486782030222372875, 4.999999999999999112, 0.1568788392409865007 ) ) ;
#1536 = FACE_OUTER_BOUND ( 'NONE', #408, .T. ) ;
#1537 = EDGE_LOOP ( 'NONE', ( #198, #2005, #1822, #1924 ) ) ;
#1538 = CARTESIAN_POINT ( 'NONE',  ( -5.706047071759888567, 5.286910740580959001, 0.8356281145711519365 ) ) ;
#1539 = CARTESIAN_POINT ( 'NONE',  ( 5.040000000000002700, 8.326672684688680956E-16, 2.490000000000000213 ) ) ;
#1540 = VERTEX_POINT ( 'NONE', #264 ) ;
#1541 = CARTESIAN_POINT ( 'NONE',  ( -3.486782021451171776, 5.000000000000000888, 2.218853657901536646E-16 ) ) ;
#1542 = EDGE_CURVE ( 'NONE', #875, #1230, #1254, .T. ) ;
#1543 = AXIS2_PLACEMENT_3D ( 'NONE', #448, #1819, #789 ) ;
#1544 = DIRECTION ( 'NONE',  ( 1.652117596168388002E-16, -1.000000000000000000, 0.000000000000000000 ) ) ;
#1545 = CYLINDRICAL_SURFACE ( 'NONE', #122, 1.259999999999999787 ) ;
#1546 = AXIS2_PLACEMENT_3D ( 'NONE', #1337, #1525, #35 ) ;
#1547 = ORIENTED_EDGE ( 'NONE', *, *, #353, .T. ) ;
#1548 = AXIS2_PLACEMENT_3D ( 'NONE', #1229, #441, #81 ) ;
#1549 = CARTESIAN_POINT ( 'NONE',  ( -5.040000000000002700, 8.326672684688680956E-16, 2.490000000000000213 ) ) ;
#1550 = AXIS2_PLACEMENT_3D ( 'NONE', #2152, #1140, #641 ) ;
#1551 = B_SPLINE_CURVE_WITH_KNOTS ( 'NONE', 3,
 ( #1174, #1868, #1476, #501 ),
 .UNSPECIFIED., .F., .F.,
 ( 4, 4 ),
 ( 0.0001444888910821693316, 0.0001588283684877691247 ),
 .UNSPECIFIED. ) ;
#1552 = FACE_OUTER_BOUND ( 'NONE', #70, .T. ) ;
#1553 = ORIENTED_EDGE ( 'NONE', *, *, #9, .F. ) ;
#1554 = CARTESIAN_POINT ( 'NONE',  ( 4.618965489354779130, 5.195933895113677536, 1.198238835476691300 ) ) ;
#1555 = CIRCLE ( 'NONE', #403, 0.3000000000000000999 ) ;
#1556 = VECTOR ( 'NONE', #947, 1000.000000000000000 ) ;
#1557 = VERTEX_POINT ( 'NONE', #129 ) ;
#1558 = CARTESIAN_POINT ( 'NONE',  ( -5.517080204260628840, 4.978524700278197379, -0.07426904356292035603 ) ) ;
#1559 = EDGE_CURVE ( 'NONE', #634, #1810, #511, .T. ) ;
#1560 = CARTESIAN_POINT ( 'NONE',  ( 5.196469700340747622, 4.096096768797152343, -0.3929558367927067364 ) ) ;
#1561 = CARTESIAN_POINT ( 'NONE',  ( 5.839032346537432971, 5.321908477615131972, -0.5182755191282260032 ) ) ;
#1562 = DIRECTION ( 'NONE',  ( -0.000000000000000000, -0.000000000000000000, -1.000000000000000000 ) ) ;
#1563 = CARTESIAN_POINT ( 'NONE',  ( -5.441905555506955317, 4.958180575915958954, 0.2713436847949892705 ) ) ;
#1564 = ORIENTED_EDGE ( 'NONE', *, *, #686, .T. ) ;
#1565 = EDGE_LOOP ( 'NONE', ( #1503, #1246, #217, #630 ) ) ;
#1566 = CARTESIAN_POINT ( 'NONE',  ( -5.242076628743238764, 4.098254759355913990, -0.3757515236182025209 ) ) ;
#1567 = CARTESIAN_POINT ( 'NONE',  ( 5.242076628743824074, 4.098254759356067645, 0.3757515236180420382 ) ) ;
#1568 = DIRECTION ( 'NONE',  ( -1.000000000000000000, 1.652117596168388002E-16, -0.000000000000000000 ) ) ;
#1569 = CARTESIAN_POINT ( 'NONE',  ( -4.712006276980941877, 4.074556778075032248, 0.1042982050964092050 ) ) ;
#1570 =( NAMED_UNIT ( * ) SI_UNIT ( $, .STERADIAN. ) SOLID_ANGLE_UNIT ( ) );
#1571 = CARTESIAN_POINT ( 'NONE',  ( 4.571916915279021332, 4.965730233093748502, 0.2489972728273094627 ) ) ;
#1572 = CARTESIAN_POINT ( 'NONE',  ( -4.982227886435474318, 4.093891667870148687, -0.3975462290125122977 ) ) ;
#1573 = B_SPLINE_CURVE_WITH_KNOTS ( 'NONE', 3,
 ( #492, #975, #683, #1686 ),
 .UNSPECIFIED., .F., .F.,
 ( 4, 4 ),
 ( 1.437173684186306992E-05, 0.0001588278414998544469 ),
 .UNSPECIFIED. ) ;
#1574 = DIRECTION ( 'NONE',  ( 0.000000000000000000, 0.000000000000000000, -1.000000000000000000 ) ) ;
#1575 = ADVANCED_FACE ( 'NONE', ( #932 ), #772, .F. ) ;
#1576 = ADVANCED_FACE ( 'NONE', ( #1144 ), #92, .F. ) ;
#1577 = CARTESIAN_POINT ( 'NONE',  ( 5.100000000000004086, 4.100000000000000533, -0.3017302736884315273 ) ) ;
#1578 = AXIS2_PLACEMENT_3D ( 'NONE', #774, #927, #272 ) ;
#1579 = EDGE_CURVE ( 'NONE', #1668, #524, #953, .T. ) ;
#1580 = CARTESIAN_POINT ( 'NONE',  ( -5.100000000000004086, 4.000000000000000888, 0.000000000000000000 ) ) ;
#1581 = CARTESIAN_POINT ( 'NONE',  ( 4.752578616697157976, 4.078317174675326839, 0.1985935605446724761 ) ) ;
#1582 = AXIS2_PLACEMENT_3D ( 'NONE', #2146, #560, #1206 ) ;
#1583 = TOROIDAL_SURFACE ( 'NONE', #2120, 0.3017302736884315273, 0.1000000000000000056 ) ;
#1584 = ORIENTED_EDGE ( 'NONE', *, *, #991, .F. ) ;
#1585 = CARTESIAN_POINT ( 'NONE',  ( -5.903808699771347257, 5.342702594466039123, -0.1359176048624679556 ) ) ;
#1586 = AXIS2_PLACEMENT_3D ( 'NONE', #1856, #2160, #2015 ) ;
#1587 = EDGE_CURVE ( 'NONE', #2113, #1611, #2018, .T. ) ;
#1588 = TOROIDAL_SURFACE ( 'NONE', #820, 2.490000000000000213, 1.260000000000000009 ) ;
#1589 = DIRECTION ( 'NONE',  ( -0.9396926207859098712, 0.3420201433256649381, -0.000000000000000000 ) ) ;
#1590 = DIRECTION ( 'NONE',  ( -0.9992355077633773286, 0.01294132128213457307, 0.03689067942364555180 ) ) ;
#1591 = DIRECTION ( 'NONE',  ( 1.000000000000000000, -0.000000000000000000, -0.000000000000000000 ) ) ;
#1592 = CARTESIAN_POINT ( 'NONE',  ( -4.152145874738849329, 5.140768010136320676, 1.023513062026197629 ) ) ;
#1593 = CARTESIAN_POINT ( 'NONE',  ( 5.040000000000001812, 5.211416863654342535, -1.241341768881609742 ) ) ;
#1594 = CARTESIAN_POINT ( 'NONE',  ( -5.839032346537432971, 5.321908477615131972, -0.5182755191282260032 ) ) ;
#1595 = DIRECTION ( 'NONE',  ( 0.000000000000000000, 0.000000000000000000, -1.000000000000000000 ) ) ;
#1596 = ORIENTED_EDGE ( 'NONE', *, *, #412, .F. ) ;
#1597 = CARTESIAN_POINT ( 'NONE',  ( -5.868411461730269174, 5.329130296696015456, 0.4538773313760978700 ) ) ;
#1598 = CARTESIAN_POINT ( 'NONE',  ( -6.299999999999999822, 15.50000000000000000, 3.750000000000000000 ) ) ;
#1599 = CARTESIAN_POINT ( 'NONE',  ( 5.150761283999171880, 5.213564306821682592, -1.247463295095180280 ) ) ;
#1600 = CARTESIAN_POINT ( 'NONE',  ( -3.541430939110907783, 5.014916452509091904, -0.3696891967252505795 ) ) ;
#1601 = LINE ( 'NONE', #121, #1556 ) ;
#1602 = ORIENTED_EDGE ( 'NONE', *, *, #936, .F. ) ;
#1603 = CARTESIAN_POINT ( 'NONE',  ( -5.112350319830886392, 4.930914359671181302, 0.4440966765098747771 ) ) ;
#1604 = EDGE_CURVE ( 'NONE', #660, #2166, #1880, .T. ) ;
#1605 = DIRECTION ( 'NONE',  ( -0.000000000000000000, 1.000000000000000000, -0.000000000000000000 ) ) ;
#1606 = CARTESIAN_POINT ( 'NONE',  ( 5.152651148299052686, 5.213600950591984251, -1.247567752248858408 ) ) ;
#1607 = ORIENTED_EDGE ( 'NONE', *, *, #627, .F. ) ;
#1608 = CARTESIAN_POINT ( 'NONE',  ( -3.486782021451171776, 5.000000000000000000, 0.000000000000000000 ) ) ;
#1609 = ORIENTED_EDGE ( 'NONE', *, *, #712, .T. ) ;
#1610 = CIRCLE ( 'NONE', #503, 0.3000000000000000999 ) ;
#1611 = VERTEX_POINT ( 'NONE', #337 ) ;
#1612 = CARTESIAN_POINT ( 'NONE',  ( 5.260236880826093753, 5.220702839544377305, -1.224032290831196024 ) ) ;
#1613 = CARTESIAN_POINT ( 'NONE',  ( -3.486782021451171776, 5.000000000000000000, 0.000000000000000000 ) ) ;
#1614 = VECTOR ( 'NONE', #1591, 1000.000000000000000 ) ;
#1615 = CARTESIAN_POINT ( 'NONE',  ( -5.100000000000004086, 4.000000000000000000, 0.000000000000000000 ) ) ;
#1616 = CIRCLE ( 'NONE', #1878, 1.260000000000000009 ) ;
#1617 = FACE_OUTER_BOUND ( 'NONE', #1235, .T. ) ;
#1618 = VERTEX_POINT ( 'NONE', #356 ) ;
#1619 = AXIS2_PLACEMENT_3D ( 'NONE', #1157, #672, #3 ) ;
#1620 = ADVANCED_FACE ( 'NONE', ( #1512 ), #987, .T. ) ;
#1621 = CIRCLE ( 'NONE', #1373, 2.490000000000000213 ) ;
#1622 = ORIENTED_EDGE ( 'NONE', *, *, #1471, .F. ) ;
#1623 = SURFACE_SIDE_STYLE ('',( #1268 ) ) ;
#1624 = CARTESIAN_POINT ( 'NONE',  ( -5.400000000000003908, 4.000000000000000888, 0.000000000000000000 ) ) ;
#1625 = ORIENTED_EDGE ( 'NONE', *, *, #1065, .F. ) ;
#1626 = CARTESIAN_POINT ( 'NONE',  ( 4.350000000000000533, 0.000000000000000000, -3.673940397442060115E-17 ) ) ;
#1627 = CARTESIAN_POINT ( 'NONE',  ( 5.139158896746678806, 4.094509251587710175, -0.4032590900738705630 ) ) ;
#1628 = CARTESIAN_POINT ( 'NONE',  ( -3.735361225126883067, 5.060851998566592513, -0.6761567559556077578 ) ) ;
#1629 = DIRECTION ( 'NONE',  ( 1.000000000000000000, 1.734723475976808080E-16, 0.000000000000000000 ) ) ;
#1630 = ORIENTED_EDGE ( 'NONE', *, *, #391, .F. ) ;
#1631 = B_SPLINE_CURVE_WITH_KNOTS ( 'NONE', 3,
 ( #790, #309, #287, #1807, #438, #946, #488, #1628, #810, #1600, #971, #1613 ),
 .UNSPECIFIED., .F., .F.,
 ( 4, 2, 2, 2, 2, 4 ),
 ( 0.000000000000000000, 0.0005539243165105058649, 0.001107848633021011730, 0.001384810791276264337, 0.001661772949531517161, 0.002215697266042022592 ),
 .UNSPECIFIED. ) ;
#1632 = CARTESIAN_POINT ( 'NONE',  ( 5.191555190514166362, 4.921901062393996718, 0.4362793737342479661 ) ) ;
#1633 = ORIENTED_EDGE ( 'NONE', *, *, #807, .T. ) ;
#1634 = CARTESIAN_POINT ( 'NONE',  ( -4.050000000000001599, 8.673617379884035472E-16, 0.000000000000000000 ) ) ;
#1635 = CARTESIAN_POINT ( 'NONE',  ( -5.180042522999783612E-16, 11.75000000000000000, 3.750000000000000000 ) ) ;
#1636 = VERTEX_POINT ( 'NONE', #996 ) ;
#1637 = DIRECTION ( 'NONE',  ( -3.250504491911154328E-16, -1.000000000000000000, 0.000000000000000000 ) ) ;
#1638 = ORIENTED_EDGE ( 'NONE', *, *, #631, .F. ) ;
#1639 =( BOUNDED_SURFACE ( )  B_SPLINE_SURFACE ( 3, 2, ( 
 ( #1205, #237, #1091 ),
 ( #93, #1558, #1585 ),
 ( #268, #1774, #2103 ),
 ( #569, #929, #1594 ),
 ( #1895, #79, #101 ),
 ( #1743, #769, #69 ),
 ( #900, #388, #1763 ),
 ( #1214, #1902, #2069 ),
 ( #599, #1051, #752 ),
 ( #1566, #254, #397 ) ),
 .UNSPECIFIED., .F., .F., .F. ) 
 B_SPLINE_SURFACE_WITH_KNOTS ( ( 4, 2, 2, 2, 4 ),
 ( 3, 3 ),
 ( 0.000000000000000000, 0.0005092210110230244212, 0.001018442022046048842, 0.001527663033069073372, 0.002036884044092097685 ),
 ( 0.000000000000000000, 1.000000000000000000 ),
 .UNSPECIFIED. ) 
 GEOMETRIC_REPRESENTATION_ITEM ( )  RATIONAL_B_SPLINE_SURFACE ( (
 ( 1.000000000000000000, 0.9214563587578515902, 1.000000000000000000),
 ( 1.000000000000000000, 0.9214606929940708513, 1.000000000000000000),
 ( 1.000000000000000000, 0.9180338531475903396, 1.000000000000000000),
 ( 1.000000000000000000, 0.9058400591726635254, 1.000000000000000000),
 ( 1.000000000000000000, 0.8974102167168622746, 1.000000000000000000),
 ( 1.000000000000000000, 0.8785558488578675274, 1.000000000000000000),
 ( 1.000000000000000000, 0.8684752034490968997, 1.000000000000000000),
 ( 1.000000000000000000, 0.8495293022159550178, 1.000000000000000000),
 ( 1.000000000000000000, 0.8408033721498938684, 1.000000000000000000),
 ( 1.000000000000000000, 0.8342878052628782681, 1.000000000000000000) ) ) 
 REPRESENTATION_ITEM ( '' )  SURFACE ( )  );
#1640 = DIRECTION ( 'NONE',  ( 0.000000000000000000, 1.000000000000000000, 0.000000000000000000 ) ) ;
#1641 = DIRECTION ( 'NONE',  ( 1.000000000000000000, -1.652117596168388002E-16, 0.000000000000000000 ) ) ;
#1642 = ORIENTED_EDGE ( 'NONE', *, *, #1043, .F. ) ;
#1643 = CARTESIAN_POINT ( 'NONE',  ( 5.838867550688997099, 5.321859817792140568, 0.5187671820157372382 ) ) ;
#1644 = EDGE_CURVE ( 'NONE', #992, #1636, #2121, .T. ) ;
#1645 = DIRECTION ( 'NONE',  ( -0.000000000000000000, 0.000000000000000000, 1.000000000000000000 ) ) ;
#1646 = EDGE_CURVE ( 'NONE', #957, #2135, #784, .T. ) ;
#1647 = CARTESIAN_POINT ( 'NONE',  ( 5.151767635429068903, 5.213583820166237004, 1.247518920059813796 ) ) ;
#1648 = EDGE_CURVE ( 'NONE', #2073, #226, #24, .T. ) ;
#1649 = LINE ( 'NONE', #348, #470 ) ;
#1650 = CARTESIAN_POINT ( 'NONE',  ( 5.100000000000004086, 4.000000000000000000, 0.000000000000000000 ) ) ;
#1651 = FACE_OUTER_BOUND ( 'NONE', #2021, .T. ) ;
#1652 = TOROIDAL_SURFACE ( 'NONE', #982, 0.3017302736884315273, 0.1000000000000000056 ) ;
#1653 = ORIENTED_EDGE ( 'NONE', *, *, #2139, .F. ) ;
#1654 = VECTOR ( 'NONE', #1950, 1000.000000000000114 ) ;
#1655 = VERTEX_POINT ( 'NONE', #1320 ) ;
#1656 = CARTESIAN_POINT ( 'NONE',  ( 5.687639447852723684, 4.076264727241535546, -1.554136101213656085 ) ) ;
#1657 = AXIS2_PLACEMENT_3D ( 'NONE', #1961, #967, #639 ) ;
#1658 = B_SPLINE_CURVE_WITH_KNOTS ( 'NONE', 3,
 ( #1978, #1448, #479, #310, #623, #2133, #464, #1809 ),
 .UNSPECIFIED., .F., .F.,
 ( 4, 2, 2, 4 ),
 ( 0.0003340963637985450889, 0.0006727465784350030202, 0.001011396793071460843, 0.001688697222344376705 ),
 .UNSPECIFIED. ) ;
#1659 = CIRCLE ( 'NONE', #818, 1.259999999999999787 ) ;
#1660 = CARTESIAN_POINT ( 'NONE',  ( -5.100000000000004086, 4.094383377677430325, 0.4015724168629727919 ) ) ;
#1661 = AXIS2_PLACEMENT_3D ( 'NONE', #1460, #1302, #2142 ) ;
#1662 = B_SPLINE_CURVE_WITH_KNOTS ( 'NONE', 3,
 ( #2079, #246, #418, #1395 ),
 .UNSPECIFIED., .F., .F.,
 ( 4, 4 ),
 ( 0.0001444888910821693316, 0.0001588283684877691247 ),
 .UNSPECIFIED. ) ;
#1663 = CARTESIAN_POINT ( 'NONE',  ( -4.651067786558675365, 4.952782251087773702, 0.3172612239725002281 ) ) ;
#1664 = ORIENTED_EDGE ( 'NONE', *, *, #1344, .T. ) ;
#1665 =( NAMED_UNIT ( * ) PLANE_ANGLE_UNIT ( ) SI_UNIT ( $, .RADIAN. ) );
#1666 = CARTESIAN_POINT ( 'NONE',  ( -5.196459602618409335, 4.096096291000757894, 0.3929596459551139565 ) ) ;
#1667 = CARTESIAN_POINT ( 'NONE',  ( -6.300000000000000711, 11.75000000000000000, 2.490000000000000213 ) ) ;
#1668 = VERTEX_POINT ( 'NONE', #2029 ) ;
#1669 = EDGE_LOOP ( 'NONE', ( #2091, #235, #1733, #1934 ) ) ;
#1670 = DIRECTION ( 'NONE',  ( -1.734723475976807094E-16, -1.000000000000000000, 0.000000000000000000 ) ) ;
#1671 = CARTESIAN_POINT ( 'NONE',  ( 4.892001401296709240, 4.088540578590018626, -0.3438615179529683208 ) ) ;
#1672 = ADVANCED_FACE ( 'NONE', ( #167 ), #614, .T. ) ;
#1673 = DIRECTION ( 'NONE',  ( 0.000000000000000000, -1.000000000000000000, 0.000000000000000000 ) ) ;
#1674 = ORIENTED_EDGE ( 'NONE', *, *, #1233, .F. ) ;
#1675 = ORIENTED_EDGE ( 'NONE', *, *, #631, .T. ) ;
#1676 = CYLINDRICAL_SURFACE ( 'NONE', #608, 0.2999999999999999334 ) ;
#1677 = ORIENTED_EDGE ( 'NONE', *, *, #258, .T. ) ;
#1678 = PRODUCT_DEFINITION ( 'UNKNOWN', '', #2053, #291 ) ;
#1679 = CARTESIAN_POINT ( 'NONE',  ( -5.100000000000004086, 4.094383377677430325, 0.4015724168629727919 ) ) ;
#1680 = DIRECTION ( 'NONE',  ( -1.000000000000000000, 0.000000000000000000, 0.000000000000000000 ) ) ;
#1681 = ADVANCED_FACE ( 'NONE', ( #1688 ), #1269, .F. ) ;
#1682 = VERTEX_POINT ( 'NONE', #229 ) ;
#1683 = CARTESIAN_POINT ( 'NONE',  ( -4.458771631640131794, 4.995207826658536021, -0.08682479323877929922 ) ) ;
#1684 = ADVANCED_FACE ( 'NONE', ( #73 ), #43, .T. ) ;
#1685 = CARTESIAN_POINT ( 'NONE',  ( -5.323906073479442114, 4.150720005147525704, 0.3457897892961771524 ) ) ;
#1686 = CARTESIAN_POINT ( 'NONE',  ( -5.242076628743369326, 4.098254759356271038, -0.3757515236181594998 ) ) ;
#1687 = EDGE_LOOP ( 'NONE', ( #1761, #80, #1485, #486, #1105, #1171 ) ) ;
#1688 = FACE_OUTER_BOUND ( 'NONE', #1491, .T. ) ;
#1689 = PRESENTATION_STYLE_ASSIGNMENT (( #150 ) ) ;
#1690 = ORIENTED_EDGE ( 'NONE', *, *, #855, .F. ) ;
#1691 = CARTESIAN_POINT ( 'NONE',  ( -5.100000000000004086, 4.000000000000000888, 0.000000000000000000 ) ) ;
#1692 = VERTEX_POINT ( 'NONE', #539 ) ;
#1693 = CARTESIAN_POINT ( 'NONE',  ( -4.447523014546582942, 5.000000000000000888, 6.094744334799944202E-17 ) ) ;
#1694 = CIRCLE ( 'NONE', #360, 0.3000000000000000999 ) ;
#1695 = CARTESIAN_POINT ( 'NONE',  ( 3.450000000000001066, 8.673617379884035472E-16, 3.673940397442067510E-17 ) ) ;
#1696 = CARTESIAN_POINT ( 'NONE',  ( 5.040000000000001812, 6.260000000000000675, 0.000000000000000000 ) ) ;
#1697 = CIRCLE ( 'NONE', #650, 1.260000000000000009 ) ;
#1698 = ORIENTED_EDGE ( 'NONE', *, *, #1123, .F. ) ;
#1699 = ADVANCED_FACE ( 'NONE', ( #392 ), #1158, .T. ) ;
#1700 = CIRCLE ( 'NONE', #756, 0.3000000000000007661 ) ;
#1701 = DIRECTION ( 'NONE',  ( 1.000000000000000000, 1.652117596168388002E-16, -0.000000000000000000 ) ) ;
#1702 = ADVANCED_FACE ( 'NONE', ( #2084 ), #586, .F. ) ;
#1703 = VERTEX_POINT ( 'NONE', #1231 ) ;
#1704 = CIRCLE ( 'NONE', #2090, 0.3000000000000007661 ) ;
#1705 = CARTESIAN_POINT ( 'NONE',  ( 6.299999999999999822, 15.50000000000000000, 3.750000000000000000 ) ) ;
#1706 = CARTESIAN_POINT ( 'NONE',  ( -5.242076628743797428, 4.098254759356271038, 0.3757515236179974627 ) ) ;
#1707 = FACE_OUTER_BOUND ( 'NONE', #83, .T. ) ;
#1708 = EDGE_CURVE ( 'NONE', #1134, #1016, #380, .T. ) ;
#1709 = VERTEX_POINT ( 'NONE', #911 ) ;
#1710 = CARTESIAN_POINT ( 'NONE',  ( -4.807818128993099904, 0.4858855034037044551, 0.000000000000000000 ) ) ;
#1711 = CARTESIAN_POINT ( 'NONE',  ( -5.400000000000003020, 1.331608862111025582, 0.000000000000000000 ) ) ;
#1712 = CARTESIAN_POINT ( 'NONE',  ( 5.242076628743797428, 4.098254759356271038, 0.3757515236179974627 ) ) ;
#1713 = CARTESIAN_POINT ( 'NONE',  ( -5.363819723926373406, 5.231735654046704376, -1.169912567691490324 ) ) ;
#1714 = ADVANCED_FACE ( 'NONE', ( #413 ), #1079, .T. ) ;
#1715 = CARTESIAN_POINT ( 'NONE',  ( -5.180042522999783612E-16, 11.75000000000000000, 0.000000000000000000 ) ) ;
#1716 = B_SPLINE_CURVE_WITH_KNOTS ( 'NONE', 3,
 ( #1706, #1666, #1527, #1679 ),
 .UNSPECIFIED., .F., .F.,
 ( 4, 4 ),
 ( 0.000000000000000000, 0.0001444888910821693316 ),
 .UNSPECIFIED. ) ;
#1717 = CARTESIAN_POINT ( 'NONE',  ( 5.400000000000003020, 1.331608862111025582, 0.000000000000000000 ) ) ;
#1718 = ORIENTED_EDGE ( 'NONE', *, *, #1648, .T. ) ;
#1719 = CARTESIAN_POINT ( 'NONE',  ( -4.828777290105700892, 5.209369264577099479, -1.235504859380643472 ) ) ;
#1720 = B_SPLINE_CURVE_WITH_KNOTS ( 'NONE', 3,
 ( #1128, #766, #615, #1791, #1780, #1597, #954, #105 ),
 .UNSPECIFIED., .F., .F.,
 ( 4, 2, 2, 4 ),
 ( 0.0003340963637985450889, 0.0006727465784350030202, 0.001011396793071460843, 0.001688697222344376705 ),
 .UNSPECIFIED. ) ;
#1721 = CARTESIAN_POINT ( 'NONE',  ( -5.100000000000003197, 1.331608862111025582, 0.000000000000000000 ) ) ;
#1722 =( BOUNDED_SURFACE ( )  B_SPLINE_SURFACE ( 3, 2, ( 
 ( #133, #802, #825 ),
 ( #481, #1603, #1438 ),
 ( #793, #2127, #1275 ),
 ( #1823, #1958, #1798 ) ),
 .UNSPECIFIED., .F., .F., .F. ) 
 B_SPLINE_SURFACE_WITH_KNOTS ( ( 4, 4 ),
 ( 3, 3 ),
 ( -9.757819552369539906E-19, 0.0006586940398114662226 ),
 ( 0.000000000000000000, 1.000000000000000000 ),
 .UNSPECIFIED. ) 
 GEOMETRIC_REPRESENTATION_ITEM ( )  RATIONAL_B_SPLINE_SURFACE ( (
 ( 1.000000000000000000, 0.8342878052629746355, 1.000000000000000000),
 ( 1.000000000000000000, 0.8321077587462571978, 1.000000000000000000),
 ( 1.000000000000000000, 0.8313093838193483798, 1.000000000000000000),
 ( 1.000000000000000000, 0.8318879372043243015, 1.000000000000000000) ) ) 
 REPRESENTATION_ITEM ( '' )  SURFACE ( )  );
#1723 = CARTESIAN_POINT ( 'NONE',  ( -5.040000000000000924, 8.750000000000000000, 0.000000000000000000 ) ) ;
#1724 = ORIENTED_EDGE ( 'NONE', *, *, #1183, .F. ) ;
#1725 = DIRECTION ( 'NONE',  ( -1.000000000000000000, 0.000000000000000000, 0.000000000000000000 ) ) ;
#1726 = CARTESIAN_POINT ( 'NONE',  ( -5.040000000000000924, 8.750000000000000000, 2.490000000000000213 ) ) ;
#1727 = EDGE_CURVE ( 'NONE', #1532, #678, #432, .T. ) ;
#1728 = ORIENTED_EDGE ( 'NONE', *, *, #1529, .T. ) ;
#1729 = CARTESIAN_POINT ( 'NONE',  ( 6.300000000000000711, 11.75000000000000000, 0.000000000000000000 ) ) ;
#1730 = VECTOR ( 'NONE', #1637, 1000.000000000000000 ) ;
#1731 = DIRECTION ( 'NONE',  ( 0.000000000000000000, -1.000000000000000000, 0.000000000000000000 ) ) ;
#1732 = CARTESIAN_POINT ( 'NONE',  ( 5.100000000000004086, 4.000000000000000888, 0.000000000000000000 ) ) ;
#1733 = ORIENTED_EDGE ( 'NONE', *, *, #258, .F. ) ;
#1734 = AXIS2_PLACEMENT_3D ( 'NONE', #739, #1392, #913 ) ;
#1735 = AXIS2_PLACEMENT_3D ( 'NONE', #1244, #116, #1815 ) ;
#1736 = CARTESIAN_POINT ( 'NONE',  ( -3.791728493143654788, 5.073064112164669126, 0.7397530731780952440 ) ) ;
#1737 = AXIS2_PLACEMENT_3D ( 'NONE', #1862, #1996, #507 ) ;
#1738 = MANIFOLD_SOLID_BREP ( 'Combine2', #1017 ) ;
#1739 = CARTESIAN_POINT ( 'NONE',  ( 4.548978147444254994, 4.970419024326583113, 0.2252634741155080944 ) ) ;
#1740 = AXIS2_PLACEMENT_3D ( 'NONE', #696, #1523, #1673 ) ;
#1741 = CIRCLE ( 'NONE', #956, 0.9000000000000005773 ) ;
#1742 = VERTEX_POINT ( 'NONE', #782 ) ;
#1743 = CARTESIAN_POINT ( 'NONE',  ( -5.409071170521298377, 4.266857679008069226, -0.2643592957464126481 ) ) ;
#1744 = CARTESIAN_POINT ( 'NONE',  ( 5.134950803831263677, 4.922097930325157300, 0.4316310926344767984 ) ) ;
#1745 = CARTESIAN_POINT ( 'NONE',  ( 5.517080212218333557, 4.978524702633301047, 0.000000000000000000 ) ) ;
#1746 = B_SPLINE_CURVE_WITH_KNOTS ( 'NONE', 3,
 ( #1712, #201, #870, #489 ),
 .UNSPECIFIED., .F., .F.,
 ( 4, 4 ),
 ( 0.000000000000000000, 0.0001444888910821693316 ),
 .UNSPECIFIED. ) ;
#1747 = ORIENTED_EDGE ( 'NONE', *, *, #63, .F. ) ;
#1748 = CARTESIAN_POINT ( 'NONE',  ( 5.100000000000004086, 4.000000000000000000, 0.000000000000000000 ) ) ;
#1749 = B_SPLINE_CURVE_WITH_KNOTS ( 'NONE', 3,
 ( #354, #1464, #682, #209, #1330, #190, #1685, #860 ),
 .UNSPECIFIED., .F., .F.,
 ( 4, 2, 2, 4 ),
 ( 0.000000000000000000, 0.0001531545404185730554, 0.0003063090808371461107, 0.0006126181616742910289 ),
 .UNSPECIFIED. ) ;
#1750 = CARTESIAN_POINT ( 'NONE',  ( 4.447523014546574949, 4.999999999999999112, 1.757580692715952476E-16 ) ) ;
#1751 = ORIENTED_EDGE ( 'NONE', *, *, #2026, .F. ) ;
#1752 = VERTEX_POINT ( 'NONE', #2096 ) ;
#1753 = CARTESIAN_POINT ( 'NONE',  ( -4.741665012493274212, 4.077875370098880126, -0.2040195134396822485 ) ) ;
#1754 = EDGE_CURVE ( 'NONE', #992, #831, #922, .T. ) ;
#1755 = VERTEX_POINT ( 'NONE', #127 ) ;
#1756 = CARTESIAN_POINT ( 'NONE',  ( 5.040000000000000036, 14.23999999999999844, 0.000000000000000000 ) ) ;
#1757 = EDGE_CURVE ( 'NONE', #524, #1668, #1982, .T. ) ;
#1758 = CARTESIAN_POINT ( 'NONE',  ( 3.750000000000001776, -5.000000000000000000, 0.000000000000000000 ) ) ;
#1759 = DIRECTION ( 'NONE',  ( -1.652117596168388002E-16, -1.000000000000000000, 0.000000000000000000 ) ) ;
#1760 = CARTESIAN_POINT ( 'NONE',  ( 3.791728493143654788, 5.073064112164669126, 0.7397530731780952440 ) ) ;
#1761 = ORIENTED_EDGE ( 'NONE', *, *, #1917, .T. ) ;
#1762 = VERTEX_POINT ( 'NONE', #1779 ) ;
#1763 = CARTESIAN_POINT ( 'NONE',  ( -5.648461409920147780, 5.274232902953823299, -0.9236741119594471527 ) ) ;
#1764 = PLANE ( 'NONE',  #1548 ) ;
#1765 = AXIS2_PLACEMENT_3D ( 'NONE', #86, #75, #1921 ) ;
#1766 = AXIS2_PLACEMENT_3D ( 'NONE', #1721, #2034, #551 ) ;
#1767 = CARTESIAN_POINT ( 'NONE',  ( 5.040000000000001812, 5.211416863654342535, -1.241341768881609742 ) ) ;
#1768 = DIRECTION ( 'NONE',  ( 1.000000000000000000, -1.652117596168388002E-16, 0.000000000000000000 ) ) ;
#1769 = EDGE_CURVE ( 'NONE', #1230, #1557, #1659, .T. ) ;
#1770 = CIRCLE ( 'NONE', #1979, 1.260000000000000009 ) ;
#1771 = EDGE_LOOP ( 'NONE', ( #968, #236, #1201, #10, #577 ) ) ;
#1772 = AXIS2_PLACEMENT_3D ( 'NONE', #1367, #442, #923 ) ;
#1773 = DIRECTION ( 'NONE',  ( 0.9992355077633773286, 0.01294132128213506573, -0.03689067942364489261 ) ) ;
#1774 = CARTESIAN_POINT ( 'NONE',  ( -5.500343786982403671, 4.973394689273184177, -0.1462463312840555363 ) ) ;
#1775 =( GEOMETRIC_REPRESENTATION_CONTEXT ( 3 ) GLOBAL_UNCERTAINTY_ASSIGNED_CONTEXT ( ( #114 ) ) GLOBAL_UNIT_ASSIGNED_CONTEXT ( ( #866, #197, #1179 ) ) REPRESENTATION_CONTEXT ( 'NONE', 'WORKASPACE' ) );
#1776 = AXIS2_PLACEMENT_3D ( 'NONE', #552, #902, #1046 ) ;
#1777 = CARTESIAN_POINT ( 'NONE',  ( 5.100000000000004086, 4.094383377677430325, 0.4015724168629727919 ) ) ;
#1778 = MANIFOLD_SOLID_BREP ( 'Sweep3', #178 ) ;
#1779 = CARTESIAN_POINT ( 'NONE',  ( 5.400000000000003908, 4.000000000000000888, 0.000000000000000000 ) ) ;
#1780 = CARTESIAN_POINT ( 'NONE',  ( -5.743132685631708867, 5.295777647125251342, 0.7666002513506502414 ) ) ;
#1781 = FACE_OUTER_BOUND ( 'NONE', #1149, .T. ) ;
#1782 = ORIENTED_EDGE ( 'NONE', *, *, #1209, .F. ) ;
#1783 = ADVANCED_FACE ( 'NONE', ( #1087 ), #1481, .F. ) ;
#1784 = CARTESIAN_POINT ( 'NONE',  ( -3.486782021451171776, 3.740000000000001101, 0.000000000000000000 ) ) ;
#1785 = CARTESIAN_POINT ( 'NONE',  ( -5.040000000000002700, 4.022452929842200930, -1.658432603225830970 ) ) ;
#1786 = CARTESIAN_POINT ( 'NONE',  ( 5.501154020063285799, 4.432063813237514971, -0.08300742115546740074 ) ) ;
#1787 = ORIENTED_EDGE ( 'NONE', *, *, #662, .F. ) ;
#1788 = VERTEX_POINT ( 'NONE', #1824 ) ;
#1789 = CARTESIAN_POINT ( 'NONE',  ( 5.315347198623923575, 4.933458004358719506, 0.3939129833061810193 ) ) ;
#1790 = ADVANCED_FACE ( 'NONE', ( #26 ), #365, .T. ) ;
#1791 = CARTESIAN_POINT ( 'NONE',  ( -5.688477073785794147, 5.282551213335603180, 0.8664635173988798345 ) ) ;
#1792 = DIRECTION ( 'NONE',  ( 0.9264986421822359874, 0.1440535396295502812, -0.3476332028944744690 ) ) ;
#1793 = ORIENTED_EDGE ( 'NONE', *, *, #712, .F. ) ;
#1794 = DIRECTION ( 'NONE',  ( 0.000000000000000000, 0.000000000000000000, 1.000000000000000000 ) ) ;
#1795 = DIRECTION ( 'NONE',  ( 0.9992355077633773286, -0.01294132128213506573, 0.03689067942364489261 ) ) ;
#1796 = DIRECTION ( 'NONE',  ( 3.250504491911154328E-16, -1.000000000000000000, 0.000000000000000000 ) ) ;
#1797 = EDGE_CURVE ( 'NONE', #1884, #1557, #1551, .T. ) ;
#1798 = CARTESIAN_POINT ( 'NONE',  ( -5.085481290153312628, 4.094298009547205908, 0.4013050294423630704 ) ) ;
#1799 =( NAMED_UNIT ( * ) SI_UNIT ( $, .STERADIAN. ) SOLID_ANGLE_UNIT ( ) );
#1800 = ORIENTED_EDGE ( 'NONE', *, *, #1797, .F. ) ;
#1801 = EDGE_CURVE ( 'NONE', #809, #1884, #1266, .T. ) ;
#1802 = DIRECTION ( 'NONE',  ( 0.9264986421822359874, -0.1440535396295502812, 0.3476332028944744690 ) ) ;
#1803 = CARTESIAN_POINT ( 'NONE',  ( -5.100000000000004086, 4.000000000000000000, 0.000000000000000000 ) ) ;
#1804 = MECHANICAL_DESIGN_GEOMETRIC_PRESENTATION_REPRESENTATION (  '', ( #426 ), #18 ) ;
#1805 = VERTEX_POINT ( 'NONE', #834 ) ;
#1806 = DIRECTION ( 'NONE',  ( 0.000000000000000000, 0.000000000000000000, -1.000000000000000000 ) ) ;
#1807 = CARTESIAN_POINT ( 'NONE',  ( -4.321775668155748207, 5.165189944711632286, -1.102138524279035581 ) ) ;
#1808 = CIRCLE ( 'NONE', #50, 1.259999999999999787 ) ;
#1809 = CARTESIAN_POINT ( 'NONE',  ( 5.903808704339558844, 5.342702598767872679, 0.000000000000000000 ) ) ;
#1810 = VERTEX_POINT ( 'NONE', #2001 ) ;
#1811 = VECTOR ( 'NONE', #1670, 1000.000000000000000 ) ;
#1812 = DIRECTION ( 'NONE',  ( -0.000000000000000000, 1.000000000000000000, -0.000000000000000000 ) ) ;
#1813 = CIRCLE ( 'NONE', #1881, 1.259999999999999787 ) ;
#1814 = EDGE_CURVE ( 'NONE', #2135, #957, #2013, .T. ) ;
#1815 = DIRECTION ( 'NONE',  ( 0.000000000000000000, 0.000000000000000000, -1.000000000000000000 ) ) ;
#1816 = CARTESIAN_POINT ( 'NONE',  ( -3.586944327152831846, 5.025813136373839640, 0.4462666532230745720 ) ) ;
#1817 = EDGE_LOOP ( 'NONE', ( #1204, #519, #446, #1502 ) ) ;
#1818 = ORIENTED_EDGE ( 'NONE', *, *, #465, .F. ) ;
#1819 = DIRECTION ( 'NONE',  ( 1.000000000000000000, -1.652117596168388002E-16, 0.000000000000000000 ) ) ;
#1820 = FACE_OUTER_BOUND ( 'NONE', #1089, .T. ) ;
#1821 = LINE ( 'NONE', #1291, #617 ) ;
#1822 = ORIENTED_EDGE ( 'NONE', *, *, #1451, .T. ) ;
#1823 = CARTESIAN_POINT ( 'NONE',  ( -5.040000000000008917, 5.211416863654492637, 1.241341768882055163 ) ) ;
#1824 = CARTESIAN_POINT ( 'NONE',  ( 6.300000000000000711, 8.750000000000000000, 2.490000000000000213 ) ) ;
#1825 = ADVANCED_FACE ( 'NONE', ( #528 ), #331, .T. ) ;
#1826 = CARTESIAN_POINT ( 'NONE',  ( -5.072860421234508976, 4.933392684206152623, 0.4488028424124692606 ) ) ;
#1827 = ORIENTED_EDGE ( 'NONE', *, *, #926, .F. ) ;
#1828 = DIRECTION ( 'NONE',  ( 0.000000000000000000, -1.000000000000000000, 0.000000000000000000 ) ) ;
#1829 = DIRECTION ( 'NONE',  ( -1.000000000000000000, 1.652117596168388002E-16, -0.000000000000000000 ) ) ;
#1830 = CARTESIAN_POINT ( 'NONE',  ( 5.242076628743369326, 4.098254759356271038, -0.3757515236181594998 ) ) ;
#1831 = CARTESIAN_POINT ( 'NONE',  ( 5.363819723927272243, 5.231735654046051565, 1.169912567690903460 ) ) ;
#1832 = CARTESIAN_POINT ( 'NONE',  ( -3.750000000000000888, 0.000000000000000000, 0.000000000000000000 ) ) ;
#1833 = CARTESIAN_POINT ( 'NONE',  ( -4.830565234856234014, 5.209386594458405462, 1.235554260140620197 ) ) ;
#1834 = AXIS2_PLACEMENT_3D ( 'NONE', #1954, #1090, #1806 ) ;
#1835 = EDGE_CURVE ( 'NONE', #737, #6, #1555, .T. ) ;
#1836 = SURFACE_SIDE_STYLE ('',( #999 ) ) ;
#1837 = DIRECTION ( 'NONE',  ( 0.000000000000000000, 0.000000000000000000, -1.000000000000000000 ) ) ;
#1838 = DIRECTION ( 'NONE',  ( 1.000000000000000000, 0.000000000000000000, 0.000000000000000000 ) ) ;
#1839 = ORIENTED_EDGE ( 'NONE', *, *, #1095, .T. ) ;
#1840 = EDGE_LOOP ( 'NONE', ( #2165, #351, #2042, #1012 ) ) ;
#1841 = CARTESIAN_POINT ( 'NONE',  ( -4.761427591989423114, 4.943077013225699368, -0.3772494254944436243 ) ) ;
#1842 = VECTOR ( 'NONE', #1518, 1000.000000000000114 ) ;
#1843 = PRESENTATION_LAYER_ASSIGNMENT (  '', '', ( #1372 ) ) ;
#1844 = CARTESIAN_POINT ( 'NONE',  ( -5.100000000000004086, 4.100000000000000533, 0.000000000000000000 ) ) ;
#1845 = PRESENTATION_LAYER_ASSIGNMENT (  '', '', ( #334 ) ) ;
#1846 = ADVANCED_FACE ( 'NONE', ( #1496 ), #483, .T. ) ;
#1847 = CARTESIAN_POINT ( 'NONE',  ( 5.040000000000008917, 5.211416863654492637, 1.241341768882055163 ) ) ;
#1848 = ORIENTED_EDGE ( 'NONE', *, *, #77, .F. ) ;
#1849 = DIRECTION ( 'NONE',  ( -2.312964634635742957E-16, -1.000000000000000000, 0.000000000000000000 ) ) ;
#1850 = DIRECTION ( 'NONE',  ( -0.000000000000000000, 1.000000000000000000, -0.000000000000000000 ) ) ;
#1851 = B_SPLINE_CURVE_WITH_KNOTS ( 'NONE', 3,
 ( #373, #1039, #1001, #162 ),
 .UNSPECIFIED., .F., .F.,
 ( 4, 4 ),
 ( 0.000000000000000000, 0.0003381959318274492510 ),
 .UNSPECIFIED. ) ;
#1852 = EDGE_CURVE ( 'NONE', #386, #1805, #1573, .T. ) ;
#1853 = ORIENTED_EDGE ( 'NONE', *, *, #530, .F. ) ;
#1854 = CARTESIAN_POINT ( 'NONE',  ( -5.040000000000000924, 11.75000000000000000, -2.490000000000000213 ) ) ;
#1855 = DIRECTION ( 'NONE',  ( 0.000000000000000000, 0.000000000000000000, -1.000000000000000000 ) ) ;
#1856 = CARTESIAN_POINT ( 'NONE',  ( 5.100000000000003197, 1.331608862111025582, 0.000000000000000000 ) ) ;
#1857 = DIRECTION ( 'NONE',  ( -1.000000000000000000, -1.652117596168388002E-16, 0.000000000000000000 ) ) ;
#1858 = EDGE_CURVE ( 'NONE', #6, #1987, #844, .T. ) ;
#1859 = EDGE_CURVE ( 'NONE', #1692, #2073, #1813, .T. ) ;
#1860 = CARTESIAN_POINT ( 'NONE',  ( 4.320540872172613511, 5.165052098264288460, 1.101703425512226886 ) ) ;
#1861 = ORIENTED_EDGE ( 'NONE', *, *, #744, .F. ) ;
#1862 = CARTESIAN_POINT ( 'NONE',  ( 0.000000000000000000, 8.750000000000000000, 0.000000000000000000 ) ) ;
#1863 = DIRECTION ( 'NONE',  ( 1.000000000000000000, 0.000000000000000000, 0.000000000000000000 ) ) ;
#1864 = VERTEX_POINT ( 'NONE', #983 ) ;
#1865 = CARTESIAN_POINT ( 'NONE',  ( -5.687639447852723684, 4.076264727241535546, -1.554136101213656085 ) ) ;
#1866 = ADVANCED_FACE ( 'NONE', ( #814 ), #859, .T. ) ;
#1867 = DIRECTION ( 'NONE',  ( 1.000000000000000000, -0.000000000000000000, 0.000000000000000000 ) ) ;
#1868 = CARTESIAN_POINT ( 'NONE',  ( -5.095160594074010341, 4.094345509601170718, 0.4015702865933780119 ) ) ;
#1869 = DIRECTION ( 'NONE',  ( 1.000000000000000000, -0.000000000000000000, 0.000000000000000000 ) ) ;
#1870 = PLANE ( 'NONE',  #1329 ) ;
#1871 = CARTESIAN_POINT ( 'NONE',  ( -5.139158896746678806, 4.094509251587710175, -0.4032590900738705630 ) ) ;
#1872 = ORIENTED_EDGE ( 'NONE', *, *, #1505, .F. ) ;
#1873 = CARTESIAN_POINT ( 'NONE',  ( -5.040000000000001812, 5.211416863654342535, -1.241341768881609742 ) ) ;
#1874 = PRESENTATION_LAYER_ASSIGNMENT (  '', '', ( #426 ) ) ;
#1875 = VECTOR ( 'NONE', #1045, 1000.000000000000000 ) ;
#1876 = CARTESIAN_POINT ( 'NONE',  ( 5.801828390701724736, 5.310889191934125897, -0.6317559743639368230 ) ) ;
#1877 = AXIS2_PLACEMENT_3D ( 'NONE', #661, #1812, #1285 ) ;
#1878 = AXIS2_PLACEMENT_3D ( 'NONE', #1854, #342, #513 ) ;
#1879 = DIRECTION ( 'NONE',  ( 0.000000000000000000, 1.000000000000000000, 0.000000000000000000 ) ) ;
#1880 = CIRCLE ( 'NONE', #1740, 2.489999999999999325 ) ;
#1881 = AXIS2_PLACEMENT_3D ( 'NONE', #1696, #1645, #145 ) ;
#1882 = CARTESIAN_POINT ( 'NONE',  ( -4.144787914004600005, 0.5638155724715463446, 0.000000000000000000 ) ) ;
#1883 = CARTESIAN_POINT ( 'NONE',  ( -5.242076628743476796, 4.098254759356255050, -0.3757515236188423979 ) ) ;
#1884 = VERTEX_POINT ( 'NONE', #1660 ) ;
#1885 = CARTESIAN_POINT ( 'NONE',  ( -4.780307868297758667, 4.080705828022975545, -0.2415133557803464392 ) ) ;
#1886 = PRODUCT_RELATED_PRODUCT_CATEGORY ( 'part', '', ( #942 ) ) ;
#1887 = CARTESIAN_POINT ( 'NONE',  ( -6.299999999999999822, 14.23999999999999844, 0.000000000000000000 ) ) ;
#1888 = CARTESIAN_POINT ( 'NONE',  ( 5.158276847429476675, 4.921681477293436302, -0.4354507523234505406 ) ) ;
#1889 = EDGE_LOOP ( 'NONE', ( #1326, #461 ) ) ;
#1890 = CARTESIAN_POINT ( 'NONE',  ( -3.855464638226817176, 5.086483235404859471, 0.8028590284822525458 ) ) ;
#1891 = EDGE_CURVE ( 'NONE', #562, #1762, #1097, .T. ) ;
#1892 = CARTESIAN_POINT ( 'NONE',  ( -0.000000000000000000, 8.750000000000000000, -3.750000000000000000 ) ) ;
#1893 = CARTESIAN_POINT ( 'NONE',  ( -5.903808700197093806, 5.342702594866958421, 0.1352660302985958518 ) ) ;
#1894 = EDGE_LOOP ( 'NONE', ( #1307, #307, #1027, #1653 ) ) ;
#1895 = CARTESIAN_POINT ( 'NONE',  ( -5.456699953987437901, 4.343607945891083233, -0.1981463814816641356 ) ) ;
#1896 = DIRECTION ( 'NONE',  ( 0.000000000000000000, -1.000000000000000000, -0.000000000000000000 ) ) ;
#1897 = DIRECTION ( 'NONE',  ( -0.9396926207859093161, -0.3420201433256661594, 0.000000000000000000 ) ) ;
#1898 = SURFACE_SIDE_STYLE ('',( #1379 ) ) ;
#1899 = CARTESIAN_POINT ( 'NONE',  ( -5.040000000000000924, 8.750000000000000000, 0.000000000000000000 ) ) ;
#1900 = CARTESIAN_POINT ( 'NONE',  ( -5.516709577790532393, 5.250819336489505496, 1.070437087759302575 ) ) ;
#1901 = ORIENTED_EDGE ( 'NONE', *, *, #238, .F. ) ;
#1902 = CARTESIAN_POINT ( 'NONE',  ( -5.191361368500388984, 4.921892192394194510, -0.4363056475740937357 ) ) ;
#1903 = EDGE_CURVE ( 'NONE', #549, #1618, #1160, .T. ) ;
#1904 = FACE_OUTER_BOUND ( 'NONE', #349, .T. ) ;
#1905 = CARTESIAN_POINT ( 'NONE',  ( 5.191361368500388984, 4.921892192394194510, -0.4363056475741077800 ) ) ;
#1906 = ORIENTED_EDGE ( 'NONE', *, *, #1971, .T. ) ;
#1907 = VECTOR ( 'NONE', #1499, 1000.000000000000000 ) ;
#1908 = CARTESIAN_POINT ( 'NONE',  ( -4.701836806836536375, 4.073529411764703845, 2.109905265687640306E-16 ) ) ;
#1909 = ADVANCED_FACE ( 'NONE', ( #1396 ), #1420, .F. ) ;
#1910 = CIRCLE ( 'NONE', #2012, 0.3017302736884315273 ) ;
#1911 = ADVANCED_FACE ( 'NONE', ( #1262 ), #1948, .T. ) ;
#1912 = DIRECTION ( 'NONE',  ( 1.000000000000000000, 0.000000000000000000, 0.000000000000000000 ) ) ;
#1913 = CARTESIAN_POINT ( 'NONE',  ( -5.315347198623923575, 4.933458004358719506, 0.3939129833061809638 ) ) ;
#1914 = AXIS2_PLACEMENT_3D ( 'NONE', #1577, #730, #873 ) ;
#1915 = AXIS2_PLACEMENT_3D ( 'NONE', #1723, #1568, #1104 ) ;
#1916 = ORIENTED_EDGE ( 'NONE', *, *, #1927, .T. ) ;
#1917 = EDGE_CURVE ( 'NONE', #1230, #1093, #230, .T. ) ;
#1918 = CARTESIAN_POINT ( 'NONE',  ( 4.701836806836542593, 4.073529411764705621, 0.000000000000000000 ) ) ;
#1919 = ORIENTED_EDGE ( 'NONE', *, *, #1386, .T. ) ;
#1920 = CARTESIAN_POINT ( 'NONE',  ( -4.752578616697157976, 4.078317174675326839, 0.1985935605446724761 ) ) ;
#1921 = DIRECTION ( 'NONE',  ( -1.000000000000000000, 0.000000000000000000, 0.000000000000000000 ) ) ;
#1922 = CARTESIAN_POINT ( 'NONE',  ( -5.401803656210778293, 4.948829463007365703, 0.3211078509713213847 ) ) ;
#1923 = VERTEX_POINT ( 'NONE', #439 ) ;
#1924 = ORIENTED_EDGE ( 'NONE', *, *, #915, .F. ) ;
#1925 = DIRECTION ( 'NONE',  ( 0.000000000000000000, -1.000000000000000000, 0.000000000000000000 ) ) ;
#1926 = ORIENTED_EDGE ( 'NONE', *, *, #744, .T. ) ;
#1927 = EDGE_CURVE ( 'NONE', #1709, #697, #1440, .T. ) ;
#1928 = CARTESIAN_POINT ( 'NONE',  ( 5.242076628743369326, 4.098254759356271038, -0.3757515236181594998 ) ) ;
#1929 = B_SPLINE_CURVE_WITH_KNOTS ( 'NONE', 3,
 ( #1918, #1409, #1215, #2104, #1252, #61 ),
 .UNSPECIFIED., .F., .F.,
 ( 4, 2, 4 ),
 ( 0.000000000000000000, 0.0003098744066939279054, 0.0006197488133878558108 ),
 .UNSPECIFIED. ) ;
#1930 = EDGE_LOOP ( 'NONE', ( #648, #1415, #45, #228 ) ) ;
#1931 = CARTESIAN_POINT ( 'NONE',  ( 3.637066157824554224, 5.037948721811958741, -0.5373138761390044982 ) ) ;
#1932 = LINE ( 'NONE', #924, #1614 ) ;
#1933 = CARTESIAN_POINT ( 'NONE',  ( 4.510777468634759479, 4.979475696317627431, 0.1784631699265185334 ) ) ;
#1934 = ORIENTED_EDGE ( 'NONE', *, *, #1858, .F. ) ;
#1935 = FACE_OUTER_BOUND ( 'NONE', #2008, .T. ) ;
#1936 = CARTESIAN_POINT ( 'NONE',  ( -5.363819723926373406, 5.231735654046704376, -1.169912567691490324 ) ) ;
#1937 = ORIENTED_EDGE ( 'NONE', *, *, #1754, .F. ) ;
#1938 = CARTESIAN_POINT ( 'NONE',  ( 4.780307868297758667, 4.080705828022975545, -0.2415133557803464392 ) ) ;
#1939 = CIRCLE ( 'NONE', #2007, 2.490000000000000213 ) ;
#1940 = ADVANCED_FACE ( 'NONE', ( #704 ), #1545, .T. ) ;
#1941 = CIRCLE ( 'NONE', #984, 1.260000000000000231 ) ;
#1942 = DIRECTION ( 'NONE',  ( 0.000000000000000000, -1.000000000000000000, 0.000000000000000000 ) ) ;
#1943 = CARTESIAN_POINT ( 'NONE',  ( 3.486782021451171776, 3.740000000000001101, 0.000000000000000000 ) ) ;
#1944 = AXIS2_PLACEMENT_3D ( 'NONE', #1953, #459, #1271 ) ;
#1945 = MECHANICAL_DESIGN_GEOMETRIC_PRESENTATION_REPRESENTATION (  '', ( #725 ), #2088 ) ;
#1946 = CARTESIAN_POINT ( 'NONE',  ( 4.671275924569046722, 5.199330964433146463, -1.207609978040632859 ) ) ;
#1947 = CARTESIAN_POINT ( 'NONE',  ( 4.705212085995400528, 0.7677932896394774609, 0.000000000000000000 ) ) ;
#1948 = CYLINDRICAL_SURFACE ( 'NONE', #1776, 1.259999999999999787 ) ;
#1949 = ORIENTED_EDGE ( 'NONE', *, *, #1453, .T. ) ;
#1950 = DIRECTION ( 'NONE',  ( -0.9396926207859097602, -0.3420201433256649937, 0.000000000000000000 ) ) ;
#1951 = EDGE_CURVE ( 'NONE', #1682, #723, #368, .T. ) ;
#1952 = CARTESIAN_POINT ( 'NONE',  ( -5.100000000000004086, 4.100000000000000533, -0.3017302736884315273 ) ) ;
#1953 = CARTESIAN_POINT ( 'NONE',  ( 5.100000000000004086, 4.000000000000000888, 0.000000000000000000 ) ) ;
#1954 = CARTESIAN_POINT ( 'NONE',  ( 5.040000000000000924, 11.75000000000000000, 2.490000000000000213 ) ) ;
#1955 = EDGE_LOOP ( 'NONE', ( #311, #534, #741, #2036, #54 ) ) ;
#1956 =( BOUNDED_SURFACE ( )  B_SPLINE_SURFACE ( 3, 2, ( 
 ( #170, #1169, #839 ),
 ( #30, #1147, #689 ),
 ( #700, #1348, #1554 ),
 ( #1393, #906, #415 ),
 ( #588, #1203, #575 ),
 ( #1402, #1571, #914 ),
 ( #76, #1739, #1760 ),
 ( #1581, #1933, #2077 ),
 ( #732, #407, #87 ),
 ( #1211, #2067, #232 ),
 ( #1072, #2099, #1382 ),
 ( #557, #1750, #251 ) ),
 .UNSPECIFIED., .F., .F., .F. ) 
 B_SPLINE_SURFACE_WITH_KNOTS ( ( 4, 2, 2, 2, 2, 4 ),
 ( 3, 3 ),
 ( 0.003950949931132871802, 0.004582208014904689403, 0.005213466098676506136, 0.005529095140562415370, 0.005844724182448323736, 0.006475982266220141337 ),
 ( 0.000000000000000000, 1.000000000000000000 ),
 .UNSPECIFIED. ) 
 GEOMETRIC_REPRESENTATION_ITEM ( )  RATIONAL_B_SPLINE_SURFACE ( (
 ( 1.000000000000000000, 0.8318879372043915810, 1.000000000000000000),
 ( 1.000000000000000000, 0.8315871643712013928, 1.000000000000000000),
 ( 1.000000000000000000, 0.8291984152597676738, 1.000000000000000000),
 ( 1.000000000000000000, 0.8220124085712706696, 1.000000000000000000),
 ( 1.000000000000000000, 0.8171548545346372094, 1.000000000000000000),
 ( 1.000000000000000000, 0.8101375265206025578, 1.000000000000000000),
 ( 1.000000000000000000, 0.8078066978454714331, 1.000000000000000000),
 ( 1.000000000000000000, 0.8035919925419534593, 1.000000000000000000),
 ( 1.000000000000000000, 0.8017078032880575744, 1.000000000000000000),
 ( 1.000000000000000000, 0.7969919796167724835, 1.000000000000000000),
 ( 1.000000000000000000, 0.7951646757881241090, 1.000000000000000000),
 ( 1.000000000000000000, 0.7952062255644570810, 1.000000000000000000) ) ) 
 REPRESENTATION_ITEM ( '' )  SURFACE ( )  );
#1957 = CARTESIAN_POINT ( 'NONE',  ( 4.701836806836542593, 4.073529411764705621, 0.000000000000000000 ) ) ;
#1958 = CARTESIAN_POINT ( 'NONE',  ( -5.072860421234495654, 4.933392684206399537, 0.4488028424127257776 ) ) ;
#1959 = CARTESIAN_POINT ( 'NONE',  ( 4.831527358453593379, 4.084678440257818899, -0.2983549010433985682 ) ) ;
#1960 = CARTESIAN_POINT ( 'NONE',  ( 6.300000000000000711, 11.75000000000000000, 0.000000000000000000 ) ) ;
#1961 = CARTESIAN_POINT ( 'NONE',  ( -6.767617408679115876, 4.425405197535743795, 0.000000000000000000 ) ) ;
#1962 = CARTESIAN_POINT ( 'NONE',  ( 5.242076628743476796, 4.098254759356255050, -0.3757515236188423979 ) ) ;
#1963 = CARTESIAN_POINT ( 'NONE',  ( 4.882538563537022647, 4.088549798526935675, 0.3522116264209402270 ) ) ;
#1964 = CARTESIAN_POINT ( 'NONE',  ( 5.448996599824235787, 4.330377925012389717, -0.2102934237649027593 ) ) ;
#1965 = ORIENTED_EDGE ( 'NONE', *, *, #1859, .F. ) ;
#1966 = CARTESIAN_POINT ( 'NONE',  ( 5.441905555506955317, 4.958180575915958954, 0.2713436847949916020 ) ) ;
#1967 = ORIENTED_EDGE ( 'NONE', *, *, #878, .F. ) ;
#1968 = CARTESIAN_POINT ( 'NONE',  ( -5.040000000000000924, 8.750000000000000000, -3.750000000000000000 ) ) ;
#1969 = EDGE_LOOP ( 'NONE', ( #701, #750, #123, #1397, #1553, #624 ) ) ;
#1970 = DIRECTION ( 'NONE',  ( 0.000000000000000000, 0.000000000000000000, 1.000000000000000000 ) ) ;
#1971 = EDGE_CURVE ( 'NONE', #1752, #812, #1746, .T. ) ;
#1972 = AXIS2_PLACEMENT_3D ( 'NONE', #1232, #1562, #204 ) ;
#1973 = ADVANCED_FACE ( 'NONE', ( #538 ), #1588, .T. ) ;
#1974 = EDGE_LOOP ( 'NONE', ( #99, #436, #1279, #1405 ) ) ;
#1975 = DIRECTION ( 'NONE',  ( 0.000000000000000000, 0.000000000000000000, -1.000000000000000000 ) ) ;
#1976 = CARTESIAN_POINT ( 'NONE',  ( -5.040000000000000924, 11.75000000000000000, 0.000000000000000000 ) ) ;
#1977 = AXIS2_PLACEMENT_3D ( 'NONE', #728, #366, #1544 ) ;
#1978 = CARTESIAN_POINT ( 'NONE',  ( 5.363819723927272243, 5.231735654046051565, 1.169912567690903460 ) ) ;
#1979 = AXIS2_PLACEMENT_3D ( 'NONE', #500, #199, #526 ) ;
#1980 = DIRECTION ( 'NONE',  ( -0.9264986421828556029, -0.1440535396289090997, -0.3476332028930883555 ) ) ;
#1981 = EDGE_CURVE ( 'NONE', #1130, #68, #1621, .T. ) ;
#1982 = CIRCLE ( 'NONE', #88, 0.3000000000000000999 ) ;
#1983 = CIRCLE ( 'NONE', #514, 0.3000000000000000999 ) ;
#1984 = CARTESIAN_POINT ( 'NONE',  ( 4.334556981873104675, 5.165038704860365648, -1.100779851506181739 ) ) ;
#1985 = LINE ( 'NONE', #806, #1296 ) ;
#1986 = ORIENTED_EDGE ( 'NONE', *, *, #135, .T. ) ;
#1987 = VERTEX_POINT ( 'NONE', #1274 ) ;
#1988 = DIRECTION ( 'NONE',  ( -1.000000000000000000, 0.000000000000000000, 0.000000000000000000 ) ) ;
#1989 = CARTESIAN_POINT ( 'NONE',  ( 5.497152327840647779, 4.423310442827436795, 0.09987345846549962325 ) ) ;
#1990 = CARTESIAN_POINT ( 'NONE',  ( 5.381655884642777110, 4.224717848149809996, -0.2988719502871737266 ) ) ;
#1991 = EDGE_LOOP ( 'NONE', ( #1751, #2032, #565, #1853 ) ) ;
#1992 = DIRECTION ( 'NONE',  ( 1.652117596168388002E-16, 1.000000000000000000, 0.000000000000000000 ) ) ;
#1993 = CARTESIAN_POINT ( 'NONE',  ( -4.239179380016198984, 5.154668968451829869, 1.068062244596797328 ) ) ;
#1994 = ORIENTED_EDGE ( 'NONE', *, *, #96, .T. ) ;
#1995 = LINE ( 'NONE', #1322, #1506 ) ;
#1996 = DIRECTION ( 'NONE',  ( -1.000000000000000000, 0.000000000000000000, -0.000000000000000000 ) ) ;
#1997 = DIRECTION ( 'NONE',  ( 0.000000000000000000, 1.000000000000000000, 0.000000000000000000 ) ) ;
#1998 = ORIENTED_EDGE ( 'NONE', *, *, #1814, .T. ) ;
#1999 = ORIENTED_EDGE ( 'NONE', *, *, #1858, .T. ) ;
#2000 = CARTESIAN_POINT ( 'NONE',  ( 5.516709577790532393, 5.250819336489505496, 1.070437087759302575 ) ) ;
#2001 = CARTESIAN_POINT ( 'NONE',  ( 4.701836806836542593, 4.073529411764705621, 0.000000000000000000 ) ) ;
#2002 = ORIENTED_EDGE ( 'NONE', *, *, #1542, .F. ) ;
#2003 = ADVANCED_FACE ( 'NONE', ( #1651 ), #266, .T. ) ;
#2004 = CARTESIAN_POINT ( 'NONE',  ( 5.040000000000001812, 5.211416863654342535, 1.241341768881609742 ) ) ;
#2005 = ORIENTED_EDGE ( 'NONE', *, *, #2046, .T. ) ;
#2006 = CARTESIAN_POINT ( 'NONE',  ( 6.300000000000000711, 8.750000000000000000, 2.490000000000000213 ) ) ;
#2007 = AXIS2_PLACEMENT_3D ( 'NONE', #1131, #107, #298 ) ;
#2008 = EDGE_LOOP ( 'NONE', ( #1625, #215, #59, #993, #1906, #2024 ) ) ;
#2009 = CIRCLE ( 'NONE', #115, 1.259999999999999787 ) ;
#2010 = EDGE_LOOP ( 'NONE', ( #490, #1264, #945, #928 ) ) ;
#2011 = CARTESIAN_POINT ( 'NONE',  ( -4.977194293766893374, 4.933764926391678074, -0.4456721051195541849 ) ) ;
#2012 = AXIS2_PLACEMENT_3D ( 'NONE', #2059, #1249, #742 ) ;
#2013 = CIRCLE ( 'NONE', #1586, 0.3000000000000000999 ) ;
#2014 = CARTESIAN_POINT ( 'NONE',  ( 5.903808704339557067, 5.342702598767870903, -0.2267895467230950091 ) ) ;
#2015 = DIRECTION ( 'NONE',  ( 0.000000000000000000, 0.000000000000000000, -1.000000000000000000 ) ) ;
#2016 = EDGE_LOOP ( 'NONE', ( #1359, #1782, #1937, #1035 ) ) ;
#2017 = EDGE_CURVE ( 'NONE', #1526, #812, #480, .T. ) ;
#2018 = LINE ( 'NONE', #194, #2051 ) ;
#2019 = ADVANCED_FACE ( 'NONE', ( #153 ), #1408, .T. ) ;
#2020 = CARTESIAN_POINT ( 'NONE',  ( -5.100000000000004086, 4.000000000000000888, 0.000000000000000000 ) ) ;
#2021 = EDGE_LOOP ( 'NONE', ( #1366, #475, #2137, #1494 ) ) ;
#2022 = CYLINDRICAL_SURFACE ( 'NONE', #1474, 3.750000000000000000 ) ;
#2023 = CARTESIAN_POINT ( 'NONE',  ( 0.000000000000000000, 0.000000000000000000, 0.000000000000000000 ) ) ;
#2024 = ORIENTED_EDGE ( 'NONE', *, *, #2017, .F. ) ;
#2025 = CARTESIAN_POINT ( 'NONE',  ( 5.040000000000001812, 5.211416863654342535, 1.241341768881609742 ) ) ;
#2026 = EDGE_CURVE ( 'NONE', #656, #1041, #1983, .T. ) ;
#2027 = CARTESIAN_POINT ( 'NONE',  ( -4.800000000000004263, 4.000000000000000888, -3.673940397442060115E-17 ) ) ;
#2028 = CARTESIAN_POINT ( 'NONE',  ( -5.100000000000004086, 4.100000000000000533, 0.3017302736884315273 ) ) ;
#2029 = CARTESIAN_POINT ( 'NONE',  ( -4.800000000000004263, 4.000000000000000888, -3.673940397442061963E-17 ) ) ;
#2030 = CARTESIAN_POINT ( 'NONE',  ( 4.671303928800069727, 5.199350865965828739, 1.207680679205825669 ) ) ;
#2031 = CARTESIAN_POINT ( 'NONE',  ( -5.072860421234505424, 4.933392684206364009, -0.4488028424122876836 ) ) ;
#2032 = ORIENTED_EDGE ( 'NONE', *, *, #1004, .T. ) ;
#2033 = CARTESIAN_POINT ( 'NONE',  ( -4.740957919651519248, 4.077257315614975397, -0.1762165161541572600 ) ) ;
#2034 = DIRECTION ( 'NONE',  ( -0.000000000000000000, 1.000000000000000000, -0.000000000000000000 ) ) ;
#2035 = DIRECTION ( 'NONE',  ( 1.652117596168388002E-16, 1.000000000000000000, 0.000000000000000000 ) ) ;
#2036 = ORIENTED_EDGE ( 'NONE', *, *, #96, .F. ) ;
#2037 = CARTESIAN_POINT ( 'NONE',  ( -5.034798081858430585, 4.094098551266142749, 0.3994599758077551632 ) ) ;
#2038 = DIRECTION ( 'NONE',  ( -1.000000000000000000, 1.734723475976808080E-16, 0.000000000000000000 ) ) ;
#2039 = CARTESIAN_POINT ( 'NONE',  ( 5.363819723927272243, 5.231735654046051565, 1.169912567690903460 ) ) ;
#2040 = DIRECTION ( 'NONE',  ( 0.000000000000000000, 0.000000000000000000, 1.000000000000000000 ) ) ;
#2041 = EDGE_CURVE ( 'NONE', #417, #2055, #41, .T. ) ;
#2042 = ORIENTED_EDGE ( 'NONE', *, *, #1032, .T. ) ;
#2043 = CARTESIAN_POINT ( 'NONE',  ( -3.996817406627546365, 5.113493105942948702, -0.9174927676698023671 ) ) ;
#2044 = AXIS2_PLACEMENT_3D ( 'NONE', #1580, #414, #44 ) ;
#2045 = VECTOR ( 'NONE', #411, 1000.000000000000000 ) ;
#2046 = EDGE_CURVE ( 'NONE', #1636, #836, #1601, .T. ) ;
#2047 = FACE_OUTER_BOUND ( 'NONE', #1374, .T. ) ;
#2048 = DIRECTION ( 'NONE',  ( 0.000000000000000000, 0.000000000000000000, -1.000000000000000000 ) ) ;
#2049 = CIRCLE ( 'NONE', #1550, 0.3000000000000007661 ) ;
#2050 = ORIENTED_EDGE ( 'NONE', *, *, #1801, .T. ) ;
#2051 = VECTOR ( 'NONE', #1869, 1000.000000000000000 ) ;
#2052 = FILL_AREA_STYLE ('',( #212 ) ) ;
#2053 = PRODUCT_DEFINITION_FORMATION_WITH_SPECIFIED_SOURCE ( 'ANY', '', #942, .NOT_KNOWN. ) ;
#2054 = CARTESIAN_POINT ( 'NONE',  ( 5.363819723926373406, 5.231735654046704376, -1.169912567691490324 ) ) ;
#2055 = VERTEX_POINT ( 'NONE', #109 ) ;
#2056 = CARTESIAN_POINT ( 'NONE',  ( -5.517080204997957260, 4.978524700495591482, 0.07393804626172310879 ) ) ;
#2057 = DIRECTION ( 'NONE',  ( 1.000000000000000000, 0.000000000000000000, 0.000000000000000000 ) ) ;
#2058 = ORIENTED_EDGE ( 'NONE', *, *, #124, .T. ) ;
#2059 = CARTESIAN_POINT ( 'NONE',  ( 5.100000000000004086, 4.000000000000000000, 0.000000000000000000 ) ) ;
#2060 = ORIENTED_EDGE ( 'NONE', *, *, #74, .T. ) ;
#2061 = CYLINDRICAL_SURFACE ( 'NONE', #687, 3.750000000000000000 ) ;
#2062 = CARTESIAN_POINT ( 'NONE',  ( 5.903808704339558844, 5.342702598767872679, 0.000000000000000000 ) ) ;
#2063 = ORIENTED_EDGE ( 'NONE', *, *, #1604, .F. ) ;
#2064 = CARTESIAN_POINT ( 'NONE',  ( -3.486782021451165114, 4.999999999999999112, 6.398651255677093438E-16 ) ) ;
#2065 = EDGE_CURVE ( 'NONE', #524, #697, #1821, .T. ) ;
#2066 = FACE_OUTER_BOUND ( 'NONE', #1687, .T. ) ;
#2067 = CARTESIAN_POINT ( 'NONE',  ( 4.458894830510405249, 4.995172686175149757, 0.08701231740639286949 ) ) ;
#2068 = ORIENTED_EDGE ( 'NONE', *, *, #1065, .T. ) ;
#2069 = CARTESIAN_POINT ( 'NONE',  ( -5.516339440785713144, 5.250760026227664135, -1.070784679732760480 ) ) ;
#2070 = DIRECTION ( 'NONE',  ( 2.312964634635742957E-16, -1.000000000000000000, 0.000000000000000000 ) ) ;
#2071 = CARTESIAN_POINT ( 'NONE',  ( 5.409071170521298377, 4.266857679008069226, -0.2643592957464126481 ) ) ;
#2072 = EDGE_CURVE ( 'NONE', #957, #1618, #1479, .T. ) ;
#2073 = VERTEX_POINT ( 'NONE', #1120 ) ;
#2074 = CARTESIAN_POINT ( 'NONE',  ( -3.525049340600632242, 5.010458218957829502, 0.3164800546316810514 ) ) ;
#2075 = ADVANCED_FACE ( 'NONE', ( #960 ), #791, .T. ) ;
#2076 = CARTESIAN_POINT ( 'NONE',  ( -5.363819723927272243, 5.231735654046051565, 1.169912567690903460 ) ) ;
#2077 = CARTESIAN_POINT ( 'NONE',  ( 3.682354127276553424, 5.048737703937587362, 0.6064235716680395072 ) ) ;
#2078 = ORIENTED_EDGE ( 'NONE', *, *, #165, .T. ) ;
#2079 = CARTESIAN_POINT ( 'NONE',  ( 5.100000000000004086, 4.094383377677430325, 0.4015724168629727919 ) ) ;
#2080 = CARTESIAN_POINT ( 'NONE',  ( 5.100000000000004086, 4.000000000000000888, 0.000000000000000000 ) ) ;
#2081 = CARTESIAN_POINT ( 'NONE',  ( 4.705212085995400528, 0.7677932896394774609, 0.000000000000000000 ) ) ;
#2082 = AXIS2_PLACEMENT_3D ( 'NONE', #506, #231, #1190 ) ;
#2083 = AXIS2_PLACEMENT_3D ( 'NONE', #755, #1589, #930 ) ;
#2084 = FACE_OUTER_BOUND ( 'NONE', #841, .T. ) ;
#2085 = AXIS2_PLACEMENT_3D ( 'NONE', #1726, #216, #58 ) ;
#2086 = DIRECTION ( 'NONE',  ( 0.000000000000000000, 0.000000000000000000, -1.000000000000000000 ) ) ;
#2087 = CARTESIAN_POINT ( 'NONE',  ( -5.363819723927315763, 5.231735654046596906, 1.169912567691068883 ) ) ;
#2088 =( GEOMETRIC_REPRESENTATION_CONTEXT ( 3 ) GLOBAL_UNCERTAINTY_ASSIGNED_CONTEXT ( ( #1442 ) ) GLOBAL_UNIT_ASSIGNED_CONTEXT ( ( #95, #1286, #1419 ) ) REPRESENTATION_CONTEXT ( 'NONE', 'WORKASPACE' ) );
#2089 = EDGE_CURVE ( 'NONE', #970, #1692, #1658, .T. ) ;
#2090 = AXIS2_PLACEMENT_3D ( 'NONE', #1349, #1002, #1680 ) ;
#2091 = ORIENTED_EDGE ( 'NONE', *, *, #335, .T. ) ;
#2092 = DIRECTION ( 'NONE',  ( 1.000000000000000000, 1.652117596168388002E-16, -0.000000000000000000 ) ) ;
#2093 = ORIENTED_EDGE ( 'NONE', *, *, #536, .F. ) ;
#2094 = DIRECTION ( 'NONE',  ( 0.000000000000000000, 0.000000000000000000, 1.000000000000000000 ) ) ;
#2095 = EDGE_LOOP ( 'NONE', ( #943, #1926, #1242, #1191 ) ) ;
#2096 = CARTESIAN_POINT ( 'NONE',  ( 5.242076628743797428, 4.098254759356271038, 0.3757515236179974627 ) ) ;
#2097 = CARTESIAN_POINT ( 'NONE',  ( -6.300000000000000711, 8.750000000000000000, 2.490000000000000213 ) ) ;
#2098 = ORIENTED_EDGE ( 'NONE', *, *, #412, .T. ) ;
#2099 = CARTESIAN_POINT ( 'NONE',  ( 4.447523017236384213, 4.999999998951243363, 0.04296138921412128581 ) ) ;
#2100 =( BOUNDED_SURFACE ( )  B_SPLINE_SURFACE ( 3, 2, ( 
 ( #1162, #2031, #853 ),
 ( #2163, #1338, #1871 ),
 ( #1312, #1010, #1358 ),
 ( #181, #37, #1883 ) ),
 .UNSPECIFIED., .F., .F., .F. ) 
 B_SPLINE_SURFACE_WITH_KNOTS ( ( 4, 4 ),
 ( 3, 3 ),
 ( 8.673617379884035472E-19, 0.0006586898138749508946 ),
 ( 0.000000000000000000, 1.000000000000000000 ),
 .UNSPECIFIED. ) 
 GEOMETRIC_REPRESENTATION_ITEM ( )  RATIONAL_B_SPLINE_SURFACE ( (
 ( 1.000000000000000000, 0.8318879372043376241, 1.000000000000000000),
 ( 1.000000000000000000, 0.8313118538645788425, 1.000000000000000000),
 ( 1.000000000000000000, 0.8320910106572924070, 1.000000000000000000),
 ( 1.000000000000000000, 0.8342878052629356667, 1.000000000000000000) ) ) 
 REPRESENTATION_ITEM ( '' )  SURFACE ( )  );
#2101 = VERTEX_POINT ( 'NONE', #300 ) ;
#2102 = ORIENTED_EDGE ( 'NONE', *, *, #872, .F. ) ;
#2103 = CARTESIAN_POINT ( 'NONE',  ( -5.890629969151447654, 5.338062577896186767, -0.2673389952472174924 ) ) ;
#2104 = CARTESIAN_POINT ( 'NONE',  ( 4.882876990292915664, 4.088577161956412631, -0.3526235619710682556 ) ) ;
#2105 = ADVANCED_FACE ( 'NONE', ( #143 ), #972, .T. ) ;
#2106 = ORIENTED_EDGE ( 'NONE', *, *, #1123, .T. ) ;
#2107 = DIRECTION ( 'NONE',  ( 0.000000000000000000, 1.000000000000000000, 0.000000000000000000 ) ) ;
#2108 = CARTESIAN_POINT ( 'NONE',  ( -5.040000000000001812, 6.260000000000000675, 0.000000000000000000 ) ) ;
#2109 = CARTESIAN_POINT ( 'NONE',  ( 5.072860421234505424, 4.933392684206364009, -0.4488028424122876836 ) ) ;
#2110 = FACE_OUTER_BOUND ( 'NONE', #332, .T. ) ;
#2111 = B_SPLINE_CURVE_WITH_KNOTS ( 'NONE', 3,
 ( #2136, #1443, #1606, #1767 ),
 .UNSPECIFIED., .F., .F.,
 ( 4, 4 ),
 ( 0.000000000000000000, 0.0003379008084268515311 ),
 .UNSPECIFIED. ) ;
#2112 = CARTESIAN_POINT ( 'NONE',  ( -5.100000000000004086, 4.000000000000000000, 0.3017302736884315273 ) ) ;
#2113 = VERTEX_POINT ( 'NONE', #132 ) ;
#2114 = EDGE_CURVE ( 'NONE', #1682, #737, #1741, .T. ) ;
#2115 = CARTESIAN_POINT ( 'NONE',  ( 4.510998878068250839, 4.979420550136648416, -0.1787502586838007890 ) ) ;
#2116 = AXIS2_PLACEMENT_3D ( 'NONE', #16, #1176, #1849 ) ;
#2117 = CIRCLE ( 'NONE', #1221, 1.259999999999999787 ) ;
#2118 = DIRECTION ( 'NONE',  ( 0.000000000000000000, 0.000000000000000000, 1.000000000000000000 ) ) ;
#2119 = CARTESIAN_POINT ( 'NONE',  ( -5.085481290153325062, 4.094298009547221007, -0.4013050294417821462 ) ) ;
#2120 = AXIS2_PLACEMENT_3D ( 'NONE', #299, #1640, #934 ) ;
#2121 = CIRCLE ( 'NONE', #1619, 3.750000000000000000 ) ;
#2122 = CARTESIAN_POINT ( 'NONE',  ( 3.735361225126883067, 5.060851998566592513, -0.6761567559556077578 ) ) ;
#2123 = DIRECTION ( 'NONE',  ( -1.000000000000000000, 0.000000000000000000, 0.000000000000000000 ) ) ;
#2124 = DIRECTION ( 'NONE',  ( -0.3420201433256661039, -0.9396926207859093161, 0.000000000000000000 ) ) ;
#2125 = VERTEX_POINT ( 'NONE', #522 ) ;
#2126 = ADVANCED_FACE ( 'NONE', ( #533 ), #544, .T. ) ;
#2127 = CARTESIAN_POINT ( 'NONE',  ( -5.093204454127677749, 4.935101577617410307, 0.4493109399162490969 ) ) ;
#2128 = CARTESIAN_POINT ( 'NONE',  ( 4.796292493992331707, 4.082021867143616589, -0.2617170143872724619 ) ) ;
#2129 = CYLINDRICAL_SURFACE ( 'NONE', #184, 0.3000000000000002109 ) ;
#2130 = DIRECTION ( 'NONE',  ( -0.3512972701970377698, 0.000000000000000000, -0.9362639734349011977 ) ) ;
#2131 = DIRECTION ( 'NONE',  ( 1.000000000000000000, -1.652117596168388002E-16, 0.000000000000000000 ) ) ;
#2132 = DIRECTION ( 'NONE',  ( -1.734723475976807094E-16, -1.000000000000000000, 0.000000000000000000 ) ) ;
#2133 = CARTESIAN_POINT ( 'NONE',  ( 5.868411461730269174, 5.329130296696015456, 0.4538773313760978700 ) ) ;
#2134 = CARTESIAN_POINT ( 'NONE',  ( 5.401803656210778293, 4.948829463007365703, 0.3211078509713213847 ) ) ;
#2135 = VERTEX_POINT ( 'NONE', #1717 ) ;
#2136 = CARTESIAN_POINT ( 'NONE',  ( 5.363819723926373406, 5.231735654046704376, -1.169912567691490324 ) ) ;
#2137 = ORIENTED_EDGE ( 'NONE', *, *, #1180, .T. ) ;
#2138 = CARTESIAN_POINT ( 'NONE',  ( -4.742209530882309565, 4.077918349725976555, 0.2046482470750703719 ) ) ;
#2139 = EDGE_CURVE ( 'NONE', #656, #1709, #1704, .T. ) ;
#2140 = DIRECTION ( 'NONE',  ( -0.9396926207859093161, -0.3420201433256661594, 0.000000000000000000 ) ) ;
#2141 = CARTESIAN_POINT ( 'NONE',  ( -5.040000000000001812, 5.211416863654342535, 1.241341768881609742 ) ) ;
#2142 = DIRECTION ( 'NONE',  ( -1.000000000000000000, 0.000000000000000000, 0.000000000000000000 ) ) ;
#2143 = CARTESIAN_POINT ( 'NONE',  ( 5.903808700197093806, 5.342702594866958421, 0.1352660302985958518 ) ) ;
#2144 = CARTESIAN_POINT ( 'NONE',  ( 5.034363258192874113, 4.094096840435151208, -0.3994441466615970548 ) ) ;
#2145 = CIRCLE ( 'NONE', #82, 0.3000000000000000999 ) ;
#2146 = CARTESIAN_POINT ( 'NONE',  ( -4.705212085995400528, 0.7677932896394774609, 0.000000000000000000 ) ) ;
#2147 = ORIENTED_EDGE ( 'NONE', *, *, #1043, .T. ) ;
#2148 = DIRECTION ( 'NONE',  ( -1.000000000000000000, 0.000000000000000000, 0.000000000000000000 ) ) ;
#2149 = AXIS2_PLACEMENT_3D ( 'NONE', #97, #281, #433 ) ;
#2150 = VERTEX_POINT ( 'NONE', #721 ) ;
#2151 = DIRECTION ( 'NONE',  ( 0.000000000000000000, 0.000000000000000000, -1.000000000000000000 ) ) ;
#2152 = CARTESIAN_POINT ( 'NONE',  ( -4.350000000000000533, 0.000000000000000000, -3.673940397442060115E-17 ) ) ;
#2153 = CIRCLE ( 'NONE', #1125, 1.260000000000000231 ) ;
#2154 = CARTESIAN_POINT ( 'NONE',  ( 4.350000000000000533, 0.000000000000000000, 0.000000000000000000 ) ) ;
#2155 = ORIENTED_EDGE ( 'NONE', *, *, #2114, .F. ) ;
#2156 = TOROIDAL_SURFACE ( 'NONE', #889, 0.3017302736884315273, 0.1000000000000000056 ) ;
#2157 = CARTESIAN_POINT ( 'NONE',  ( 5.475206314196556789, 4.379174476879791555, 0.1620945534518184739 ) ) ;
#2158 = ADVANCED_FACE ( 'NONE', ( #1707 ), #89, .T. ) ;
#2159 = B_SPLINE_CURVE_WITH_KNOTS ( 'NONE', 3,
 ( #1593, #1259, #1946, #437, #285, #1432, #1102, #2122, #620, #673, #179, #160 ),
 .UNSPECIFIED., .F., .F.,
 ( 4, 2, 2, 2, 2, 4 ),
 ( 0.000000000000000000, 0.0005539243165105058649, 0.001107848633021011730, 0.001384810791276264337, 0.001661772949531517161, 0.002215697266042022592 ),
 .UNSPECIFIED. ) ;
#2160 = DIRECTION ( 'NONE',  ( 0.000000000000000000, -1.000000000000000000, 0.000000000000000000 ) ) ;
#2161 = ORIENTED_EDGE ( 'NONE', *, *, #171, .F. ) ;
#2162 = DIRECTION ( 'NONE',  ( -1.000000000000000000, 0.000000000000000000, 0.000000000000000000 ) ) ;
#2163 = CARTESIAN_POINT ( 'NONE',  ( -5.150761283999171880, 5.213564306821682592, -1.247463295095180280 ) ) ;
#2164 = DIRECTION ( 'NONE',  ( 0.000000000000000000, 0.000000000000000000, 1.000000000000000000 ) ) ;
#2165 = ORIENTED_EDGE ( 'NONE', *, *, #353, .F. ) ;
#2166 = VERTEX_POINT ( 'NONE', #1667 ) ;
ENDSEC;
END-ISO-10303-21;
