ISO-10303-21;
HEADER;
FILE_DESCRIPTION (( 'STEP AP214' ),
    '1' );
FILE_NAME ('CARS_K2P_35X50_D36L52S10LL6.8F1.6.STEP',
    '2020-07-21T18:31:02',
    ( '' ),
    ( '' ),
    'SwSTEP 2.0',
    'SolidWorks 2014',
    '' );
FILE_SCHEMA (( 'AUTOMOTIVE_DESIGN' ));
ENDSEC;

DATA;
#1 = UNCERTAINTY_MEASURE_WITH_UNIT (LENGTH_MEASURE( 1.000000000000000100E-005 ), #2887, 'distance_accuracy_value', 'NONE');
#2 = SURFACE_SIDE_STYLE ('',( #2470 ) ) ;
#3 = AXIS2_PLACEMENT_3D ( 'NONE', #1547, #1137, #2958 ) ;
#4 = ORIENTED_EDGE ( 'NONE', *, *, #1314, .T. ) ;
#5 = CARTESIAN_POINT ( 'NONE',  ( -8.129798782473606900, 3.433728050141735100, 16.05946361982524500 ) ) ;
#6 = CARTESIAN_POINT ( 'NONE',  ( -6.604853977328493100, 6.627884890918681800, 16.74198090540543800 ) ) ;
#7 = DIRECTION ( 'NONE',  ( 0.0000000000000000000, 0.0000000000000000000, -1.000000000000000000 ) ) ;
#8 = B_SPLINE_CURVE_WITH_KNOTS ( 'NONE', 3,
 ( #935, #125, #1646, #502 ),
 .UNSPECIFIED., .F., .F.,
 ( 4, 4 ),
 ( 0.0000000000000000000, 1.000000000000000000 ),
 .UNSPECIFIED. ) ;
#9 = VERTEX_POINT ( 'NONE', #3489 ) ;
#10 = CARTESIAN_POINT ( 'NONE',  ( -1.588369312685766800, 6.152141566052144100, 17.92206854997117900 ) ) ;
#11 = VERTEX_POINT ( 'NONE', #137 ) ;
#12 = VERTEX_POINT ( 'NONE', #4197 ) ;
#13 = CARTESIAN_POINT ( 'NONE',  ( -7.160012152271282700, 7.157156118639040400, 16.51466699571406600 ) ) ;
#14 = STYLED_ITEM ( 'NONE', ( #1126 ), #4025 ) ;
#15 = DIRECTION ( 'NONE',  ( -0.0000000000000000000, -1.000000000000000000, -0.0000000000000000000 ) ) ;
#16 =( NAMED_UNIT ( * ) SI_UNIT ( $, .STERADIAN. ) SOLID_ANGLE_UNIT ( ) );
#17 = ORIENTED_EDGE ( 'NONE', *, *, #1409, .T. ) ;
#18 = CARTESIAN_POINT ( 'NONE',  ( -8.119736658171515100, 7.157156118639027100, 16.06455342055750200 ) ) ;
#19 = ADVANCED_FACE ( 'NONE', ( #757 ), #852, .F. ) ;
#20 = EDGE_LOOP ( 'NONE', ( #2804, #3178, #1298, #1924 ) ) ;
#21 = SURFACE_STYLE_USAGE ( .BOTH. , #1890 ) ;
#22 = MECHANICAL_DESIGN_GEOMETRIC_PRESENTATION_REPRESENTATION (  '', ( #180 ), #607 ) ;
#23 = ORIENTED_EDGE ( 'NONE', *, *, #1815, .F. ) ;
#24 = CARTESIAN_POINT ( 'NONE',  ( -0.8498272177222365700, 5.643641456469477900, 17.98272646213384400 ) ) ;
#25 = DIRECTION ( 'NONE',  ( -0.0000000000000000000, -0.0000000000000000000, -1.000000000000000000 ) ) ;
#26 = EDGE_LOOP ( 'NONE', ( #4237, #492, #1209, #1261 ) ) ;
#27 = EDGE_CURVE ( 'NONE', #4250, #2264, #3150, .T. ) ;
#28 = DIRECTION ( 'NONE',  ( -0.0000000000000000000, -1.000000000000000000, -0.0000000000000000000 ) ) ;
#29 =( NAMED_UNIT ( * ) PLANE_ANGLE_UNIT ( ) SI_UNIT ( $, .RADIAN. ) );
#30 = MECHANICAL_DESIGN_GEOMETRIC_PRESENTATION_REPRESENTATION (  '', ( #4572 ), #4166 ) ;
#31 = PRESENTATION_STYLE_ASSIGNMENT (( #277 ) ) ;
#32 = CARTESIAN_POINT ( 'NONE',  ( 0.0000000000000000000, 3.433728050141748900, 0.0000000000000000000 ) ) ;
#33 = ORIENTED_EDGE ( 'NONE', *, *, #802, .T. ) ;
#34 = CARTESIAN_POINT ( 'NONE',  ( -4.022959509627130000, 4.759057198942995700, 17.54490016642533600 ) ) ;
#35 =( NAMED_UNIT ( * ) SI_UNIT ( $, .STERADIAN. ) SOLID_ANGLE_UNIT ( ) );
#36 =( GEOMETRIC_REPRESENTATION_CONTEXT ( 3 ) GLOBAL_UNCERTAINTY_ASSIGNED_CONTEXT ( ( #1808 ) ) GLOBAL_UNIT_ASSIGNED_CONTEXT ( ( #382, #3009, #325 ) ) REPRESENTATION_CONTEXT ( 'NONE', 'WORKASPACE' ) );
#37 = COLOUR_RGB ( '',0.8980392156862745400, 0.9215686274509803400, 0.9294117647058823800 ) ;
#38 = CARTESIAN_POINT ( 'NONE',  ( 0.0000000000000000000, 52.00000000000000000, 0.0000000000000000000 ) ) ;
#39 = B_SPLINE_CURVE_WITH_KNOTS ( 'NONE', 3,
 ( #3866, #1266, #1645, #4238 ),
 .UNSPECIFIED., .F., .F.,
 ( 4, 4 ),
 ( 0.0000000000000000000, 1.000000000000000000 ),
 .UNSPECIFIED. ) ;
#40 = CARTESIAN_POINT ( 'NONE',  ( 3.235533905932737500, 52.48999999999999500, 3.835533905932737600 ) ) ;
#41 = CARTESIAN_POINT ( 'NONE',  ( 8.902005596502483800, 6.438150448534705600, 15.64462515881535500 ) ) ;
#42 = CIRCLE ( 'NONE', #1995, 18.00000000000000000 ) ;
#43 = DIRECTION ( 'NONE',  ( 0.0000000000000000000, 1.000000000000000000, 0.0000000000000000000 ) ) ;
#44 = CARTESIAN_POINT ( 'NONE',  ( 2.485533905932738800, 52.48999999999999500, -1.200000000000004000 ) ) ;
#45 = DIRECTION ( 'NONE',  ( 0.0000000000000000000, -0.0000000000000000000, 1.000000000000000000 ) ) ;
#46 = CARTESIAN_POINT ( 'NONE',  ( -0.8493550856944123200, 5.643641476674732300, 17.97273605871537000 ) ) ;
#47 = EDGE_CURVE ( 'NONE', #1371, #258, #1853, .T. ) ;
#48 = CARTESIAN_POINT ( 'NONE',  ( 0.0000000000000000000, 49.92639999999999400, 0.0000000000000000000 ) ) ;
#49 = SURFACE_SIDE_STYLE ('',( #2459 ) ) ;
#50 =( GEOMETRIC_REPRESENTATION_CONTEXT ( 3 ) GLOBAL_UNCERTAINTY_ASSIGNED_CONTEXT ( ( #2504 ) ) GLOBAL_UNIT_ASSIGNED_CONTEXT ( ( #1691, #182, #157 ) ) REPRESENTATION_CONTEXT ( 'NONE', 'WORKASPACE' ) );
#51 = COLOUR_RGB ( '',0.8980392156862745400, 0.9215686274509803400, 0.9294117647058823800 ) ;
#52 = EDGE_CURVE ( 'NONE', #1525, #4239, #4710, .T. ) ;
#53 = CARTESIAN_POINT ( 'NONE',  ( 1.074662644147683600, 3.433728050141748900, 17.95787293087000000 ) ) ;
#54 = AXIS2_PLACEMENT_3D ( 'NONE', #3941, #1763, #4675 ) ;
#55 = FILL_AREA_STYLE ('',( #4573 ) ) ;
#56 =( NAMED_UNIT ( * ) PLANE_ANGLE_UNIT ( ) SI_UNIT ( $, .RADIAN. ) );
#57 =( NAMED_UNIT ( * ) PLANE_ANGLE_UNIT ( ) SI_UNIT ( $, .RADIAN. ) );
#58 = CARTESIAN_POINT ( 'NONE',  ( -7.299208097424585000, 6.627884890413975300, 16.45431793393139900 ) ) ;
#59 = EDGE_CURVE ( 'NONE', #12, #2330, #2730, .T. ) ;
#60 = CARTESIAN_POINT ( 'NONE',  ( -2.299552150307558700, 5.296974256828392000, 17.85262879534784400 ) ) ;
#61 = ORIENTED_EDGE ( 'NONE', *, *, #1462, .T. ) ;
#62 = STYLED_ITEM ( 'NONE', ( #2537 ), #1846 ) ;
#63 = LINE ( 'NONE', #1931, #4513 ) ;
#64 = B_SPLINE_CURVE_WITH_KNOTS ( 'NONE', 1,
 ( #319, #4079 ),
 .UNSPECIFIED., .F., .F.,
 ( 2, 2 ),
 ( 0.0000000000000000000, 1.000000000000000000 ),
 .UNSPECIFIED. ) ;
#65 =( NAMED_UNIT ( * ) PLANE_ANGLE_UNIT ( ) SI_UNIT ( $, .RADIAN. ) );
#66 = B_SPLINE_SURFACE_WITH_KNOTS ( 'NONE', 1, 3, ( 
 ( #3884, #881, #3464, #3085 ),
 ( #2396, #1215, #3483, #2788 ) ),
 .UNSPECIFIED., .F., .F., .F.,
 ( 2, 2 ),
 ( 4, 4 ),
 ( 0.0000000000000000000, 1.000000000000000000 ),
 ( 0.0000000000000000000, 1.000000000000000000 ),
 .UNSPECIFIED. ) ;
#67 = DIRECTION ( 'NONE',  ( -1.000000000000000000, 0.0000000000000000000, 0.0000000000000000000 ) ) ;
#68 = ADVANCED_FACE ( 'NONE', ( #2840 ), #214, .F. ) ;
#69 = ORIENTED_EDGE ( 'NONE', *, *, #4064, .T. ) ;
#70 = ORIENTED_EDGE ( 'NONE', *, *, #3161, .F. ) ;
#71 =( GEOMETRIC_REPRESENTATION_CONTEXT ( 3 ) GLOBAL_UNCERTAINTY_ASSIGNED_CONTEXT ( ( #1838 ) ) GLOBAL_UNIT_ASSIGNED_CONTEXT ( ( #1420, #4425, #4023 ) ) REPRESENTATION_CONTEXT ( 'NONE', 'WORKASPACE' ) );
#72 = CARTESIAN_POINT ( 'NONE',  ( 8.897060037837761100, 6.438150448534719800, 15.63593370039379200 ) ) ;
#73 = ORIENTED_EDGE ( 'NONE', *, *, #3310, .F. ) ;
#74 = ORIENTED_EDGE ( 'NONE', *, *, #3456, .T. ) ;
#75 = ORIENTED_EDGE ( 'NONE', *, *, #1560, .T. ) ;
#76 = SURFACE_SIDE_STYLE ('',( #1521 ) ) ;
#77 = LINE ( 'NONE', #3307, #950 ) ;
#78 = CARTESIAN_POINT ( 'NONE',  ( 2.028090582976003200, 6.764561464228345100, 17.88538086223617500 ) ) ;
#79 = CARTESIAN_POINT ( 'NONE',  ( 2.814514247858714000, 4.674870739640846700, 17.77205430587287400 ) ) ;
#80 =( LENGTH_UNIT ( ) NAMED_UNIT ( * ) SI_UNIT ( .MILLI., .METRE. ) );
#81 = ORIENTED_EDGE ( 'NONE', *, *, #1118, .F. ) ;
#82 =( NAMED_UNIT ( * ) SI_UNIT ( $, .STERADIAN. ) SOLID_ANGLE_UNIT ( ) );
#83 = FACE_OUTER_BOUND ( 'NONE', #1253, .T. ) ;
#84 = CARTESIAN_POINT ( 'NONE',  ( 0.1401395366268234900, 4.497091266323513600, 17.98945415820819000 ) ) ;
#85 = ORIENTED_EDGE ( 'NONE', *, *, #3830, .F. ) ;
#86 = CARTESIAN_POINT ( 'NONE',  ( 5.980591205886636200, 6.443495864422735600, 16.96680962432452600 ) ) ;
#87 = SURFACE_STYLE_USAGE ( .BOTH. , #4567 ) ;
#88 = SURFACE_STYLE_FILL_AREA ( #2847 ) ;
#89 = PRESENTATION_STYLE_ASSIGNMENT (( #4721 ) ) ;
#90 = AXIS2_PLACEMENT_3D ( 'NONE', #265, #3976, #3335 ) ;
#91 = EDGE_LOOP ( 'NONE', ( #1457, #1502, #4812, #2270 ) ) ;
#92 = CARTESIAN_POINT ( 'NONE',  ( 2.485533905932738800, 52.48999999999999500, -1.200000000000004000 ) ) ;
#93 = FILL_AREA_STYLE_COLOUR ( '', #2052 ) ;
#94 = FACE_OUTER_BOUND ( 'NONE', #593, .T. ) ;
#95 = EDGE_CURVE ( 'NONE', #3234, #4127, #2487, .T. ) ;
#96 = CARTESIAN_POINT ( 'NONE',  ( -3.835533905932737100, 52.48999999999999500, -3.835533905932737600 ) ) ;
#97 = SURFACE_SIDE_STYLE ('',( #397 ) ) ;
#98 = ADVANCED_FACE ( 'NONE', ( #3694 ), #3932, .F. ) ;
#99 = PRESENTATION_STYLE_ASSIGNMENT (( #690 ) ) ;
#100 =( NAMED_UNIT ( * ) SI_UNIT ( $, .STERADIAN. ) SOLID_ANGLE_UNIT ( ) );
#101 =( LENGTH_UNIT ( ) NAMED_UNIT ( * ) SI_UNIT ( .MILLI., .METRE. ) );
#102 = VECTOR ( 'NONE', #3013, 1000.000000000000000 ) ;
#103 = UNCERTAINTY_MEASURE_WITH_UNIT (LENGTH_MEASURE( 1.000000000000000100E-005 ), #3613, 'distance_accuracy_value', 'NONE');
#104 = SURFACE_STYLE_USAGE ( .BOTH. , #49 ) ;
#105 = LINE ( 'NONE', #467, #1655 ) ;
#106 = PLANE ( 'NONE',  #1320 ) ;
#107 = CARTESIAN_POINT ( 'NONE',  ( 3.235533905932737500, 58.78999999999999200, 3.835533905932737600 ) ) ;
#108 = FACE_OUTER_BOUND ( 'NONE', #3662, .T. ) ;
#109 = FACE_OUTER_BOUND ( 'NONE', #1001, .T. ) ;
#110 = CARTESIAN_POINT ( 'NONE',  ( -1.300406420591292600, 7.157156118639054700, 17.94293853139125300 ) ) ;
#111 = MECHANICAL_DESIGN_GEOMETRIC_PRESENTATION_REPRESENTATION (  '', ( #14 ), #3578 ) ;
#112 = FILL_AREA_STYLE ('',( #3160 ) ) ;
#113 = CARTESIAN_POINT ( 'NONE',  ( -0.5324048739991725800, 6.748598189941244400, 17.98212014891853300 ) ) ;
#114 =( NAMED_UNIT ( * ) SI_UNIT ( $, .STERADIAN. ) SOLID_ANGLE_UNIT ( ) );
#115 = CARTESIAN_POINT ( 'NONE',  ( -2.363206841914657500, 5.067529549057203700, 17.83410646548707100 ) ) ;
#116 = FACE_OUTER_BOUND ( 'NONE', #986, .T. ) ;
#117 = CARTESIAN_POINT ( 'NONE',  ( 6.232665063677374400, 3.433728050141748900, 16.87584031104867700 ) ) ;
#118 = DIRECTION ( 'NONE',  ( 0.0000000000000000000, -0.0000000000000000000, 1.000000000000000000 ) ) ;
#119 = FACE_OUTER_BOUND ( 'NONE', #766, .T. ) ;
#120 = STYLED_ITEM ( 'NONE', ( #1234 ), #4819 ) ;
#121 = ADVANCED_FACE ( 'NONE', ( #2987 ), #1908, .F. ) ;
#122 = B_SPLINE_SURFACE_WITH_KNOTS ( 'NONE', 1, 3, ( 
 ( #3408, #1212, #1598, #4123 ),
 ( #1937, #10, #3084, #777 ) ),
 .UNSPECIFIED., .F., .F., .F.,
 ( 2, 2 ),
 ( 4, 4 ),
 ( 0.0000000000000000000, 1.000000000000000000 ),
 ( 0.0000000000000000000, 1.000000000000000000 ),
 .UNSPECIFIED. ) ;
#123 = EDGE_CURVE ( 'NONE', #2742, #4515, #1321, .T. ) ;
#124 =( NAMED_UNIT ( * ) PLANE_ANGLE_UNIT ( ) SI_UNIT ( $, .RADIAN. ) );
#125 = CARTESIAN_POINT ( 'NONE',  ( -4.944761372308879500, 7.157156118639020000, 17.30056008964352500 ) ) ;
#126 = PRESENTATION_LAYER_ASSIGNMENT (  '', '', ( #4715 ) ) ;
#127 = CARTESIAN_POINT ( 'NONE',  ( 2.371101238706334600, 4.674870739640846700, 17.83662441719221500 ) ) ;
#128 = CARTESIAN_POINT ( 'NONE',  ( -6.861936548580904300, 3.433728050141762600, 16.62991060719358000 ) ) ;
#129 = CARTESIAN_POINT ( 'NONE',  ( -3.835533905932737100, 55.63999999999999300, -4.135533905932737400 ) ) ;
#130 = EDGE_LOOP ( 'NONE', ( #1377, #4107, #3417, #3141 ) ) ;
#131 = CARTESIAN_POINT ( 'NONE',  ( 5.398926617171994700, 4.142248356456955000, 17.16774890582637900 ) ) ;
#132 = B_SPLINE_CURVE_WITH_KNOTS ( 'NONE', 3,
 ( #2388, #2422, #3159, #3879 ),
 .UNSPECIFIED., .F., .F.,
 ( 4, 4 ),
 ( 0.0000000000000000000, 1.000000000000000000 ),
 .UNSPECIFIED. ) ;
#133 = VERTEX_POINT ( 'NONE', #3542 ) ;
#134 = AXIS2_PLACEMENT_3D ( 'NONE', #431, #4569, #3812 ) ;
#135 = ORIENTED_EDGE ( 'NONE', *, *, #2817, .T. ) ;
#136 = ORIENTED_EDGE ( 'NONE', *, *, #1941, .F. ) ;
#137 = CARTESIAN_POINT ( 'NONE',  ( -5.410857978378484900, 3.433728050141735100, 17.16748717599107000 ) ) ;
#138 = DIRECTION ( 'NONE',  ( -0.0000000000000000000, -1.000000000000000000, -0.0000000000000000000 ) ) ;
#139 = CARTESIAN_POINT ( 'NONE',  ( 2.372419259800508500, 4.674870776043505300, 17.84653915999738800 ) ) ;
#140 = ORIENTED_EDGE ( 'NONE', *, *, #3423, .F. ) ;
#141 = CARTESIAN_POINT ( 'NONE',  ( -8.119736658171515100, 7.157156118639027100, 16.06455342055750200 ) ) ;
#142 = AXIS2_PLACEMENT_3D ( 'NONE', #427, #1994, #3106 ) ;
#143 = CARTESIAN_POINT ( 'NONE',  ( 7.215693552927583600, 3.433728050141748900, 16.47949837071017100 ) ) ;
#144 = CARTESIAN_POINT ( 'NONE',  ( -4.194055917732934600, 4.142112498812869200, 17.50456783125277100 ) ) ;
#145 = ORIENTED_EDGE ( 'NONE', *, *, #3342, .F. ) ;
#146 = VECTOR ( 'NONE', #1336, 1000.000000000000000 ) ;
#147 = CARTESIAN_POINT ( 'NONE',  ( 18.00000000000000400, 47.38456000000000800, 2.204364238465235400E-015 ) ) ;
#148 = EDGE_CURVE ( 'NONE', #4529, #2395, #407, .T. ) ;
#149 = EDGE_LOOP ( 'NONE', ( #3710, #945, #3615, #3994 ) ) ;
#150 = ORIENTED_EDGE ( 'NONE', *, *, #1386, .F. ) ;
#151 = CARTESIAN_POINT ( 'NONE',  ( 3.835533905932737100, 55.63999999999999300, 4.135533905932737400 ) ) ;
#152 = CARTESIAN_POINT ( 'NONE',  ( -7.096777331776744200, 6.098614144212130700, 16.55034687751276900 ) ) ;
#153 =( NAMED_UNIT ( * ) PLANE_ANGLE_UNIT ( ) SI_UNIT ( $, .RADIAN. ) );
#154 = VECTOR ( 'NONE', #3297, 1000.000000000000000 ) ;
#155 = ORIENTED_EDGE ( 'NONE', *, *, #2599, .T. ) ;
#156 = EDGE_CURVE ( 'NONE', #245, #3841, #4850, .T. ) ;
#157 =( NAMED_UNIT ( * ) SI_UNIT ( $, .STERADIAN. ) SOLID_ANGLE_UNIT ( ) );
#158 = CARTESIAN_POINT ( 'NONE',  ( 7.479237104459395300, 4.435229172629996200, 16.36410350474243100 ) ) ;
#159 =( LENGTH_UNIT ( ) NAMED_UNIT ( * ) SI_UNIT ( .MILLI., .METRE. ) );
#160 = CARTESIAN_POINT ( 'NONE',  ( -3.835533905932737600, 51.98999999999999500, -3.835533905932737600 ) ) ;
#161 = EDGE_CURVE ( 'NONE', #4183, #444, #1259, .T. ) ;
#162 = SURFACE_SIDE_STYLE ('',( #2244 ) ) ;
#163 = PRESENTATION_LAYER_ASSIGNMENT (  '', '', ( #2984 ) ) ;
#164 = B_SPLINE_CURVE_WITH_KNOTS ( 'NONE', 3,
 ( #1315, #4697, #940, #4285 ),
 .UNSPECIFIED., .F., .F.,
 ( 4, 4 ),
 ( 0.0000000000000000000, 1.000000000000000000 ),
 .UNSPECIFIED. ) ;
#165 = SURFACE_SIDE_STYLE ('',( #1038 ) ) ;
#166 = LINE ( 'NONE', #151, #3325 ) ;
#167 =( GEOMETRIC_REPRESENTATION_CONTEXT ( 3 ) GLOBAL_UNCERTAINTY_ASSIGNED_CONTEXT ( ( #3619 ) ) GLOBAL_UNIT_ASSIGNED_CONTEXT ( ( #433, #2375, #845 ) ) REPRESENTATION_CONTEXT ( 'NONE', 'WORKASPACE' ) );
#168 = PLANE ( 'NONE',  #4530 ) ;
#169 = CIRCLE ( 'NONE', #2283, 18.00000000000000000 ) ;
#170 = CARTESIAN_POINT ( 'NONE',  ( 3.076261839543649800, 7.157156118639020000, 17.72841384724002700 ) ) ;
#171 = STYLED_ITEM ( 'NONE', ( #1724 ), #4739 ) ;
#172 = COLOUR_RGB ( '',0.8980392156862745400, 0.9215686274509803400, 0.9294117647058823800 ) ;
#173 = CARTESIAN_POINT ( 'NONE',  ( -2.163656463653873500, 4.142112498812855000, 17.86948770131054000 ) ) ;
#174 = CARTESIAN_POINT ( 'NONE',  ( -2.168273083208575700, 5.755863672348045400, 17.85885471794407000 ) ) ;
#175 = CARTESIAN_POINT ( 'NONE',  ( 0.0000000000000000000, 3.433728050141728000, 0.0000000000000000000 ) ) ;
#176 =( NAMED_UNIT ( * ) PLANE_ANGLE_UNIT ( ) SI_UNIT ( $, .RADIAN. ) );
#177 = SURFACE_STYLE_FILL_AREA ( #1096 ) ;
#178 = PRESENTATION_STYLE_ASSIGNMENT (( #3653 ) ) ;
#179 = DIRECTION ( 'NONE',  ( 1.000000000000000000, 0.0000000000000000000, 0.0000000000000000000 ) ) ;
#180 = STYLED_ITEM ( 'NONE', ( #2312 ), #4845 ) ;
#181 = VERTEX_POINT ( 'NONE', #1703 ) ;
#182 =( NAMED_UNIT ( * ) PLANE_ANGLE_UNIT ( ) SI_UNIT ( $, .RADIAN. ) );
#183 = EDGE_CURVE ( 'NONE', #2330, #1943, #1299, .T. ) ;
#184 = ORIENTED_EDGE ( 'NONE', *, *, #1977, .T. ) ;
#185 = CARTESIAN_POINT ( 'NONE',  ( 7.997718135403983900, 6.438231380337250600, 16.11448431153259600 ) ) ;
#186 = VERTEX_POINT ( 'NONE', #2084 ) ;
#187 = EDGE_LOOP ( 'NONE', ( #3232, #3698, #1501, #2041, #1942, #2905, #4594, #553, #2848, #1873, #2561, #2853, #3654, #788, #4627, #3366, #423, #4162 ) ) ;
#188 =( GEOMETRIC_REPRESENTATION_CONTEXT ( 3 ) GLOBAL_UNCERTAINTY_ASSIGNED_CONTEXT ( ( #1508 ) ) GLOBAL_UNIT_ASSIGNED_CONTEXT ( ( #2978, #4847, #4409 ) ) REPRESENTATION_CONTEXT ( 'NONE', 'WORKASPACE' ) );
#189 = B_SPLINE_CURVE_WITH_KNOTS ( 'NONE', 3,
 ( #4138, #4116, #1545, #1864 ),
 .UNSPECIFIED., .F., .F.,
 ( 4, 4 ),
 ( 0.0000000000000000000, 1.000000000000000000 ),
 .UNSPECIFIED. ) ;
#190 =( NAMED_UNIT ( * ) SI_UNIT ( $, .STERADIAN. ) SOLID_ANGLE_UNIT ( ) );
#191 = ORIENTED_EDGE ( 'NONE', *, *, #816, .T. ) ;
#192 = VERTEX_POINT ( 'NONE', #3164 ) ;
#193 = STYLED_ITEM ( 'NONE', ( #3261 ), #2600 ) ;
#194 =( NAMED_UNIT ( * ) PLANE_ANGLE_UNIT ( ) SI_UNIT ( $, .RADIAN. ) );
#195 = CARTESIAN_POINT ( 'NONE',  ( 0.0000000000000000000, 52.48999999999999500, 0.0000000000000000000 ) ) ;
#196 = EDGE_LOOP ( 'NONE', ( #1276, #136, #3608, #75 ) ) ;
#197 =( LENGTH_UNIT ( ) NAMED_UNIT ( * ) SI_UNIT ( .MILLI., .METRE. ) );
#198 = CARTESIAN_POINT ( 'NONE',  ( 0.0000000000000000000, 5.755863672348024100, 0.0000000000000000000 ) ) ;
#199 =( NAMED_UNIT ( * ) PLANE_ANGLE_UNIT ( ) SI_UNIT ( $, .RADIAN. ) );
#200 = ORIENTED_EDGE ( 'NONE', *, *, #4256, .F. ) ;
#201 = STYLED_ITEM ( 'NONE', ( #486 ), #4075 ) ;
#202 = PLANE ( 'NONE',  #3699 ) ;
#203 = COLOUR_RGB ( '',0.1019607843137254900, 0.1019607843137254900, 0.1019607843137254900 ) ;
#204 = ORIENTED_EDGE ( 'NONE', *, *, #183, .F. ) ;
#205 = CARTESIAN_POINT ( 'NONE',  ( 9.077643210315235600, 7.157156118639020000, 15.53565055575922900 ) ) ;
#206 = CARTESIAN_POINT ( 'NONE',  ( 4.902125314625492600, 6.446696063015289200, 17.32895431093611900 ) ) ;
#207 = VECTOR ( 'NONE', #2554, 1000.000000000000000 ) ;
#208 = PRESENTATION_LAYER_ASSIGNMENT (  '', '', ( #3073 ) ) ;
#209 = PRESENTATION_STYLE_ASSIGNMENT (( #3978 ) ) ;
#210 = CARTESIAN_POINT ( 'NONE',  ( -4.585533905932739400, 52.48999999999999500, -1.199999999999995300 ) ) ;
#211 = LINE ( 'NONE', #4438, #3096 ) ;
#212 = EDGE_CURVE ( 'NONE', #3774, #2402, #440, .T. ) ;
#213 = CARTESIAN_POINT ( 'NONE',  ( -2.485533905932738800, 51.98999999999999500, 1.200000000000004000 ) ) ;
#214 = B_SPLINE_SURFACE_WITH_KNOTS ( 'NONE', 1, 3, ( 
 ( #3136, #4668, #152, #2479 ),
 ( #928, #2114, #4275, #4683 ) ),
 .UNSPECIFIED., .F., .F., .F.,
 ( 2, 2 ),
 ( 4, 4 ),
 ( 0.0000000000000000000, 1.000000000000000000 ),
 ( 0.0000000000000000000, 1.000000000000000000 ),
 .UNSPECIFIED. ) ;
#215 = AXIS2_PLACEMENT_3D ( 'NONE', #391, #3415, #3452 ) ;
#216 = DIRECTION ( 'NONE',  ( 0.9383331788912044900, 0.0000000000000000000, -0.3457323320025580400 ) ) ;
#217 = FILL_AREA_STYLE_COLOUR ( '', #2067 ) ;
#218 = EDGE_CURVE ( 'NONE', #2510, #1868, #4160, .T. ) ;
#219 =( LENGTH_UNIT ( ) NAMED_UNIT ( * ) SI_UNIT ( .MILLI., .METRE. ) );
#220 = UNCERTAINTY_MEASURE_WITH_UNIT (LENGTH_MEASURE( 1.000000000000000100E-005 ), #4076, 'distance_accuracy_value', 'NONE');
#221 =( NAMED_UNIT ( * ) SI_UNIT ( $, .STERADIAN. ) SOLID_ANGLE_UNIT ( ) );
#222 = DIRECTION ( 'NONE',  ( 0.0000000000000000000, 0.0000000000000000000, -1.000000000000000000 ) ) ;
#223 = CIRCLE ( 'NONE', #1503, 18.00000000000000000 ) ;
#224 =( GEOMETRIC_REPRESENTATION_CONTEXT ( 3 ) GLOBAL_UNCERTAINTY_ASSIGNED_CONTEXT ( ( #3446 ) ) GLOBAL_UNIT_ASSIGNED_CONTEXT ( ( #426, #1218, #3053 ) ) REPRESENTATION_CONTEXT ( 'NONE', 'WORKASPACE' ) );
#225 = B_SPLINE_CURVE_WITH_KNOTS ( 'NONE', 1,
 ( #2981, #1851 ),
 .UNSPECIFIED., .F., .F.,
 ( 2, 2 ),
 ( 0.0000000000000000000, 1.000000000000000000 ),
 .UNSPECIFIED. ) ;
#226 = DIRECTION ( 'NONE',  ( 0.0000000000000000000, 1.000000000000000000, 0.0000000000000000000 ) ) ;
#227 = AXIS2_PLACEMENT_3D ( 'NONE', #3038, #3401, #4467 ) ;
#228 = SURFACE_SIDE_STYLE ('',( #2799 ) ) ;
#229 = SURFACE_STYLE_FILL_AREA ( #4648 ) ;
#230 = CARTESIAN_POINT ( 'NONE',  ( -3.535533905932737300, 52.48999999999999500, 1.200000000000000000 ) ) ;
#231 =( NAMED_UNIT ( * ) SI_UNIT ( $, .STERADIAN. ) SOLID_ANGLE_UNIT ( ) );
#232 = EDGE_CURVE ( 'NONE', #3990, #2172, #280, .T. ) ;
#233 = PRESENTATION_STYLE_ASSIGNMENT (( #1151 ) ) ;
#234 = SURFACE_SIDE_STYLE ('',( #1839 ) ) ;
#235 = ORIENTED_EDGE ( 'NONE', *, *, #3342, .T. ) ;
#236 = CARTESIAN_POINT ( 'NONE',  ( 5.980591205886606000, 6.443495864422721400, 16.96680962432453700 ) ) ;
#237 = ORIENTED_EDGE ( 'NONE', *, *, #3310, .T. ) ;
#238 = CARTESIAN_POINT ( 'NONE',  ( -3.235533905932737500, 58.78999999999999200, -3.235533905932737500 ) ) ;
#239 = CARTESIAN_POINT ( 'NONE',  ( -1.803824014332066700, 6.684665842468109400, 17.89946413009136700 ) ) ;
#240 =( NAMED_UNIT ( * ) SI_UNIT ( $, .STERADIAN. ) SOLID_ANGLE_UNIT ( ) );
#241 = AXIS2_PLACEMENT_3D ( 'NONE', #3902, #3502, #3857 ) ;
#242 = CARTESIAN_POINT ( 'NONE',  ( 0.0000000000000000000, 3.433728050141728000, 0.0000000000000000000 ) ) ;
#243 = ORIENTED_EDGE ( 'NONE', *, *, #1232, .T. ) ;
#244 = EDGE_LOOP ( 'NONE', ( #1505, #184, #2096, #1627, #2455, #837, #374, #495, #4741, #546, #4, #836, #1051, #2066, #3938, #4671, #3560, #926, #4303, #1376, #2400, #2344, #2566, #2490 ) ) ;
#245 = VERTEX_POINT ( 'NONE', #253 ) ;
#246 = EDGE_CURVE ( 'NONE', #3505, #2503, #4672, .T. ) ;
#247 = AXIS2_PLACEMENT_3D ( 'NONE', #4192, #3767, #420 ) ;
#248 = ORIENTED_EDGE ( 'NONE', *, *, #1355, .F. ) ;
#249 = DIRECTION ( 'NONE',  ( -1.000000000000000000, 0.0000000000000000000, 0.0000000000000000000 ) ) ;
#250 = ORIENTED_EDGE ( 'NONE', *, *, #156, .F. ) ;
#251 = AXIS2_PLACEMENT_3D ( 'NONE', #329, #4121, #7 ) ;
#252 = CARTESIAN_POINT ( 'NONE',  ( -6.332304621702353300, 4.781541626382687800, 16.85170460636913600 ) ) ;
#253 = CARTESIAN_POINT ( 'NONE',  ( 4.585533905932739400, 51.98999999999999500, -1.200000000000004400 ) ) ;
#254 = ORIENTED_EDGE ( 'NONE', *, *, #2221, .T. ) ;
#255 = ORIENTED_EDGE ( 'NONE', *, *, #4807, .F. ) ;
#256 =( NAMED_UNIT ( * ) PLANE_ANGLE_UNIT ( ) SI_UNIT ( $, .RADIAN. ) );
#257 = AXIS2_PLACEMENT_3D ( 'NONE', #3200, #679, #4762 ) ;
#258 = VERTEX_POINT ( 'NONE', #2917 ) ;
#259 = CIRCLE ( 'NONE', #532, 18.00000000000000000 ) ;
#260 = ADVANCED_FACE ( 'NONE', ( #2196 ), #2512, .F. ) ;
#261 = CARTESIAN_POINT ( 'NONE',  ( 7.035057739732624600, 6.438231380346604000, 16.55741714756948500 ) ) ;
#262 = CARTESIAN_POINT ( 'NONE',  ( 3.235533905932737500, 51.98999999999999500, 3.835533905932737600 ) ) ;
#263 = CARTESIAN_POINT ( 'NONE',  ( 4.154406793700010400, 5.755739136159496300, 17.51402021788427600 ) ) ;
#264 = SURFACE_SIDE_STYLE ('',( #3785 ) ) ;
#265 = CARTESIAN_POINT ( 'NONE',  ( 0.0000000000000000000, 3.433728050141728000, 0.0000000000000000000 ) ) ;
#266 = CARTESIAN_POINT ( 'NONE',  ( -1.804826695829749200, 6.684665842468112000, 17.90941380442716400 ) ) ;
#267 = CARTESIAN_POINT ( 'NONE',  ( 18.00000000000000000, 44.61544000000000700, 2.204364238465235400E-015 ) ) ;
#268 = EDGE_CURVE ( 'NONE', #4679, #2039, #3580, .T. ) ;
#269 =( NAMED_UNIT ( * ) SI_UNIT ( $, .STERADIAN. ) SOLID_ANGLE_UNIT ( ) );
#270 = AXIS2_PLACEMENT_3D ( 'NONE', #2272, #4477, #2609 ) ;
#271 =( LENGTH_UNIT ( ) NAMED_UNIT ( * ) SI_UNIT ( .MILLI., .METRE. ) );
#272 = SURFACE_STYLE_FILL_AREA ( #3153 ) ;
#273 = CARTESIAN_POINT ( 'NONE',  ( -5.409855967641747500, 3.433728050141728000, 17.16430801169921900 ) ) ;
#274 = CARTESIAN_POINT ( 'NONE',  ( -4.723771170546279500, 5.916013392587634800, 17.36241633566728700 ) ) ;
#275 = SURFACE_STYLE_FILL_AREA ( #2975 ) ;
#276 = VECTOR ( 'NONE', #1424, 1000.000000000000000 ) ;
#277 = SURFACE_STYLE_USAGE ( .BOTH. , #264 ) ;
#278 = TOROIDAL_SURFACE ( 'NONE', #384, 15.92640000000000100, 2.073599999999999900 ) ;
#279 = MECHANICAL_DESIGN_GEOMETRIC_PRESENTATION_REPRESENTATION (  '', ( #3911 ), #891 ) ;
#280 = LINE ( 'NONE', #238, #342 ) ;
#281 = PRODUCT ( 'CARS_K2P_35X50_D36L52S10LL6.8F1.6', 'CARS_K2P_35X50_D36L52S10LL6.8F1.6', '', ( #1365 ) ) ;
#282 = CARTESIAN_POINT ( 'NONE',  ( 4.350223650374530000, 6.448296168183411200, 17.46641217284540200 ) ) ;
#283 = EDGE_CURVE ( 'NONE', #2503, #2443, #2091, .T. ) ;
#284 = VERTEX_POINT ( 'NONE', #3223 ) ;
#285 = PRESENTATION_STYLE_ASSIGNMENT (( #1708 ) ) ;
#286 = SURFACE_STYLE_USAGE ( .BOTH. , #340 ) ;
#287 = FILL_AREA_STYLE ('',( #1432 ) ) ;
#288 = DIRECTION ( 'NONE',  ( 1.063582591085940900E-017, 1.000000000000000000, -0.0000000000000000000 ) ) ;
#289 = ORIENTED_EDGE ( 'NONE', *, *, #1193, .F. ) ;
#290 =( GEOMETRIC_REPRESENTATION_CONTEXT ( 3 ) GLOBAL_UNCERTAINTY_ASSIGNED_CONTEXT ( ( #3704 ) ) GLOBAL_UNIT_ASSIGNED_CONTEXT ( ( #322, #2277, #4111 ) ) REPRESENTATION_CONTEXT ( 'NONE', 'WORKASPACE' ) );
#291 =( LENGTH_UNIT ( ) NAMED_UNIT ( * ) SI_UNIT ( .MILLI., .METRE. ) );
#292 = ORIENTED_EDGE ( 'NONE', *, *, #4082, .T. ) ;
#293 = VERTEX_POINT ( 'NONE', #2525 ) ;
#294 = SURFACE_STYLE_FILL_AREA ( #850 ) ;
#295 = CARTESIAN_POINT ( 'NONE',  ( -2.169478348957994700, 5.755863672348031200, 17.86878181895459500 ) ) ;
#296 = EDGE_CURVE ( 'NONE', #293, #2850, #2716, .T. ) ;
#297 = CARTESIAN_POINT ( 'NONE',  ( -6.328786674695501300, 4.781541626396189000, 16.84234254825244300 ) ) ;
#298 = EDGE_LOOP ( 'NONE', ( #3243, #2154, #3026, #4757, #4695 ) ) ;
#299 = SURFACE_STYLE_USAGE ( .BOTH. , #4039 ) ;
#300 = SURFACE_SIDE_STYLE ('',( #449 ) ) ;
#301 = VERTEX_POINT ( 'NONE', #1441 ) ;
#302 = STYLED_ITEM ( 'NONE', ( #3328 ), #807 ) ;
#303 = B_SPLINE_CURVE_WITH_KNOTS ( 'NONE', 3,
 ( #3568, #2860, #1854, #1053 ),
 .UNSPECIFIED., .F., .F.,
 ( 4, 4 ),
 ( 0.0000000000000000000, 1.000000000000000000 ),
 .UNSPECIFIED. ) ;
#304 = CARTESIAN_POINT ( 'NONE',  ( -0.5324048739991806800, 6.748598189941231100, 17.98212014891853300 ) ) ;
#305 = ORIENTED_EDGE ( 'NONE', *, *, #933, .F. ) ;
#306 = EDGE_CURVE ( 'NONE', #3193, #2758, #693, .T. ) ;
#307 = FACE_OUTER_BOUND ( 'NONE', #3561, .T. ) ;
#308 = AXIS2_PLACEMENT_3D ( 'NONE', #1455, #249, #1639 ) ;
#309 = ADVANCED_FACE ( 'NONE', ( #119 ), #3624, .T. ) ;
#310 = VERTEX_POINT ( 'NONE', #2127 ) ;
#311 =( LENGTH_UNIT ( ) NAMED_UNIT ( * ) SI_UNIT ( .MILLI., .METRE. ) );
#312 = FACE_OUTER_BOUND ( 'NONE', #1050, .T. ) ;
#313 = EDGE_LOOP ( 'NONE', ( #2792, #1569, #3353, #3238 ) ) ;
#314 = PRESENTATION_LAYER_ASSIGNMENT (  '', '', ( #2300 ) ) ;
#315 = SURFACE_SIDE_STYLE ('',( #2218 ) ) ;
#316 =( NAMED_UNIT ( * ) SI_UNIT ( $, .STERADIAN. ) SOLID_ANGLE_UNIT ( ) );
#317 = FILL_AREA_STYLE ('',( #1477 ) ) ;
#318 = CYLINDRICAL_SURFACE ( 'NONE', #3623, 18.00000000000000000 ) ;
#319 = CARTESIAN_POINT ( 'NONE',  ( 0.1401395366268234900, 4.497091266323513600, 17.98945415820819000 ) ) ;
#320 = CARTESIAN_POINT ( 'NONE',  ( 0.0000000000000000000, 7.157156118639054700, 0.0000000000000000000 ) ) ;
#321 = CARTESIAN_POINT ( 'NONE',  ( 8.002163781949512600, 6.438231380337257700, 16.12344177918770100 ) ) ;
#322 =( LENGTH_UNIT ( ) NAMED_UNIT ( * ) SI_UNIT ( .MILLI., .METRE. ) );
#323 = B_SPLINE_SURFACE_WITH_KNOTS ( 'NONE', 1, 3, ( 
 ( #3674, #1833, #4780, #2584 ),
 ( #304, #3750, #1146, #1606 ) ),
 .UNSPECIFIED., .F., .F., .F.,
 ( 2, 2 ),
 ( 4, 4 ),
 ( 0.0000000000000000000, 1.000000000000000000 ),
 ( 0.0000000000000000000, 1.000000000000000000 ),
 .UNSPECIFIED. ) ;
#324 = CARTESIAN_POINT ( 'NONE',  ( -8.125282227594484000, 3.433728050141748900, 16.05054169559199600 ) ) ;
#325 =( NAMED_UNIT ( * ) SI_UNIT ( $, .STERADIAN. ) SOLID_ANGLE_UNIT ( ) );
#326 = CIRCLE ( 'NONE', #215, 2.073600000000001700 ) ;
#327 = B_SPLINE_CURVE_WITH_KNOTS ( 'NONE', 3,
 ( #2676, #1536, #4485, #1486 ),
 .UNSPECIFIED., .F., .F.,
 ( 4, 4 ),
 ( 0.0000000000000000000, 1.000000000000000000 ),
 .UNSPECIFIED. ) ;
#328 = PRESENTATION_LAYER_ASSIGNMENT (  '', '', ( #2718 ) ) ;
#329 = CARTESIAN_POINT ( 'NONE',  ( 0.0000000000000000000, 3.433728050141762600, 0.0000000000000000000 ) ) ;
#330 =( NAMED_UNIT ( * ) PLANE_ANGLE_UNIT ( ) SI_UNIT ( $, .RADIAN. ) );
#331 = FACE_OUTER_BOUND ( 'NONE', #3293, .T. ) ;
#332 = CARTESIAN_POINT ( 'NONE',  ( -3.677590117806580400, 5.986716016364046500, 17.61022255020329300 ) ) ;
#333 = ADVANCED_FACE ( 'NONE', ( #403 ), #3683, .F. ) ;
#334 =( NAMED_UNIT ( * ) PLANE_ANGLE_UNIT ( ) SI_UNIT ( $, .RADIAN. ) );
#335 = EDGE_CURVE ( 'NONE', #4682, #1319, #3115, .T. ) ;
#336 = CARTESIAN_POINT ( 'NONE',  ( 5.980591205886636200, 6.443495864422735600, 16.96680962432452600 ) ) ;
#337 = AXIS2_PLACEMENT_3D ( 'NONE', #4390, #1033, #370 ) ;
#338 = CARTESIAN_POINT ( 'NONE',  ( 8.897060037837761100, 6.438150448534705600, 15.63593370039379200 ) ) ;
#339 = FACE_OUTER_BOUND ( 'NONE', #4452, .T. ) ;
#340 = SURFACE_SIDE_STYLE ('',( #2086 ) ) ;
#341 = CARTESIAN_POINT ( 'NONE',  ( 1.074662644147683400, 3.433728050141748900, 17.95787293087000000 ) ) ;
#342 = VECTOR ( 'NONE', #3988, 1000.000000000000100 ) ;
#343 = MECHANICAL_DESIGN_GEOMETRIC_PRESENTATION_REPRESENTATION (  '', ( #2300 ), #4828 ) ;
#344 = COLOUR_RGB ( '',0.8980392156862745400, 0.9215686274509803400, 0.9294117647058823800 ) ;
#345 = CARTESIAN_POINT ( 'NONE',  ( 4.282660302386291000, 6.217443824175439300, 17.47293415762336400 ) ) ;
#346 = SURFACE_STYLE_FILL_AREA ( #4152 ) ;
#347 = PLANE ( 'NONE',  #2897 ) ;
#348 = CARTESIAN_POINT ( 'NONE',  ( 2.865392713725909100E-016, 44.61544000000000700, 0.0000000000000000000 ) ) ;
#349 =( NAMED_UNIT ( * ) SI_UNIT ( $, .STERADIAN. ) SOLID_ANGLE_UNIT ( ) );
#350 = ORIENTED_EDGE ( 'NONE', *, *, #1409, .F. ) ;
#351 = ORIENTED_EDGE ( 'NONE', *, *, #3894, .T. ) ;
#352 = FILL_AREA_STYLE ('',( #4331 ) ) ;
#353 = FILL_AREA_STYLE_COLOUR ( '', #2868 ) ;
#354 =( LENGTH_UNIT ( ) NAMED_UNIT ( * ) SI_UNIT ( .MILLI., .METRE. ) );
#355 = CARTESIAN_POINT ( 'NONE',  ( 3.835533905932737100, 55.63999999999999300, 3.535533905932737300 ) ) ;
#356 = ORIENTED_EDGE ( 'NONE', *, *, #2355, .F. ) ;
#357 = EDGE_LOOP ( 'NONE', ( #4577, #1308, #1747, #3645 ) ) ;
#358 = ADVANCED_FACE ( 'NONE', ( #3927 ), #4088, .F. ) ;
#359 = ORIENTED_EDGE ( 'NONE', *, *, #2125, .F. ) ;
#360 = ORIENTED_EDGE ( 'NONE', *, *, #4816, .F. ) ;
#361 =( GEOMETRIC_REPRESENTATION_CONTEXT ( 3 ) GLOBAL_UNCERTAINTY_ASSIGNED_CONTEXT ( ( #2713 ) ) GLOBAL_UNIT_ASSIGNED_CONTEXT ( ( #3265, #2182, #4031 ) ) REPRESENTATION_CONTEXT ( 'NONE', 'WORKASPACE' ) );
#362 = FILL_AREA_STYLE_COLOUR ( '', #2301 ) ;
#363 = ORIENTED_EDGE ( 'NONE', *, *, #2132, .T. ) ;
#364 = ORIENTED_EDGE ( 'NONE', *, *, #1118, .T. ) ;
#365 = CARTESIAN_POINT ( 'NONE',  ( 1.444899561218206300, 5.654283659532813600, 17.94144699954837600 ) ) ;
#366 = UNCERTAINTY_MEASURE_WITH_UNIT (LENGTH_MEASURE( 1.000000000000000100E-005 ), #953, 'distance_accuracy_value', 'NONE');
#367 = EDGE_CURVE ( 'NONE', #4391, #2264, #1669, .T. ) ;
#368 = DIRECTION ( 'NONE',  ( -1.000000000000000000, 1.063582591085940900E-017, 0.0000000000000000000 ) ) ;
#369 =( LENGTH_UNIT ( ) NAMED_UNIT ( * ) SI_UNIT ( .MILLI., .METRE. ) );
#370 = DIRECTION ( 'NONE',  ( 0.0000000000000000000, 0.0000000000000000000, 1.000000000000000000 ) ) ;
#371 = PRESENTATION_LAYER_ASSIGNMENT (  '', '', ( #711 ) ) ;
#372 = ORIENTED_EDGE ( 'NONE', *, *, #123, .F. ) ;
#373 =( NAMED_UNIT ( * ) PLANE_ANGLE_UNIT ( ) SI_UNIT ( $, .RADIAN. ) );
#374 = ORIENTED_EDGE ( 'NONE', *, *, #212, .T. ) ;
#375 = STYLED_ITEM ( 'NONE', ( #2031 ), #68 ) ;
#376 = FILL_AREA_STYLE_COLOUR ( '', #4747 ) ;
#377 = MECHANICAL_DESIGN_GEOMETRIC_PRESENTATION_REPRESENTATION (  '', ( #3807 ), #3906 ) ;
#378 = CARTESIAN_POINT ( 'NONE',  ( 0.8596101530770404700, 4.544006528805674300, 17.97899680129421900 ) ) ;
#379 = DIRECTION ( 'NONE',  ( 0.0000000000000000000, 1.000000000000000000, 0.0000000000000000000 ) ) ;
#380 = ORIENTED_EDGE ( 'NONE', *, *, #4579, .T. ) ;
#381 = FACE_OUTER_BOUND ( 'NONE', #2117, .T. ) ;
#382 =( LENGTH_UNIT ( ) NAMED_UNIT ( * ) SI_UNIT ( .MILLI., .METRE. ) );
#383 = FILL_AREA_STYLE_COLOUR ( '', #2009 ) ;
#384 = AXIS2_PLACEMENT_3D ( 'NONE', #2248, #1515, #2623 ) ;
#385 = FILL_AREA_STYLE ('',( #2247 ) ) ;
#386 = CARTESIAN_POINT ( 'NONE',  ( -6.112394054107641100, 7.157156118639027100, 16.93040575199866600 ) ) ;
#387 = ADVANCED_FACE ( 'NONE', ( #2435 ), #3526, .F. ) ;
#388 = PRESENTATION_STYLE_ASSIGNMENT (( #2175 ) ) ;
#389 = FILL_AREA_STYLE_COLOUR ( '', #617 ) ;
#390 = EDGE_CURVE ( 'NONE', #955, #2859, #3202, .T. ) ;
#391 = CARTESIAN_POINT ( 'NONE',  ( 1.950421478194040600E-015, 2.073600000000001700, -15.92640000000000100 ) ) ;
#392 = STYLED_ITEM ( 'NONE', ( #3689 ), #4505 ) ;
#393 = COLOUR_RGB ( '',0.8980392156862745400, 0.9215686274509803400, 0.9294117647058823800 ) ;
#394 = CARTESIAN_POINT ( 'NONE',  ( 9.021537699807966600, 6.917487561927836200, 15.57615490154215500 ) ) ;
#395 = CIRCLE ( 'NONE', #4324, 18.00000000000000000 ) ;
#396 =( GEOMETRIC_REPRESENTATION_CONTEXT ( 3 ) GLOBAL_UNCERTAINTY_ASSIGNED_CONTEXT ( ( #3081 ) ) GLOBAL_UNIT_ASSIGNED_CONTEXT ( ( #474, #1229, #190 ) ) REPRESENTATION_CONTEXT ( 'NONE', 'WORKASPACE' ) );
#397 = SURFACE_STYLE_FILL_AREA ( #2378 ) ;
#398 = CARTESIAN_POINT ( 'NONE',  ( 2.724303382946106300, 5.916013392774623900, 17.78610307991309700 ) ) ;
#399 = DIRECTION ( 'NONE',  ( -0.0000000000000000000, -1.000000000000000000, -0.0000000000000000000 ) ) ;
#400 = CARTESIAN_POINT ( 'NONE',  ( -2.363206841914657500, 5.067529549057203700, 17.83410646548707100 ) ) ;
#401 = EDGE_CURVE ( 'NONE', #703, #2791, #1911, .T. ) ;
#402 = CARTESIAN_POINT ( 'NONE',  ( -7.608679787506400100, 5.455448435884802500, 16.31281679818637200 ) ) ;
#403 = FACE_OUTER_BOUND ( 'NONE', #130, .T. ) ;
#404 =( GEOMETRIC_REPRESENTATION_CONTEXT ( 3 ) GLOBAL_UNCERTAINTY_ASSIGNED_CONTEXT ( ( #4649 ) ) GLOBAL_UNIT_ASSIGNED_CONTEXT ( ( #2556, #1011, #3649 ) ) REPRESENTATION_CONTEXT ( 'NONE', 'WORKASPACE' ) );
#405 = DIRECTION ( 'NONE',  ( 1.000000000000000000, 0.0000000000000000000, 0.0000000000000000000 ) ) ;
#406 = SURFACE_SIDE_STYLE ('',( #2656 ) ) ;
#407 = LINE ( 'NONE', #904, #2603 ) ;
#408 = ADVANCED_FACE ( 'NONE', ( #1781 ), #122, .F. ) ;
#409 = PRESENTATION_STYLE_ASSIGNMENT (( #1228 ) ) ;
#410 = SURFACE_SIDE_STYLE ('',( #1300 ) ) ;
#411 = MECHANICAL_DESIGN_GEOMETRIC_PRESENTATION_REPRESENTATION (  '', ( #4758 ), #1172 ) ;
#412 = VERTEX_POINT ( 'NONE', #2249 ) ;
#413 = CARTESIAN_POINT ( 'NONE',  ( 2.077392858329638600E-015, 52.00000000000000000, -15.92640000000000100 ) ) ;
#414 = SURFACE_STYLE_FILL_AREA ( #429 ) ;
#415 = CARTESIAN_POINT ( 'NONE',  ( -0.8493550914842221700, 5.643641456490208000, 17.97273605854394800 ) ) ;
#416 = CARTESIAN_POINT ( 'NONE',  ( 3.235533905932737500, 55.63999999999999300, 3.535533905932737300 ) ) ;
#417 = VERTEX_POINT ( 'NONE', #1563 ) ;
#418 = EDGE_LOOP ( 'NONE', ( #1804, #255, #584, #995 ) ) ;
#419 = ORIENTED_EDGE ( 'NONE', *, *, #3660, .T. ) ;
#420 = DIRECTION ( 'NONE',  ( 0.0000000000000000000, 0.9954954725939522100, 0.09480909262799543100 ) ) ;
#421 = AXIS2_PLACEMENT_3D ( 'NONE', #3262, #2181, #2922 ) ;
#422 = CARTESIAN_POINT ( 'NONE',  ( 0.2833995399151078000, 7.157156118639027100, 17.99776888119124200 ) ) ;
#423 = ORIENTED_EDGE ( 'NONE', *, *, #978, .F. ) ;
#424 = DIRECTION ( 'NONE',  ( 0.0000000000000000000, -0.0000000000000000000, 1.000000000000000000 ) ) ;
#425 = ORIENTED_EDGE ( 'NONE', *, *, #1020, .T. ) ;
#426 =( LENGTH_UNIT ( ) NAMED_UNIT ( * ) SI_UNIT ( .MILLI., .METRE. ) );
#427 = CARTESIAN_POINT ( 'NONE',  ( 3.159911496188699100E-016, 47.38456000000000800, 0.0000000000000000000 ) ) ;
#428 = VERTEX_POINT ( 'NONE', #436 ) ;
#429 = FILL_AREA_STYLE ('',( #3494 ) ) ;
#430 = TOROIDAL_SURFACE ( 'NONE', #3515, 18.00000000000000000, 1.384560000000000000 ) ;
#431 = CARTESIAN_POINT ( 'NONE',  ( 0.0000000000000000000, 7.157156118639040400, 0.0000000000000000000 ) ) ;
#432 = EDGE_LOOP ( 'NONE', ( #2936, #4701, #4072, #2880 ) ) ;
#433 =( LENGTH_UNIT ( ) NAMED_UNIT ( * ) SI_UNIT ( .MILLI., .METRE. ) );
#434 = ORIENTED_EDGE ( 'NONE', *, *, #625, .F. ) ;
#435 = EDGE_CURVE ( 'NONE', #3655, #485, #888, .T. ) ;
#436 = CARTESIAN_POINT ( 'NONE',  ( -4.946593443954788500, 7.157156118639040400, 17.30697007856151300 ) ) ;
#437 = ADVANCED_FACE ( 'NONE', ( #1167 ), #3463, .F. ) ;
#438 = CARTESIAN_POINT ( 'NONE',  ( 7.035057739732624600, 6.438231380346604000, 16.55741714756948500 ) ) ;
#439 = CARTESIAN_POINT ( 'NONE',  ( -7.437641011112430300, 6.098613663703029700, 16.39220893321652300 ) ) ;
#440 = B_SPLINE_CURVE_WITH_KNOTS ( 'NONE', 3,
 ( #1031, #658, #1756, #2158 ),
 .UNSPECIFIED., .F., .F.,
 ( 4, 4 ),
 ( 0.0000000000000000000, 1.000000000000000000 ),
 .UNSPECIFIED. ) ;
#441 = PRESENTATION_LAYER_ASSIGNMENT (  '', '', ( #1988 ) ) ;
#442 = CIRCLE ( 'NONE', #1358, 17.98999999999999800 ) ;
#443 = CARTESIAN_POINT ( 'NONE',  ( -3.935008161700457300, 5.067529549057189400, 17.55436728473432600 ) ) ;
#444 = VERTEX_POINT ( 'NONE', #1917 ) ;
#445 = CARTESIAN_POINT ( 'NONE',  ( 4.152098789925732400, 5.755739136159510500, 17.50429020665211900 ) ) ;
#446 = DIRECTION ( 'NONE',  ( -0.0000000000000000000, -1.000000000000000000, -0.0000000000000000000 ) ) ;
#447 = CARTESIAN_POINT ( 'NONE',  ( 3.963083197272411900, 5.067529549049522700, 17.55830206971895900 ) ) ;
#448 =( GEOMETRIC_REPRESENTATION_CONTEXT ( 3 ) GLOBAL_UNCERTAINTY_ASSIGNED_CONTEXT ( ( #4028 ) ) GLOBAL_UNIT_ASSIGNED_CONTEXT ( ( #1343, #934, #3957 ) ) REPRESENTATION_CONTEXT ( 'NONE', 'WORKASPACE' ) );
#449 = SURFACE_STYLE_FILL_AREA ( #3684 ) ;
#450 =( LENGTH_UNIT ( ) NAMED_UNIT ( * ) SI_UNIT ( .MILLI., .METRE. ) );
#451 = VECTOR ( 'NONE', #1445, 1000.000000000000100 ) ;
#452 = CARTESIAN_POINT ( 'NONE',  ( -3.235533905932737500, 58.78999999999999200, -3.835533905932737600 ) ) ;
#453 = AXIS2_PLACEMENT_3D ( 'NONE', #1240, #1657, #2037 ) ;
#454 = SURFACE_STYLE_FILL_AREA ( #2996 ) ;
#455 = CARTESIAN_POINT ( 'NONE',  ( 2.461070877187443400, 3.433728050141748900, 17.82086502214356100 ) ) ;
#456 = DIRECTION ( 'NONE',  ( -1.000000000000000000, 0.0000000000000000000, 0.0000000000000000000 ) ) ;
#457 = PRESENTATION_STYLE_ASSIGNMENT (( #1474 ) ) ;
#458 = FILL_AREA_STYLE ('',( #2345 ) ) ;
#459 = DIRECTION ( 'NONE',  ( 0.0000000000000000000, 0.0000000000000000000, 1.000000000000000000 ) ) ;
#460 = DIRECTION ( 'NONE',  ( 0.0000000000000000000, 0.0000000000000000000, -1.000000000000000000 ) ) ;
#461 = DIRECTION ( 'NONE',  ( 0.0000000000000000000, 1.000000000000000000, 0.0000000000000000000 ) ) ;
#462 = B_SPLINE_CURVE_WITH_KNOTS ( 'NONE', 3,
 ( #832, #508, #131, #476 ),
 .UNSPECIFIED., .F., .F.,
 ( 4, 4 ),
 ( 0.0000000000000000000, 1.000000000000000000 ),
 .UNSPECIFIED. ) ;
#463 =( LENGTH_UNIT ( ) NAMED_UNIT ( * ) SI_UNIT ( .MILLI., .METRE. ) );
#464 =( GEOMETRIC_REPRESENTATION_CONTEXT ( 3 ) GLOBAL_UNCERTAINTY_ASSIGNED_CONTEXT ( ( #2299 ) ) GLOBAL_UNIT_ASSIGNED_CONTEXT ( ( #354, #4481, #3687 ) ) REPRESENTATION_CONTEXT ( 'NONE', 'WORKASPACE' ) );
#465 = FILL_AREA_STYLE ('',( #504 ) ) ;
#466 = EDGE_CURVE ( 'NONE', #2510, #3841, #3397, .T. ) ;
#467 = CARTESIAN_POINT ( 'NONE',  ( -4.585533905932739400, 51.98999999999999500, -1.199999999999995300 ) ) ;
#468 = CARTESIAN_POINT ( 'NONE',  ( -2.485533905932738400, 51.98999999999999500, 4.171734828359475000E-015 ) ) ;
#469 = SURFACE_STYLE_FILL_AREA ( #3870 ) ;
#470 = MECHANICAL_DESIGN_GEOMETRIC_PRESENTATION_REPRESENTATION (  '', ( #4715 ), #4376 ) ;
#471 = CARTESIAN_POINT ( 'NONE',  ( 2.016709799052610800, 3.433728050141762600, 17.87660430804477900 ) ) ;
#472 = SURFACE_STYLE_FILL_AREA ( #1015 ) ;
#473 = CARTESIAN_POINT ( 'NONE',  ( -1.482068330595490500, 3.433728050141762600, 17.92884752189738200 ) ) ;
#474 =( LENGTH_UNIT ( ) NAMED_UNIT ( * ) SI_UNIT ( .MILLI., .METRE. ) );
#475 = VECTOR ( 'NONE', #4454, 1000.000000000000000 ) ;
#476 = CARTESIAN_POINT ( 'NONE',  ( 5.399926603580065700, 4.142248356456962100, 17.17092870743886500 ) ) ;
#477 = EDGE_CURVE ( 'NONE', #996, #2893, #1312, .T. ) ;
#478 = CARTESIAN_POINT ( 'NONE',  ( -4.191725886667526900, 4.142112498812869200, 17.49484307134651900 ) ) ;
#479 = AXIS2_PLACEMENT_3D ( 'NONE', #4565, #4600, #118 ) ;
#480 = LINE ( 'NONE', #3156, #2261 ) ;
#481 = DIRECTION ( 'NONE',  ( -0.0000000000000000000, -1.000000000000000000, -0.0000000000000000000 ) ) ;
#482 = CARTESIAN_POINT ( 'NONE',  ( 3.835533905932737600, 51.98999999999999500, 3.835533905932737600 ) ) ;
#483 = FILL_AREA_STYLE_COLOUR ( '', #4186 ) ;
#484 = ORIENTED_EDGE ( 'NONE', *, *, #4807, .T. ) ;
#485 = VERTEX_POINT ( 'NONE', #3047 ) ;
#486 = PRESENTATION_STYLE_ASSIGNMENT (( #2380 ) ) ;
#487 = PRESENTATION_LAYER_ASSIGNMENT (  '', '', ( #2090 ) ) ;
#488 = VERTEX_POINT ( 'NONE', #4504 ) ;
#489 = CARTESIAN_POINT ( 'NONE',  ( -1.301129270185848300, 7.157156118639040400, 17.95291237159769400 ) ) ;
#490 = VERTEX_POINT ( 'NONE', #2341 ) ;
#491 = ORIENTED_EDGE ( 'NONE', *, *, #3201, .F. ) ;
#492 = ORIENTED_EDGE ( 'NONE', *, *, #3194, .T. ) ;
#493 = CARTESIAN_POINT ( 'NONE',  ( -4.379980921414766500, 7.157156118639040400, 17.45897382803590100 ) ) ;
#494 = EDGE_CURVE ( 'NONE', #901, #1993, #2121, .T. ) ;
#495 = ORIENTED_EDGE ( 'NONE', *, *, #1500, .F. ) ;
#496 = EDGE_LOOP ( 'NONE', ( #1010, #4354, #2787, #350 ) ) ;
#497 = CARTESIAN_POINT ( 'NONE',  ( 5.687594160713491200, 5.755739136159496300, 17.06726025649745900 ) ) ;
#498 = PRESENTATION_STYLE_ASSIGNMENT (( #4188 ) ) ;
#499 = VECTOR ( 'NONE', #3903, 1000.000000000000000 ) ;
#500 = AXIS2_PLACEMENT_3D ( 'NONE', #3555, #3117, #3132 ) ;
#501 = ORIENTED_EDGE ( 'NONE', *, *, #1722, .T. ) ;
#502 = CARTESIAN_POINT ( 'NONE',  ( -4.946593443954788500, 7.157156118639040400, 17.30697007856151300 ) ) ;
#503 = DIRECTION ( 'NONE',  ( 1.000000000000000000, -0.0000000000000000000, 0.0000000000000000000 ) ) ;
#504 = FILL_AREA_STYLE_COLOUR ( '', #1906 ) ;
#505 = EDGE_CURVE ( 'NONE', #4048, #3139, #169, .T. ) ;
#506 = CARTESIAN_POINT ( 'NONE',  ( 0.0000000000000000000, 52.00000000000000000, -18.00000000000000000 ) ) ;
#507 = CIRCLE ( 'NONE', #270, 17.98999999999999800 ) ;
#508 = CARTESIAN_POINT ( 'NONE',  ( 5.397926630763924600, 4.142248356456955000, 17.16456910421388900 ) ) ;
#509 = AXIS2_PLACEMENT_3D ( 'NONE', #195, #572, #2902 ) ;
#510 = SURFACE_STYLE_FILL_AREA ( #3405 ) ;
#511 = CIRCLE ( 'NONE', #1465, 17.98999999999999800 ) ;
#512 =( GEOMETRIC_REPRESENTATION_CONTEXT ( 3 ) GLOBAL_UNCERTAINTY_ASSIGNED_CONTEXT ( ( #2116 ) ) GLOBAL_UNIT_ASSIGNED_CONTEXT ( ( #3030, #3427, #4502 ) ) REPRESENTATION_CONTEXT ( 'NONE', 'WORKASPACE' ) );
#513 =( NAMED_UNIT ( * ) SI_UNIT ( $, .STERADIAN. ) SOLID_ANGLE_UNIT ( ) );
#514 = CARTESIAN_POINT ( 'NONE',  ( -7.604452743180000400, 5.455448435884823000, 16.30375412218738500 ) ) ;
#515 = B_SPLINE_CURVE_WITH_KNOTS ( 'NONE', 3,
 ( #4368, #2184, #34, #1852 ),
 .UNSPECIFIED., .F., .F.,
 ( 4, 4 ),
 ( 0.0000000000000000000, 1.000000000000000000 ),
 .UNSPECIFIED. ) ;
#516 = SURFACE_STYLE_FILL_AREA ( #681 ) ;
#517 = PRESENTATION_LAYER_ASSIGNMENT (  '', '', ( #2483 ) ) ;
#518 = CARTESIAN_POINT ( 'NONE',  ( 3.235533905932737500, 55.63999999999999300, 3.535533905932737300 ) ) ;
#519 =( NAMED_UNIT ( * ) PLANE_ANGLE_UNIT ( ) SI_UNIT ( $, .RADIAN. ) );
#520 =( NAMED_UNIT ( * ) PLANE_ANGLE_UNIT ( ) SI_UNIT ( $, .RADIAN. ) );
#521 = UNCERTAINTY_MEASURE_WITH_UNIT (LENGTH_MEASURE( 1.000000000000000100E-005 ), #2379, 'distance_accuracy_value', 'NONE');
#522 = SURFACE_SIDE_STYLE ('',( #3925 ) ) ;
#523 = CARTESIAN_POINT ( 'NONE',  ( 2.485533905932738400, 51.98999999999999500, -4.171734828359475000E-015 ) ) ;
#524 = B_SPLINE_CURVE_WITH_KNOTS ( 'NONE', 3,
 ( #3384, #139, #3055, #3809 ),
 .UNSPECIFIED., .F., .F.,
 ( 4, 4 ),
 ( 0.0000000000000000000, 1.000000000000000000 ),
 .UNSPECIFIED. ) ;
#525 = SURFACE_SIDE_STYLE ('',( #1857 ) ) ;
#526 =( NAMED_UNIT ( * ) SI_UNIT ( $, .STERADIAN. ) SOLID_ANGLE_UNIT ( ) );
#527 = PRESENTATION_STYLE_ASSIGNMENT (( #3015 ) ) ;
#528 = CARTESIAN_POINT ( 'NONE',  ( 3.835533905932737100, 58.78999999999999200, 3.235533905932737500 ) ) ;
#529 = PRESENTATION_STYLE_ASSIGNMENT (( #3323 ) ) ;
#530 = EDGE_CURVE ( 'NONE', #1870, #3655, #2423, .T. ) ;
#531 = CARTESIAN_POINT ( 'NONE',  ( 3.168265150234984300, 5.916013392642668100, 17.72257154634246500 ) ) ;
#532 = AXIS2_PLACEMENT_3D ( 'NONE', #348, #732, #1829 ) ;
#533 = CARTESIAN_POINT ( 'NONE',  ( -3.835533905932737100, 55.63999999999999300, -3.535533905932737300 ) ) ;
#534 = CARTESIAN_POINT ( 'NONE',  ( -7.156034367742235800, 7.157156118639054700, 16.50549218071645200 ) ) ;
#535 = ORIENTED_EDGE ( 'NONE', *, *, #1751, .F. ) ;
#536 = CARTESIAN_POINT ( 'NONE',  ( 4.350223650374530000, 6.448296168183411200, 17.46641217284540200 ) ) ;
#537 = COLOUR_RGB ( '',0.8980392156862745400, 0.9215686274509803400, 0.9294117647058823800 ) ;
#538 = ORIENTED_EDGE ( 'NONE', *, *, #2390, .T. ) ;
#539 = STYLED_ITEM ( 'NONE', ( #4262 ), #2649 ) ;
#540 = ORIENTED_EDGE ( 'NONE', *, *, #704, .T. ) ;
#541 = ORIENTED_EDGE ( 'NONE', *, *, #3361, .F. ) ;
#542 = ORIENTED_EDGE ( 'NONE', *, *, #2517, .F. ) ;
#543 = VERTEX_POINT ( 'NONE', #2286 ) ;
#544 = CARTESIAN_POINT ( 'NONE',  ( 5.690755691653301100, 5.755739136159482100, 17.07674733835209900 ) ) ;
#545 = SURFACE_STYLE_USAGE ( .BOTH. , #2760 ) ;
#546 = ORIENTED_EDGE ( 'NONE', *, *, #1586, .T. ) ;
#547 = UNCERTAINTY_MEASURE_WITH_UNIT (LENGTH_MEASURE( 1.000000000000000100E-005 ), #1046, 'distance_accuracy_value', 'NONE');
#548 = DIRECTION ( 'NONE',  ( -0.0000000000000000000, 1.000000000000000000, -0.0000000000000000000 ) ) ;
#549 = FILL_AREA_STYLE_COLOUR ( '', #771 ) ;
#550 = DIRECTION ( 'NONE',  ( 1.000000000000000000, 0.0000000000000000000, 0.0000000000000000000 ) ) ;
#551 = EDGE_CURVE ( 'NONE', #412, #1933, #3116, .T. ) ;
#552 = DIRECTION ( 'NONE',  ( -0.0000000000000000000, -1.000000000000000000, -0.0000000000000000000 ) ) ;
#553 = ORIENTED_EDGE ( 'NONE', *, *, #1425, .T. ) ;
#554 = VERTEX_POINT ( 'NONE', #534 ) ;
#555 =( NAMED_UNIT ( * ) SI_UNIT ( $, .STERADIAN. ) SOLID_ANGLE_UNIT ( ) );
#556 = FACE_OUTER_BOUND ( 'NONE', #4740, .T. ) ;
#557 = ORIENTED_EDGE ( 'NONE', *, *, #2471, .T. ) ;
#558 = EDGE_CURVE ( 'NONE', #1074, #1497, #1221, .T. ) ;
#559 = CARTESIAN_POINT ( 'NONE',  ( 4.282660302383841400, 6.217443824166755600, 17.47293415762397500 ) ) ;
#560 =( LENGTH_UNIT ( ) NAMED_UNIT ( * ) SI_UNIT ( .MILLI., .METRE. ) );
#561 = CARTESIAN_POINT ( 'NONE',  ( -8.115225693361415100, 7.157156118639040400, 16.05562866865719200 ) ) ;
#562 =( GEOMETRIC_REPRESENTATION_CONTEXT ( 3 ) GLOBAL_UNCERTAINTY_ASSIGNED_CONTEXT ( ( #1881 ) ) GLOBAL_UNIT_ASSIGNED_CONTEXT ( ( #1541, #4131, #16 ) ) REPRESENTATION_CONTEXT ( 'NONE', 'WORKASPACE' ) );
#563 = COLOUR_RGB ( '',0.8980392156862745400, 0.9215686274509803400, 0.9294117647058823800 ) ;
#564 = CARTESIAN_POINT ( 'NONE',  ( 7.744314361180124200, 5.436730257836242000, 16.25141403997018600 ) ) ;
#565 = SURFACE_STYLE_FILL_AREA ( #3731 ) ;
#566 = EDGE_CURVE ( 'NONE', #851, #2689, #1290, .T. ) ;
#567 = FACE_BOUND ( 'NONE', #187, .T. ) ;
#568 = CARTESIAN_POINT ( 'NONE',  ( 0.0000000000000000000, 7.157156118639020000, 0.0000000000000000000 ) ) ;
#569 = MECHANICAL_DESIGN_GEOMETRIC_PRESENTATION_REPRESENTATION (  '', ( #917 ), #820 ) ;
#570 = PRESENTATION_STYLE_ASSIGNMENT (( #3766 ) ) ;
#571 =( NAMED_UNIT ( * ) SI_UNIT ( $, .STERADIAN. ) SOLID_ANGLE_UNIT ( ) );
#572 = DIRECTION ( 'NONE',  ( 0.0000000000000000000, -1.000000000000000000, 0.0000000000000000000 ) ) ;
#573 = MECHANICAL_DESIGN_GEOMETRIC_PRESENTATION_REPRESENTATION (  '', ( #4022 ), #512 ) ;
#574 = CARTESIAN_POINT ( 'NONE',  ( 4.347806859457655500, 6.448296168183411200, 17.45670861052715500 ) ) ;
#575 = SURFACE_STYLE_FILL_AREA ( #317 ) ;
#576 = UNCERTAINTY_MEASURE_WITH_UNIT (LENGTH_MEASURE( 1.000000000000000100E-005 ), #3780, 'distance_accuracy_value', 'NONE');
#577 = FILL_AREA_STYLE_COLOUR ( '', #3155 ) ;
#578 = PRESENTATION_STYLE_ASSIGNMENT (( #3629 ) ) ;
#579 = SURFACE_SIDE_STYLE ('',( #88 ) ) ;
#580 = FILL_AREA_STYLE_COLOUR ( '', #1850 ) ;
#581 = CARTESIAN_POINT ( 'NONE',  ( 0.0000000000000000000, 0.0000000000000000000, 0.0000000000000000000 ) ) ;
#582 = MECHANICAL_DESIGN_GEOMETRIC_PRESENTATION_REPRESENTATION (  '', ( #2718 ), #3614 ) ;
#583 = ORIENTED_EDGE ( 'NONE', *, *, #2274, .F. ) ;
#584 = ORIENTED_EDGE ( 'NONE', *, *, #95, .F. ) ;
#585 = EDGE_CURVE ( 'NONE', #1453, #1636, #3214, .T. ) ;
#586 = ORIENTED_EDGE ( 'NONE', *, *, #3858, .T. ) ;
#587 = ORIENTED_EDGE ( 'NONE', *, *, #2564, .T. ) ;
#588 = PRESENTATION_LAYER_ASSIGNMENT (  '', '', ( #2728 ) ) ;
#589 =( LENGTH_UNIT ( ) NAMED_UNIT ( * ) SI_UNIT ( .MILLI., .METRE. ) );
#590 = VERTEX_POINT ( 'NONE', #147 ) ;
#591 = DIRECTION ( 'NONE',  ( -0.2433322734119316700, 3.854941057726238600E-016, 0.9699429904464389500 ) ) ;
#592 = ORIENTED_EDGE ( 'NONE', *, *, #1522, .T. ) ;
#593 = EDGE_LOOP ( 'NONE', ( #4292, #491, #17, #3833 ) ) ;
#594 = ORIENTED_EDGE ( 'NONE', *, *, #4174, .F. ) ;
#595 = MECHANICAL_DESIGN_GEOMETRIC_PRESENTATION_REPRESENTATION (  '', ( #4699 ), #1098 ) ;
#596 = UNCERTAINTY_MEASURE_WITH_UNIT (LENGTH_MEASURE( 1.000000000000000100E-005 ), #1199, 'distance_accuracy_value', 'NONE');
#597 = ORIENTED_EDGE ( 'NONE', *, *, #4746, .T. ) ;
#598 =( LENGTH_UNIT ( ) NAMED_UNIT ( * ) SI_UNIT ( .MILLI., .METRE. ) );
#599 = SURFACE_STYLE_USAGE ( .BOTH. , #4686 ) ;
#600 = EDGE_LOOP ( 'NONE', ( #419, #1254, #3246, #3947, #3369, #1185, #3550, #2108 ) ) ;
#601 = STYLED_ITEM ( 'NONE', ( #1430 ), #4170 ) ;
#602 = B_SPLINE_SURFACE_WITH_KNOTS ( 'NONE', 1, 3, ( 
 ( #2660, #2695, #3376, #1124 ),
 ( #759, #1550, #1141, #4142 ) ),
 .UNSPECIFIED., .F., .F., .F.,
 ( 2, 2 ),
 ( 4, 4 ),
 ( 0.0000000000000000000, 1.000000000000000000 ),
 ( 0.0000000000000000000, 1.000000000000000000 ),
 .UNSPECIFIED. ) ;
#603 = CIRCLE ( 'NONE', #1429, 17.99999999999999600 ) ;
#604 = EDGE_LOOP ( 'NONE', ( #3235, #4013, #2752, #4288 ) ) ;
#605 =( NAMED_UNIT ( * ) PLANE_ANGLE_UNIT ( ) SI_UNIT ( $, .RADIAN. ) );
#606 = CARTESIAN_POINT ( 'NONE',  ( -2.162454432285170600, 4.142112498812869200, 17.85956020814314700 ) ) ;
#607 =( GEOMETRIC_REPRESENTATION_CONTEXT ( 3 ) GLOBAL_UNCERTAINTY_ASSIGNED_CONTEXT ( ( #3416 ) ) GLOBAL_UNIT_ASSIGNED_CONTEXT ( ( #1681, #4274, #3219 ) ) REPRESENTATION_CONTEXT ( 'NONE', 'WORKASPACE' ) );
#608 = CARTESIAN_POINT ( 'NONE',  ( 5.625453951460717600, 5.526335940456175600, 17.08796822520362800 ) ) ;
#609 = DIRECTION ( 'NONE',  ( 0.0000000000000000000, 0.0000000000000000000, -1.000000000000000000 ) ) ;
#610 = SURFACE_STYLE_FILL_AREA ( #3693 ) ;
#611 = EDGE_CURVE ( 'NONE', #2893, #3488, #1774, .T. ) ;
#612 = MECHANICAL_DESIGN_GEOMETRIC_PRESENTATION_REPRESENTATION (  '', ( #302 ), #4629 ) ;
#613 = CARTESIAN_POINT ( 'NONE',  ( 0.0000000000000000000, 2.073600000000001700, 0.0000000000000000000 ) ) ;
#614 = PRESENTATION_STYLE_ASSIGNMENT (( #4842 ) ) ;
#615 =( NAMED_UNIT ( * ) SI_UNIT ( $, .STERADIAN. ) SOLID_ANGLE_UNIT ( ) );
#616 = CARTESIAN_POINT ( 'NONE',  ( 5.204913970324117400, 3.433728050141762600, 17.22059727656171500 ) ) ;
#617 = COLOUR_RGB ( '',0.8980392156862745400, 0.9215686274509803400, 0.9294117647058823800 ) ;
#618 = CYLINDRICAL_SURFACE ( 'NONE', #1235, 17.98999999999999800 ) ;
#619 = DIRECTION ( 'NONE',  ( 1.000000000000000000, 0.0000000000000000000, 0.0000000000000000000 ) ) ;
#620 = ADVANCED_FACE ( 'NONE', ( #3110 ), #2878, .T. ) ;
#621 =( GEOMETRIC_REPRESENTATION_CONTEXT ( 3 ) GLOBAL_UNCERTAINTY_ASSIGNED_CONTEXT ( ( #4408 ) ) GLOBAL_UNIT_ASSIGNED_CONTEXT ( ( #2315, #3385, #1576 ) ) REPRESENTATION_CONTEXT ( 'NONE', 'WORKASPACE' ) );
#622 = DIRECTION ( 'NONE',  ( 0.0000000000000000000, 0.0000000000000000000, -1.000000000000000000 ) ) ;
#623 = SURFACE_STYLE_FILL_AREA ( #1823 ) ;
#624 = CARTESIAN_POINT ( 'NONE',  ( -2.169478348957994700, 5.755863672348031200, 17.86878181895459500 ) ) ;
#625 = EDGE_CURVE ( 'NONE', #2331, #1191, #4833, .T. ) ;
#626 = FILL_AREA_STYLE ('',( #4418 ) ) ;
#627 = CARTESIAN_POINT ( 'NONE',  ( 0.0000000000000000000, 7.157156118639020000, 0.0000000000000000000 ) ) ;
#628 = CARTESIAN_POINT ( 'NONE',  ( 1.711285563949736000, 5.654283638820472500, 17.92130457449456700 ) ) ;
#629 = STYLED_ITEM ( 'NONE', ( #4851 ), #4536 ) ;
#630 = CARTESIAN_POINT ( 'NONE',  ( -1.588369309062690500, 6.152141578696984000, 17.92206855023375700 ) ) ;
#631 = PRESENTATION_STYLE_ASSIGNMENT (( #2418 ) ) ;
#632 = EDGE_LOOP ( 'NONE', ( #3987, #1275, #4688, #2883 ) ) ;
#633 = CARTESIAN_POINT ( 'NONE',  ( 0.0000000000000000000, 5.067529549049515600, 0.0000000000000000000 ) ) ;
#634 = CARTESIAN_POINT ( 'NONE',  ( -8.433379524763040500, 5.916013429139943500, 15.89481963399933000 ) ) ;
#635 = DIRECTION ( 'NONE',  ( -1.000000000000000000, 0.0000000000000000000, -3.923779290899926400E-015 ) ) ;
#636 = STYLED_ITEM ( 'NONE', ( #1769 ), #697 ) ;
#637 = FILL_AREA_STYLE_COLOUR ( '', #2851 ) ;
#638 = ORIENTED_EDGE ( 'NONE', *, *, #2010, .T. ) ;
#639 = ORIENTED_EDGE ( 'NONE', *, *, #2125, .T. ) ;
#640 = ORIENTED_EDGE ( 'NONE', *, *, #4064, .F. ) ;
#641 = EDGE_CURVE ( 'NONE', #773, #4243, #1375, .T. ) ;
#642 = CARTESIAN_POINT ( 'NONE',  ( 0.0000000000000000000, 51.98999999999999500, 0.0000000000000000000 ) ) ;
#643 = DIRECTION ( 'NONE',  ( 0.0000000000000000000, 0.0000000000000000000, 1.000000000000000000 ) ) ;
#644 = PRESENTATION_LAYER_ASSIGNMENT (  '', '', ( #62 ) ) ;
#645 = ADVANCED_FACE ( 'NONE', ( #1101 ), #2046, .T. ) ;
#646 = VERTEX_POINT ( 'NONE', #880 ) ;
#647 = DIRECTION ( 'NONE',  ( 0.0000000000000000000, 0.0000000000000000000, -1.000000000000000000 ) ) ;
#648 = VECTOR ( 'NONE', #2855, 1000.000000000000100 ) ;
#649 = CARTESIAN_POINT ( 'NONE',  ( 1.710334849753604200, 5.654283638841730100, 17.91134829417471200 ) ) ;
#650 = DIRECTION ( 'NONE',  ( 0.0000000000000000000, 0.0000000000000000000, 1.000000000000000000 ) ) ;
#651 = CARTESIAN_POINT ( 'NONE',  ( 3.877193002472083500, 4.759102484818896500, 17.57768833989884200 ) ) ;
#652 = UNCERTAINTY_MEASURE_WITH_UNIT (LENGTH_MEASURE( 1.000000000000000100E-005 ), #2627, 'distance_accuracy_value', 'NONE');
#653 = ORIENTED_EDGE ( 'NONE', *, *, #3496, .F. ) ;
#654 = VECTOR ( 'NONE', #2899, 1000.000000000000000 ) ;
#655 =( GEOMETRIC_REPRESENTATION_CONTEXT ( 3 ) GLOBAL_UNCERTAINTY_ASSIGNED_CONTEXT ( ( #4674 ) ) GLOBAL_UNIT_ASSIGNED_CONTEXT ( ( #3711, #1080, #2266 ) ) REPRESENTATION_CONTEXT ( 'NONE', 'WORKASPACE' ) );
#656 = B_SPLINE_SURFACE_WITH_KNOTS ( 'NONE', 1, 3, ( 
 ( #3242, #3626, #2085, #4670 ),
 ( #2461, #2827, #559, #574 ) ),
 .UNSPECIFIED., .F., .F., .F.,
 ( 2, 2 ),
 ( 4, 4 ),
 ( 0.0000000000000000000, 1.000000000000000000 ),
 ( 0.0000000000000000000, 1.000000000000000000 ),
 .UNSPECIFIED. ) ;
#657 = FILL_AREA_STYLE ('',( #3253 ) ) ;
#658 = CARTESIAN_POINT ( 'NONE',  ( -4.106300167546831600, 4.450584848894309600, 17.51531088559126900 ) ) ;
#659 = VERTEX_POINT ( 'NONE', #4617 ) ;
#660 = EDGE_LOOP ( 'NONE', ( #1328, #2741, #4460, #4641, #597, #3485, #484, #4055 ) ) ;
#661 = UNCERTAINTY_MEASURE_WITH_UNIT (LENGTH_MEASURE( 1.000000000000000100E-005 ), #3522, 'distance_accuracy_value', 'NONE');
#662 = FILL_AREA_STYLE ('',( #1448 ) ) ;
#663 = SURFACE_SIDE_STYLE ('',( #1169 ) ) ;
#664 = B_SPLINE_CURVE_WITH_KNOTS ( 'NONE', 1,
 ( #3937, #4829 ),
 .UNSPECIFIED., .F., .F.,
 ( 2, 2 ),
 ( 0.0000000000000000000, 1.000000000000000000 ),
 .UNSPECIFIED. ) ;
#665 = SURFACE_STYLE_FILL_AREA ( #4528 ) ;
#666 = VERTEX_POINT ( 'NONE', #898 ) ;
#667 = FILL_AREA_STYLE_COLOUR ( '', #3622 ) ;
#668 = B_SPLINE_SURFACE_WITH_KNOTS ( 'NONE', 1, 3, ( 
 ( #402, #1902, #3746, #1105 ),
 ( #1539, #1922, #3036, #3734 ) ),
 .UNSPECIFIED., .F., .F., .F.,
 ( 2, 2 ),
 ( 4, 4 ),
 ( 0.0000000000000000000, 1.000000000000000000 ),
 ( 0.0000000000000000000, 1.000000000000000000 ),
 .UNSPECIFIED. ) ;
#669 = CARTESIAN_POINT ( 'NONE',  ( 5.628580940870260300, 5.526335940448599400, 17.09746681788091400 ) ) ;
#670 = CARTESIAN_POINT ( 'NONE',  ( 3.516420449642963900, 7.157156118639054700, 17.64298407926881000 ) ) ;
#671 = LINE ( 'NONE', #1677, #2764 ) ;
#672 = CARTESIAN_POINT ( 'NONE',  ( -2.485533905932738800, 51.98999999999999500, 1.200000000000004000 ) ) ;
#673 = FILL_AREA_STYLE ('',( #1530 ) ) ;
#674 = FACE_OUTER_BOUND ( 'NONE', #2737, .T. ) ;
#675 = B_SPLINE_SURFACE_WITH_KNOTS ( 'NONE', 1, 3, ( 
 ( #3804, #4156, #2398, #4194 ),
 ( #478, #1233, #2767, #443 ) ),
 .UNSPECIFIED., .F., .F., .F.,
 ( 2, 2 ),
 ( 4, 4 ),
 ( 0.0000000000000000000, 1.000000000000000000 ),
 ( 0.0000000000000000000, 1.000000000000000000 ),
 .UNSPECIFIED. ) ;
#676 = SURFACE_SIDE_STYLE ('',( #3197 ) ) ;
#677 = ADVANCED_FACE ( 'NONE', ( #4494 ), #1663, .F. ) ;
#678 = EDGE_CURVE ( 'NONE', #284, #4393, #4318, .T. ) ;
#679 = DIRECTION ( 'NONE',  ( 1.063582591085940900E-017, 1.000000000000000000, -0.0000000000000000000 ) ) ;
#680 = AXIS2_PLACEMENT_3D ( 'NONE', #2696, #4143, #4508 ) ;
#681 = FILL_AREA_STYLE ('',( #3686 ) ) ;
#682 = SURFACE_SIDE_STYLE ('',( #3477 ) ) ;
#683 = PLANE ( 'NONE',  #3835 ) ;
#684 = LINE ( 'NONE', #482, #3040 ) ;
#685 = B_SPLINE_CURVE_WITH_KNOTS ( 'NONE', 3,
 ( #2719, #2801, #1674, #1282 ),
 .UNSPECIFIED., .F., .F.,
 ( 4, 4 ),
 ( 0.0000000000000000000, 1.000000000000000000 ),
 .UNSPECIFIED. ) ;
#686 = CARTESIAN_POINT ( 'NONE',  ( 5.688648004360096000, 5.755739136159475000, 17.07042261711567100 ) ) ;
#687 = CARTESIAN_POINT ( 'NONE',  ( 4.350223650374530000, 6.448296168183411200, 17.46641217284540200 ) ) ;
#688 =( NAMED_UNIT ( * ) SI_UNIT ( $, .STERADIAN. ) SOLID_ANGLE_UNIT ( ) );
#689 =( NAMED_UNIT ( * ) PLANE_ANGLE_UNIT ( ) SI_UNIT ( $, .RADIAN. ) );
#690 = SURFACE_STYLE_USAGE ( .BOTH. , #300 ) ;
#691 = PRESENTATION_STYLE_ASSIGNMENT (( #21 ) ) ;
#692 = CARTESIAN_POINT ( 'NONE',  ( 4.585533905932739400, 51.98999999999999500, 1.199999999999995300 ) ) ;
#693 = CIRCLE ( 'NONE', #3109, 15.92640000000000100 ) ;
#694 =( GEOMETRIC_REPRESENTATION_CONTEXT ( 3 ) GLOBAL_UNCERTAINTY_ASSIGNED_CONTEXT ( ( #2989 ) ) GLOBAL_UNIT_ASSIGNED_CONTEXT ( ( #2349, #65, #947 ) ) REPRESENTATION_CONTEXT ( 'NONE', 'WORKASPACE' ) );
#695 =( NAMED_UNIT ( * ) SI_UNIT ( $, .STERADIAN. ) SOLID_ANGLE_UNIT ( ) );
#696 = B_SPLINE_SURFACE_WITH_KNOTS ( 'NONE', 1, 3, ( 
 ( #2365, #60, #2751, #2093 ),
 ( #3471, #3042, #4606, #174 ) ),
 .UNSPECIFIED., .F., .F., .F.,
 ( 2, 2 ),
 ( 4, 4 ),
 ( 0.0000000000000000000, 1.000000000000000000 ),
 ( 0.0000000000000000000, 1.000000000000000000 ),
 .UNSPECIFIED. ) ;
#697 = ADVANCED_FACE ( 'NONE', ( #1226 ), #2486, .T. ) ;
#698 = PRESENTATION_LAYER_ASSIGNMENT (  '', '', ( #392 ) ) ;
#699 = ORIENTED_EDGE ( 'NONE', *, *, #4777, .F. ) ;
#700 = VERTEX_POINT ( 'NONE', #2474 ) ;
#701 = CARTESIAN_POINT ( 'NONE',  ( -6.588572907589074200, 5.455448435884843400, 16.74009578949246100 ) ) ;
#702 = CARTESIAN_POINT ( 'NONE',  ( -3.745338183389229900, 5.755863672348045400, 17.60603424658848600 ) ) ;
#703 = VERTEX_POINT ( 'NONE', #3192 ) ;
#704 = EDGE_CURVE ( 'NONE', #2169, #1497, #4091, .T. ) ;
#705 = B_SPLINE_SURFACE_WITH_KNOTS ( 'NONE', 1, 3, ( 
 ( #1929, #790, #2632, #1170 ),
 ( #2651, #378, #749, #1132 ) ),
 .UNSPECIFIED., .F., .F., .F.,
 ( 2, 2 ),
 ( 4, 4 ),
 ( 0.0000000000000000000, 1.000000000000000000 ),
 ( 0.0000000000000000000, 1.000000000000000000 ),
 .UNSPECIFIED. ) ;
#706 = DIRECTION ( 'NONE',  ( 0.0000000000000000000, 0.0000000000000000000, 1.000000000000000000 ) ) ;
#707 = ORIENTED_EDGE ( 'NONE', *, *, #2658, .T. ) ;
#708 = ORIENTED_EDGE ( 'NONE', *, *, #4579, .F. ) ;
#709 = DIRECTION ( 'NONE',  ( 0.0000000000000000000, 0.0000000000000000000, -1.000000000000000000 ) ) ;
#710 = ORIENTED_EDGE ( 'NONE', *, *, #2010, .F. ) ;
#711 = STYLED_ITEM ( 'NONE', ( #4210 ), #1016 ) ;
#712 = LINE ( 'NONE', #4849, #4294 ) ;
#713 = CARTESIAN_POINT ( 'NONE',  ( -6.861936548580904300, 3.433728050141762600, 16.62991060719358000 ) ) ;
#714 =( NAMED_UNIT ( * ) PLANE_ANGLE_UNIT ( ) SI_UNIT ( $, .RADIAN. ) );
#715 = EDGE_LOOP ( 'NONE', ( #289, #4698, #4180, #3547 ) ) ;
#716 = EDGE_CURVE ( 'NONE', #3129, #3611, #1570, .T. ) ;
#717 = FACE_OUTER_BOUND ( 'NONE', #3443, .T. ) ;
#718 = MECHANICAL_DESIGN_GEOMETRIC_PRESENTATION_REPRESENTATION (  '', ( #375 ), #694 ) ;
#719 =( GEOMETRIC_REPRESENTATION_CONTEXT ( 3 ) GLOBAL_UNCERTAINTY_ASSIGNED_CONTEXT ( ( #2447 ) ) GLOBAL_UNIT_ASSIGNED_CONTEXT ( ( #291, #4384, #2197 ) ) REPRESENTATION_CONTEXT ( 'NONE', 'WORKASPACE' ) );
#720 =( NAMED_UNIT ( * ) PLANE_ANGLE_UNIT ( ) SI_UNIT ( $, .RADIAN. ) );
#721 =( LENGTH_UNIT ( ) NAMED_UNIT ( * ) SI_UNIT ( .MILLI., .METRE. ) );
#722 = CARTESIAN_POINT ( 'NONE',  ( -3.835533905932737100, 55.63999999999999300, -4.135533905932737400 ) ) ;
#723 = ORIENTED_EDGE ( 'NONE', *, *, #4139, .F. ) ;
#724 = SURFACE_SIDE_STYLE ('',( #2071 ) ) ;
#725 = CARTESIAN_POINT ( 'NONE',  ( 0.0000000000000000000, 5.755739136159475000, 0.0000000000000000000 ) ) ;
#726 = ORIENTED_EDGE ( 'NONE', *, *, #4416, .F. ) ;
#727 = B_SPLINE_CURVE_WITH_KNOTS ( 'NONE', 3,
 ( #4852, #3068, #3090, #1568 ),
 .UNSPECIFIED., .F., .F.,
 ( 4, 4 ),
 ( 0.0000000000000000000, 1.000000000000000000 ),
 .UNSPECIFIED. ) ;
#728 =( GEOMETRIC_REPRESENTATION_CONTEXT ( 3 ) GLOBAL_UNCERTAINTY_ASSIGNED_CONTEXT ( ( #1243 ) ) GLOBAL_UNIT_ASSIGNED_CONTEXT ( ( #2814, #4277, #1302 ) ) REPRESENTATION_CONTEXT ( 'NONE', 'WORKASPACE' ) );
#729 =( NAMED_UNIT ( * ) SI_UNIT ( $, .STERADIAN. ) SOLID_ANGLE_UNIT ( ) );
#730 = ADVANCED_FACE ( 'NONE', ( #109 ), #4696, .T. ) ;
#731 = CARTESIAN_POINT ( 'NONE',  ( -1.166705258218144700, 4.538684783613496700, 17.96495076955003600 ) ) ;
#732 = DIRECTION ( 'NONE',  ( 1.063582591085940900E-017, 1.000000000000000000, -0.0000000000000000000 ) ) ;
#733 = DIRECTION ( 'NONE',  ( 0.0000000000000000000, 0.0000000000000000000, -1.000000000000000000 ) ) ;
#734 = EDGE_CURVE ( 'NONE', #1198, #3990, #2980, .T. ) ;
#735 = LINE ( 'NONE', #1981, #2520 ) ;
#736 = B_SPLINE_SURFACE_WITH_KNOTS ( 'NONE', 1, 3, ( 
 ( #4809, #3714, #4102, #1067 ),
 ( #1494, #3289, #2976, #4775 ) ),
 .UNSPECIFIED., .F., .F., .F.,
 ( 2, 2 ),
 ( 4, 4 ),
 ( 0.0000000000000000000, 1.000000000000000000 ),
 ( 0.0000000000000000000, 1.000000000000000000 ),
 .UNSPECIFIED. ) ;
#737 = AXIS2_PLACEMENT_3D ( 'NONE', #38, #1187, #2598 ) ;
#738 = CIRCLE ( 'NONE', #2134, 17.99999999999999600 ) ;
#739 = CARTESIAN_POINT ( 'NONE',  ( -7.779406172447454400, 4.781541638950868000, 16.22215174551076800 ) ) ;
#740 = CARTESIAN_POINT ( 'NONE',  ( -7.779406172009685400, 4.781541640637122700, 16.22215174571495700 ) ) ;
#741 = CARTESIAN_POINT ( 'NONE',  ( 2.485533905932738800, 52.48999999999999500, -1.200000000000004000 ) ) ;
#742 = CARTESIAN_POINT ( 'NONE',  ( 7.219704499871956400, 3.433728050141748900, 16.48865873667499200 ) ) ;
#743 = EDGE_CURVE ( 'NONE', #4332, #4110, #4839, .T. ) ;
#744 =( LENGTH_UNIT ( ) NAMED_UNIT ( * ) SI_UNIT ( .MILLI., .METRE. ) );
#745 =( NAMED_UNIT ( * ) PLANE_ANGLE_UNIT ( ) SI_UNIT ( $, .RADIAN. ) );
#746 = SURFACE_STYLE_USAGE ( .BOTH. , #2966 ) ;
#747 = SURFACE_STYLE_FILL_AREA ( #1581 ) ;
#748 = CARTESIAN_POINT ( 'NONE',  ( 1.457115210756047900, 7.157156118639054700, 17.93089276256436900 ) ) ;
#749 = CARTESIAN_POINT ( 'NONE',  ( 1.444899207889570200, 5.654282985564423200, 17.94144703961363900 ) ) ;
#750 = FILL_AREA_STYLE ('',( #577 ) ) ;
#751 = PRESENTATION_STYLE_ASSIGNMENT (( #3742 ) ) ;
#752 = FILL_AREA_STYLE ('',( #362 ) ) ;
#753 = AXIS2_PLACEMENT_3D ( 'NONE', #4844, #3725, #1935 ) ;
#754 = CARTESIAN_POINT ( 'NONE',  ( 7.035057739732624600, 6.438231380346589800, 16.55741714756948500 ) ) ;
#755 = COLOUR_RGB ( '',0.1019607843137254900, 0.1019607843137254900, 0.1019607843137254900 ) ;
#756 = SURFACE_SIDE_STYLE ('',( #3457 ) ) ;
#757 = FACE_OUTER_BOUND ( 'NONE', #3080, .T. ) ;
#758 = PRESENTATION_STYLE_ASSIGNMENT (( #1889 ) ) ;
#759 = CARTESIAN_POINT ( 'NONE',  ( -6.588572907589081300, 5.455448435884830100, 16.74009578949245700 ) ) ;
#760 = AXIS2_PLACEMENT_3D ( 'NONE', #817, #2017, #4563 ) ;
#761 = CARTESIAN_POINT ( 'NONE',  ( -6.863207983924357200, 3.433728050141728000, 16.63299193211616300 ) ) ;
#762 = VERTEX_POINT ( 'NONE', #2135 ) ;
#763 = CARTESIAN_POINT ( 'NONE',  ( -1.870521840136347300, 6.448420704369962000, 17.89249138732705500 ) ) ;
#764 = FILL_AREA_STYLE_COLOUR ( '', #4562 ) ;
#765 = B_SPLINE_SURFACE_WITH_KNOTS ( 'NONE', 1, 3, ( 
 ( #2670, #1913, #394, #3029 ),
 ( #2972, #2265, #1558, #3853 ) ),
 .UNSPECIFIED., .F., .F., .F.,
 ( 2, 2 ),
 ( 4, 4 ),
 ( 0.0000000000000000000, 1.000000000000000000 ),
 ( 0.0000000000000000000, 1.000000000000000000 ),
 .UNSPECIFIED. ) ;
#766 = EDGE_LOOP ( 'NONE', ( #2683, #640, #2898, #61 ) ) ;
#767 = FILL_AREA_STYLE_COLOUR ( '', #3593 ) ;
#768 = ORIENTED_EDGE ( 'NONE', *, *, #2103, .T. ) ;
#769 = ORIENTED_EDGE ( 'NONE', *, *, #4321, .F. ) ;
#770 = DIRECTION ( 'NONE',  ( -0.0000000000000000000, -1.000000000000000000, -0.0000000000000000000 ) ) ;
#771 = COLOUR_RGB ( '',0.8980392156862745400, 0.9215686274509803400, 0.9294117647058823800 ) ;
#772 = CARTESIAN_POINT ( 'NONE',  ( 7.038968277664660700, 6.438231380346589800, 16.56662082580604400 ) ) ;
#773 = VERTEX_POINT ( 'NONE', #1313 ) ;
#774 = ORIENTED_EDGE ( 'NONE', *, *, #2776, .F. ) ;
#775 = CARTESIAN_POINT ( 'NONE',  ( 2.016709799052610800, 3.433728050141748900, 17.87660430804477900 ) ) ;
#776 = EDGE_CURVE ( 'NONE', #4417, #4449, #1721, .T. ) ;
#777 = CARTESIAN_POINT ( 'NONE',  ( -2.162454432285178600, 4.142112498812869200, 17.85956020814314400 ) ) ;
#778 = CARTESIAN_POINT ( 'NONE',  ( 2.017830816172706800, 3.433728050141748900, 17.88654127542001100 ) ) ;
#779 = STYLED_ITEM ( 'NONE', ( #4201 ), #1492 ) ;
#780 = VERTEX_POINT ( 'NONE', #2078 ) ;
#781 = CARTESIAN_POINT ( 'NONE',  ( -3.547996104463902800, 6.448420704369933500, 17.64686158053915600 ) ) ;
#782 = CARTESIAN_POINT ( 'NONE',  ( 4.347806859457654700, 6.448296168183424500, 17.45670861052715500 ) ) ;
#783 = CARTESIAN_POINT ( 'NONE',  ( 8.606658087268069600, 6.438177425810709000, 15.81268192933096900 ) ) ;
#784 = CARTESIAN_POINT ( 'NONE',  ( 3.789054356755899200, 4.450675420654495600, 17.58666857089717400 ) ) ;
#785 = ORIENTED_EDGE ( 'NONE', *, *, #3675, .T. ) ;
#786 = B_SPLINE_CURVE_WITH_KNOTS ( 'NONE', 3,
 ( #2701, #2007, #1963, #840 ),
 .UNSPECIFIED., .F., .F.,
 ( 4, 4 ),
 ( 0.0000000000000000000, 1.000000000000000000 ),
 .UNSPECIFIED. ) ;
#787 = EDGE_LOOP ( 'NONE', ( #1380, #3562, #3004, #2462 ) ) ;
#788 = ORIENTED_EDGE ( 'NONE', *, *, #4335, .F. ) ;
#789 = AXIS2_PLACEMENT_3D ( 'NONE', #3144, #3548, #4267 ) ;
#790 = CARTESIAN_POINT ( 'NONE',  ( 0.8600879800408709500, 4.544006529389984700, 17.98899068500341500 ) ) ;
#791 = LINE ( 'NONE', #2808, #1643 ) ;
#792 = EDGE_LOOP ( 'NONE', ( #2409, #501, #248, #4805 ) ) ;
#793 = DIRECTION ( 'NONE',  ( -1.000000000000000000, 0.0000000000000000000, 0.0000000000000000000 ) ) ;
#794 = DIRECTION ( 'NONE',  ( 0.0000000000000000000, 0.0000000000000000000, 1.000000000000000000 ) ) ;
#795 = DIRECTION ( 'NONE',  ( -0.0000000000000000000, -1.000000000000000000, -0.0000000000000000000 ) ) ;
#796 = STYLED_ITEM ( 'NONE', ( #2278 ), #3783 ) ;
#797 = PLANE ( 'NONE',  #4734 ) ;
#798 = CARTESIAN_POINT ( 'NONE',  ( -2.364520464394884500, 5.067529549057189400, 17.84401980982586300 ) ) ;
#799 = SURFACE_STYLE_FILL_AREA ( #1213 ) ;
#800 =( NAMED_UNIT ( * ) PLANE_ANGLE_UNIT ( ) SI_UNIT ( $, .RADIAN. ) );
#801 = SURFACE_STYLE_FILL_AREA ( #1782 ) ;
#802 = EDGE_CURVE ( 'NONE', #2098, #2611, #303, .T. ) ;
#803 = CARTESIAN_POINT ( 'NONE',  ( 4.350223650374530000, 6.448296168183411200, 17.46641217284540200 ) ) ;
#804 = PLANE ( 'NONE',  #479 ) ;
#805 = MECHANICAL_DESIGN_GEOMETRIC_PRESENTATION_REPRESENTATION (  '', ( #1945 ), #1039 ) ;
#806 = CIRCLE ( 'NONE', #2956, 18.00000000000000000 ) ;
#807 = ADVANCED_FACE ( 'NONE', ( #4666 ), #3001, .T. ) ;
#808 = EDGE_CURVE ( 'NONE', #417, #4529, #4556, .T. ) ;
#809 = FILL_AREA_STYLE_COLOUR ( '', #2372 ) ;
#810 = AXIS2_PLACEMENT_3D ( 'NONE', #4283, #938, #924 ) ;
#811 = COLOUR_RGB ( '',0.8980392156862745400, 0.9215686274509803400, 0.9294117647058823800 ) ;
#812 = DIRECTION ( 'NONE',  ( -0.3457323320025580400, -0.0000000000000000000, -0.9383331788912043800 ) ) ;
#813 = DIRECTION ( 'NONE',  ( 0.0000000000000000000, 0.0000000000000000000, 1.000000000000000000 ) ) ;
#814 =( NAMED_UNIT ( * ) PLANE_ANGLE_UNIT ( ) SI_UNIT ( $, .RADIAN. ) );
#815 = CARTESIAN_POINT ( 'NONE',  ( -7.433508988328612500, 6.098613663702514600, 16.38310215047578600 ) ) ;
#816 = EDGE_CURVE ( 'NONE', #2557, #1062, #2242, .T. ) ;
#817 = CARTESIAN_POINT ( 'NONE',  ( 0.0000000000000000000, 3.433728050141728000, 0.0000000000000000000 ) ) ;
#818 = PRESENTATION_LAYER_ASSIGNMENT (  '', '', ( #375 ) ) ;
#819 = SURFACE_STYLE_FILL_AREA ( #4657 ) ;
#820 =( GEOMETRIC_REPRESENTATION_CONTEXT ( 3 ) GLOBAL_UNCERTAINTY_ASSIGNED_CONTEXT ( ( #1183 ) ) GLOBAL_UNIT_ASSIGNED_CONTEXT ( ( #4514, #2311, #35 ) ) REPRESENTATION_CONTEXT ( 'NONE', 'WORKASPACE' ) );
#821 = CARTESIAN_POINT ( 'NONE',  ( -1.803824014334456400, 6.684665842459645900, 17.89946413009111800 ) ) ;
#822 = FILL_AREA_STYLE ('',( #2714 ) ) ;
#823 = B_SPLINE_CURVE_WITH_KNOTS ( 'NONE', 3,
 ( #2871, #630, #1434, #606 ),
 .UNSPECIFIED., .F., .F.,
 ( 4, 4 ),
 ( 0.0000000000000000000, 1.000000000000000000 ),
 .UNSPECIFIED. ) ;
#824 =( NAMED_UNIT ( * ) SI_UNIT ( $, .STERADIAN. ) SOLID_ANGLE_UNIT ( ) );
#825 = STYLED_ITEM ( 'NONE', ( #3673 ), #2943 ) ;
#826 = DIRECTION ( 'NONE',  ( 0.0000000000000000000, 0.0000000000000000000, 1.000000000000000000 ) ) ;
#827 = SURFACE_SIDE_STYLE ('',( #4570 ) ) ;
#828 = SURFACE_STYLE_USAGE ( .BOTH. , #1971 ) ;
#829 = ADVANCED_FACE ( 'NONE', ( #2653 ), #3402, .F. ) ;
#830 = ORIENTED_EDGE ( 'NONE', *, *, #3748, .F. ) ;
#831 = ORIENTED_EDGE ( 'NONE', *, *, #1679, .T. ) ;
#832 = CARTESIAN_POINT ( 'NONE',  ( 5.396926644355851900, 4.142248356456976300, 17.16138930260140000 ) ) ;
#833 = CARTESIAN_POINT ( 'NONE',  ( 0.0000000000000000000, 3.433728050141762600, 0.0000000000000000000 ) ) ;
#834 = ORIENTED_EDGE ( 'NONE', *, *, #3114, .F. ) ;
#835 = CARTESIAN_POINT ( 'NONE',  ( -0.7183957370472805500, 3.433728050141735100, 17.98565838564138300 ) ) ;
#836 = ORIENTED_EDGE ( 'NONE', *, *, #1715, .F. ) ;
#837 = ORIENTED_EDGE ( 'NONE', *, *, #2680, .T. ) ;
#838 = FILL_AREA_STYLE ('',( #4198 ) ) ;
#839 = CARTESIAN_POINT ( 'NONE',  ( 9.081006546073041400, 7.157156118639027100, 15.54140663228970900 ) ) ;
#840 = CARTESIAN_POINT ( 'NONE',  ( 8.897060037837761100, 6.438150448534719800, 15.63593370039379200 ) ) ;
#841 = VERTEX_POINT ( 'NONE', #2613 ) ;
#842 = PRESENTATION_LAYER_ASSIGNMENT (  '', '', ( #4165 ) ) ;
#843 = DIRECTION ( 'NONE',  ( 0.0000000000000000000, 0.0000000000000000000, 1.000000000000000000 ) ) ;
#844 = CARTESIAN_POINT ( 'NONE',  ( -3.743257439954006400, 5.755863672348058700, 17.59625311645149600 ) ) ;
#845 =( NAMED_UNIT ( * ) SI_UNIT ( $, .STERADIAN. ) SOLID_ANGLE_UNIT ( ) );
#846 = VERTEX_POINT ( 'NONE', #2256 ) ;
#847 = EDGE_CURVE ( 'NONE', #3010, #2850, #4085, .T. ) ;
#848 = DIRECTION ( 'NONE',  ( -0.0000000000000000000, -1.000000000000000000, -0.0000000000000000000 ) ) ;
#849 = UNCERTAINTY_MEASURE_WITH_UNIT (LENGTH_MEASURE( 1.000000000000000100E-005 ), #4625, 'distance_accuracy_value', 'NONE');
#850 = FILL_AREA_STYLE ('',( #3103 ) ) ;
#851 = VERTEX_POINT ( 'NONE', #4044 ) ;
#852 = PLANE ( 'NONE',  #1329 ) ;
#853 = CARTESIAN_POINT ( 'NONE',  ( 7.215693552927583600, 3.433728050141762600, 16.47949837071017100 ) ) ;
#854 = CARTESIAN_POINT ( 'NONE',  ( 3.960881484385034800, 5.067529549049536000, 17.54854745745800300 ) ) ;
#855 = STYLED_ITEM ( 'NONE', ( #89 ), #3312 ) ;
#856 = ADVANCED_FACE ( 'NONE', ( #4837 ), #323, .F. ) ;
#857 = CIRCLE ( 'NONE', #3203, 17.98999999999999800 ) ;
#858 = CYLINDRICAL_SURFACE ( 'NONE', #753, 15.92640000000000100 ) ;
#859 = CARTESIAN_POINT ( 'NONE',  ( 3.518375102477673700, 7.157156118639040400, 17.65279118548296800 ) ) ;
#860 = CARTESIAN_POINT ( 'NONE',  ( -3.546024995516975100, 6.448420704369947700, 17.63705776854996900 ) ) ;
#861 = FACE_OUTER_BOUND ( 'NONE', #149, .T. ) ;
#862 = DIRECTION ( 'NONE',  ( 0.0000000000000000000, 0.0000000000000000000, 1.000000000000000000 ) ) ;
#863 = PRESENTATION_LAYER_ASSIGNMENT (  '', '', ( #4224 ) ) ;
#864 = SURFACE_STYLE_USAGE ( .BOTH. , #162 ) ;
#865 = CARTESIAN_POINT ( 'NONE',  ( -3.235533905932737500, 52.48999999999999500, -3.235533905932737500 ) ) ;
#866 = CIRCLE ( 'NONE', #4660, 17.98999999999999800 ) ;
#867 = SURFACE_STYLE_USAGE ( .BOTH. , #4531 ) ;
#868 = CARTESIAN_POINT ( 'NONE',  ( 6.233819902488509300, 3.433728050141728000, 16.87896720382448700 ) ) ;
#869 = VECTOR ( 'NONE', #550, 1000.000000000000000 ) ;
#870 = CARTESIAN_POINT ( 'NONE',  ( 3.835533905932737100, 52.48999999999999500, 3.835533905932737600 ) ) ;
#871 = PRODUCT_DEFINITION_FORMATION_WITH_SPECIFIED_SOURCE ( 'ANY', '', #281, .NOT_KNOWN. ) ;
#872 = B_SPLINE_SURFACE_WITH_KNOTS ( 'NONE', 1, 3, ( 
 ( #1678, #628, #1821, #4020 ),
 ( #2553, #649, #1134, #341 ) ),
 .UNSPECIFIED., .F., .F., .F.,
 ( 2, 2 ),
 ( 4, 4 ),
 ( 0.0000000000000000000, 1.000000000000000000 ),
 ( 0.0000000000000000000, 1.000000000000000000 ),
 .UNSPECIFIED. ) ;
#873 = EDGE_CURVE ( 'NONE', #4190, #2331, #727, .T. ) ;
#874 = FACE_OUTER_BOUND ( 'NONE', #91, .T. ) ;
#875 = CARTESIAN_POINT ( 'NONE',  ( 9.016525734421604100, 6.917487561937596400, 15.56750148215099300 ) ) ;
#876 = UNCERTAINTY_MEASURE_WITH_UNIT (LENGTH_MEASURE( 1.000000000000000100E-005 ), #463, 'distance_accuracy_value', 'NONE');
#877 = COLOUR_RGB ( '',0.8980392156862745400, 0.9215686274509803400, 0.9294117647058823800 ) ;
#878 = CARTESIAN_POINT ( 'NONE',  ( 8.902005596502483800, 6.438150448534705600, 15.64462515881535500 ) ) ;
#879 = VECTOR ( 'NONE', #2639, 1000.000000000000000 ) ;
#880 = CARTESIAN_POINT ( 'NONE',  ( -3.835533905932737100, 55.63999999999999300, -3.535533905932737300 ) ) ;
#881 = CARTESIAN_POINT ( 'NONE',  ( 3.168265150234984300, 5.916013392642668100, 17.72257154634246500 ) ) ;
#882 = B_SPLINE_CURVE_WITH_KNOTS ( 'NONE', 3,
 ( #4114, #1882, #4483, #1861 ),
 .UNSPECIFIED., .F., .F.,
 ( 4, 4 ),
 ( 0.0000000000000000000, 1.000000000000000000 ),
 .UNSPECIFIED. ) ;
#883 = ORIENTED_EDGE ( 'NONE', *, *, #123, .T. ) ;
#884 = STYLED_ITEM ( 'NONE', ( #570 ), #2259 ) ;
#885 = DIRECTION ( 'NONE',  ( 0.3457323320025580400, -0.0000000000000000000, 0.9383331788912043800 ) ) ;
#886 = SURFACE_STYLE_USAGE ( .BOTH. , #4230 ) ;
#887 = VERTEX_POINT ( 'NONE', #1166 ) ;
#888 = B_SPLINE_CURVE_WITH_KNOTS ( 'NONE', 3,
 ( #2710, #1140, #4153, #4140 ),
 .UNSPECIFIED., .F., .F.,
 ( 4, 4 ),
 ( 0.0000000000000000000, 1.000000000000000000 ),
 .UNSPECIFIED. ) ;
#889 = COLOUR_RGB ( '',0.8980392156862745400, 0.9215686274509803400, 0.9294117647058823800 ) ;
#890 = CARTESIAN_POINT ( 'NONE',  ( -3.547996104463902800, 6.448420704369933500, 17.64686158053915600 ) ) ;
#891 =( GEOMETRIC_REPRESENTATION_CONTEXT ( 3 ) GLOBAL_UNCERTAINTY_ASSIGNED_CONTEXT ( ( #1768 ) ) GLOBAL_UNIT_ASSIGNED_CONTEXT ( ( #159, #720, #2260 ) ) REPRESENTATION_CONTEXT ( 'NONE', 'WORKASPACE' ) );
#892 = ORIENTED_EDGE ( 'NONE', *, *, #2291, .T. ) ;
#893 = CARTESIAN_POINT ( 'NONE',  ( 8.956890589820726900, 6.677819005236150600, 15.60188929835875300 ) ) ;
#894 = VERTEX_POINT ( 'NONE', #2310 ) ;
#895 = ORIENTED_EDGE ( 'NONE', *, *, #3114, .T. ) ;
#896 = CARTESIAN_POINT ( 'NONE',  ( -8.746752053759156100, 4.674870775914091500, 15.72455118353306400 ) ) ;
#897 = CARTESIAN_POINT ( 'NONE',  ( -3.235533905932737500, 55.63999999999999300, -4.135533905932737400 ) ) ;
#898 = CARTESIAN_POINT ( 'NONE',  ( -2.162454432285170600, 4.142112498812869200, 17.85956020814314700 ) ) ;
#899 = EDGE_CURVE ( 'NONE', #3493, #186, #4706, .T. ) ;
#900 = CARTESIAN_POINT ( 'NONE',  ( -5.067408767002912200, 4.674870739640846700, 17.26525075014340900 ) ) ;
#901 = VERTEX_POINT ( 'NONE', #1974 ) ;
#902 = ORIENTED_EDGE ( 'NONE', *, *, #3727, .T. ) ;
#903 = MECHANICAL_DESIGN_GEOMETRIC_PRESENTATION_REPRESENTATION (  '', ( #629 ), #2685 ) ;
#904 = CARTESIAN_POINT ( 'NONE',  ( 3.235533905932737500, 55.63999999999999300, 4.135533905932737400 ) ) ;
#905 = ORIENTED_EDGE ( 'NONE', *, *, #2452, .F. ) ;
#906 = SURFACE_STYLE_USAGE ( .BOTH. , #929 ) ;
#907 = VERTEX_POINT ( 'NONE', #4178 ) ;
#908 =( LENGTH_UNIT ( ) NAMED_UNIT ( * ) SI_UNIT ( .MILLI., .METRE. ) );
#909 =( GEOMETRIC_REPRESENTATION_CONTEXT ( 3 ) GLOBAL_UNCERTAINTY_ASSIGNED_CONTEXT ( ( #3524 ) ) GLOBAL_UNIT_ASSIGNED_CONTEXT ( ( #4831, #2577, #3357 ) ) REPRESENTATION_CONTEXT ( 'NONE', 'WORKASPACE' ) );
#910 = ORIENTED_EDGE ( 'NONE', *, *, #4647, .T. ) ;
#911 = CARTESIAN_POINT ( 'NONE',  ( 7.740011964316086500, 5.436730257849006900, 16.24238547661301600 ) ) ;
#912 = SURFACE_SIDE_STYLE ('',( #3571 ) ) ;
#913 = B_SPLINE_CURVE_WITH_KNOTS ( 'NONE', 3,
 ( #859, #531, #2025, #4612 ),
 .UNSPECIFIED., .F., .F.,
 ( 4, 4 ),
 ( 0.0000000000000000000, 1.000000000000000000 ),
 .UNSPECIFIED. ) ;
#914 = EDGE_CURVE ( 'NONE', #3193, #2689, #326, .T. ) ;
#915 = EDGE_LOOP ( 'NONE', ( #4752, #3779, #4637, #2448, #3648, #2150, #3998, #2782 ) ) ;
#916 =( LENGTH_UNIT ( ) NAMED_UNIT ( * ) SI_UNIT ( .MILLI., .METRE. ) );
#917 = STYLED_ITEM ( 'NONE', ( #1349 ), #1978 ) ;
#918 = LINE ( 'NONE', #533, #207 ) ;
#919 = FACE_OUTER_BOUND ( 'NONE', #2482, .T. ) ;
#920 = APPLICATION_CONTEXT ( 'automotive_design' ) ;
#921 = STYLED_ITEM ( 'NONE', ( #3031 ), #2968 ) ;
#922 = DIRECTION ( 'NONE',  ( 0.0000000000000000000, 0.0000000000000000000, -1.000000000000000000 ) ) ;
#923 = CARTESIAN_POINT ( 'NONE',  ( 9.075961542436331800, 7.157156118639040400, 15.53277251749399000 ) ) ;
#924 = DIRECTION ( 'NONE',  ( 0.0000000000000000000, -0.9954954725939522100, -0.09480909262799543100 ) ) ;
#925 = DIRECTION ( 'NONE',  ( 0.0000000000000000000, 1.000000000000000000, 0.0000000000000000000 ) ) ;
#926 = ORIENTED_EDGE ( 'NONE', *, *, #1632, .T. ) ;
#927 = PRESENTATION_STYLE_ASSIGNMENT (( #2807 ) ) ;
#928 = CARTESIAN_POINT ( 'NONE',  ( -6.108998279633132400, 7.157156118639040400, 16.92099997102533500 ) ) ;
#929 = SURFACE_SIDE_STYLE ('',( #272 ) ) ;
#930 = STYLED_ITEM ( 'NONE', ( #2432 ), #1318 ) ;
#931 =( NAMED_UNIT ( * ) SI_UNIT ( $, .STERADIAN. ) SOLID_ANGLE_UNIT ( ) );
#932 = UNCERTAINTY_MEASURE_WITH_UNIT (LENGTH_MEASURE( 1.000000000000000100E-005 ), #1340, 'distance_accuracy_value', 'NONE');
#933 = EDGE_CURVE ( 'NONE', #2664, #4709, #2983, .T. ) ;
#934 =( NAMED_UNIT ( * ) PLANE_ANGLE_UNIT ( ) SI_UNIT ( $, .RADIAN. ) );
#935 = CARTESIAN_POINT ( 'NONE',  ( -4.943845336485917800, 7.157156118639054700, 17.29735509518453500 ) ) ;
#936 = FACE_OUTER_BOUND ( 'NONE', #2051, .T. ) ;
#937 = CARTESIAN_POINT ( 'NONE',  ( 3.235533905932737500, 55.63999999999999300, 4.135533905932737400 ) ) ;
#938 = DIRECTION ( 'NONE',  ( 0.0000000000000000000, -0.09480909262799543100, 0.9954954725939522100 ) ) ;
#939 = VECTOR ( 'NONE', #3874, 1000.000000000000000 ) ;
#940 = CARTESIAN_POINT ( 'NONE',  ( -0.6561443629380597800, 4.538684763408247700, 17.97813689961546400 ) ) ;
#941 = UNCERTAINTY_MEASURE_WITH_UNIT (LENGTH_MEASURE( 1.000000000000000100E-005 ), #721, 'distance_accuracy_value', 'NONE');
#942 = ORIENTED_EDGE ( 'NONE', *, *, #1586, .F. ) ;
#943 = AXIS2_PLACEMENT_3D ( 'NONE', #4782, #1835, #1168 ) ;
#944 = ORIENTED_EDGE ( 'NONE', *, *, #530, .T. ) ;
#945 = ORIENTED_EDGE ( 'NONE', *, *, #1246, .F. ) ;
#946 = UNCERTAINTY_MEASURE_WITH_UNIT (LENGTH_MEASURE( 1.000000000000000100E-005 ), #1045, 'distance_accuracy_value', 'NONE');
#947 =( NAMED_UNIT ( * ) SI_UNIT ( $, .STERADIAN. ) SOLID_ANGLE_UNIT ( ) );
#948 = VERTEX_POINT ( 'NONE', #1128 ) ;
#949 = ORIENTED_EDGE ( 'NONE', *, *, #3245, .F. ) ;
#950 = VECTOR ( 'NONE', #3258, 1000.000000000000000 ) ;
#951 = ORIENTED_EDGE ( 'NONE', *, *, #2161, .F. ) ;
#952 = CARTESIAN_POINT ( 'NONE',  ( -3.835533905932737100, 55.63999999999999300, -4.135533905932737400 ) ) ;
#953 =( LENGTH_UNIT ( ) NAMED_UNIT ( * ) SI_UNIT ( .MILLI., .METRE. ) );
#954 =( LENGTH_UNIT ( ) NAMED_UNIT ( * ) SI_UNIT ( .MILLI., .METRE. ) );
#955 = VERTEX_POINT ( 'NONE', #445 ) ;
#956 =( GEOMETRIC_REPRESENTATION_CONTEXT ( 3 ) GLOBAL_UNCERTAINTY_ASSIGNED_CONTEXT ( ( #4506 ) ) GLOBAL_UNIT_ASSIGNED_CONTEXT ( ( #1876, #745, #3380 ) ) REPRESENTATION_CONTEXT ( 'NONE', 'WORKASPACE' ) );
#957 = DIRECTION ( 'NONE',  ( 0.3457323320025593200, 0.0000000000000000000, -0.9383331788912039300 ) ) ;
#958 = PRESENTATION_STYLE_ASSIGNMENT (( #2137 ) ) ;
#959 = DIRECTION ( 'NONE',  ( 0.0000000000000000000, 0.0000000000000000000, -1.000000000000000000 ) ) ;
#960 = ORIENTED_EDGE ( 'NONE', *, *, #3523, .F. ) ;
#961 = EDGE_CURVE ( 'NONE', #554, #293, #866, .T. ) ;
#962 = CARTESIAN_POINT ( 'NONE',  ( 0.0000000000000000000, 52.00000000000000000, 0.0000000000000000000 ) ) ;
#963 = DIRECTION ( 'NONE',  ( -0.1190135496939364000, -7.709882115452477200E-016, 0.9928926301414715500 ) ) ;
#964 =( GEOMETRIC_REPRESENTATION_CONTEXT ( 3 ) GLOBAL_UNCERTAINTY_ASSIGNED_CONTEXT ( ( #2854 ) ) GLOBAL_UNIT_ASSIGNED_CONTEXT ( ( #2797, #4446, #695 ) ) REPRESENTATION_CONTEXT ( 'NONE', 'WORKASPACE' ) );
#965 = CIRCLE ( 'NONE', #1642, 17.98999999999999800 ) ;
#966 = UNCERTAINTY_MEASURE_WITH_UNIT (LENGTH_MEASURE( 1.000000000000000100E-005 ), #3802, 'distance_accuracy_value', 'NONE');
#967 = EDGE_CURVE ( 'NONE', #907, #4132, #4663, .T. ) ;
#968 = DIRECTION ( 'NONE',  ( 1.000000000000000000, 0.0000000000000000000, 0.0000000000000000000 ) ) ;
#969 = CARTESIAN_POINT ( 'NONE',  ( 0.0000000000000000000, 4.142248356456976300, 0.0000000000000000000 ) ) ;
#970 = AXIS2_PLACEMENT_3D ( 'NONE', #969, #552, #222 ) ;
#971 = CARTESIAN_POINT ( 'NONE',  ( -9.054789877000294100, 3.433728050141748900, 15.54512400347366000 ) ) ;
#972 =( NAMED_UNIT ( * ) SI_UNIT ( $, .STERADIAN. ) SOLID_ANGLE_UNIT ( ) );
#973 = CARTESIAN_POINT ( 'NONE',  ( 0.0000000000000000000, 52.00000000000000000, 0.0000000000000000000 ) ) ;
#974 = FILL_AREA_STYLE ('',( #667 ) ) ;
#975 = AXIS2_PLACEMENT_3D ( 'NONE', #3572, #3583, #2439 ) ;
#976 = CARTESIAN_POINT ( 'NONE',  ( 2.461982891594410200, 3.433728050141728000, 17.82746901140505700 ) ) ;
#977 = SURFACE_SIDE_STYLE ('',( #801 ) ) ;
#978 = EDGE_CURVE ( 'NONE', #3557, #1074, #2800, .T. ) ;
#979 = DIRECTION ( 'NONE',  ( -1.224646799147353200E-016, 1.302513015802245800E-033, 1.000000000000000000 ) ) ;
#980 = SURFACE_SIDE_STYLE ('',( #3678 ) ) ;
#981 = FILL_AREA_STYLE_COLOUR ( '', #2568 ) ;
#982 = PRESENTATION_LAYER_ASSIGNMENT (  '', '', ( #171 ) ) ;
#983 = CARTESIAN_POINT ( 'NONE',  ( -5.410857978378481400, 3.433728050141748900, 17.16748717599107000 ) ) ;
#984 = CARTESIAN_POINT ( 'NONE',  ( -1.671244038210226700, 7.157156118639040400, 17.92224716280708900 ) ) ;
#985 = AXIS2_PLACEMENT_3D ( 'NONE', #2595, #1083, #2202 ) ;
#986 = EDGE_LOOP ( 'NONE', ( #1680, #1332, #1317, #3904, #1690, #2555, #2602, #4336, #785, #4118, #4479 ) ) ;
#987 =( NAMED_UNIT ( * ) PLANE_ANGLE_UNIT ( ) SI_UNIT ( $, .RADIAN. ) );
#988 = ORIENTED_EDGE ( 'NONE', *, *, #3019, .F. ) ;
#989 = PRESENTATION_STYLE_ASSIGNMENT (( #2391 ) ) ;
#990 = CARTESIAN_POINT ( 'NONE',  ( 3.789054356765135800, 4.450675420687574900, 17.58666857089523100 ) ) ;
#991 = EDGE_CURVE ( 'NONE', #4391, #2281, #1019, .T. ) ;
#992 = ORIENTED_EDGE ( 'NONE', *, *, #3926, .F. ) ;
#993 = AXIS2_PLACEMENT_3D ( 'NONE', #3656, #2497, #4712 ) ;
#994 = COLOUR_RGB ( '',0.8980392156862745400, 0.9215686274509803400, 0.9294117647058823800 ) ;
#995 = ORIENTED_EDGE ( 'NONE', *, *, #1959, .T. ) ;
#996 = VERTEX_POINT ( 'NONE', #84 ) ;
#997 = ORIENTED_EDGE ( 'NONE', *, *, #3260, .T. ) ;
#998 = CIRCLE ( 'NONE', #2644, 17.98999999999999800 ) ;
#999 = STYLED_ITEM ( 'NONE', ( #31 ), #3287 ) ;
#1000 = FILL_AREA_STYLE_COLOUR ( '', #4756 ) ;
#1001 = EDGE_LOOP ( 'NONE', ( #4737, #4103, #3702, #997 ) ) ;
#1002 = ORIENTED_EDGE ( 'NONE', *, *, #4596, .F. ) ;
#1003 = FACE_OUTER_BOUND ( 'NONE', #2335, .T. ) ;
#1004 = SURFACE_STYLE_USAGE ( .BOTH. , #1481 ) ;
#1005 = CARTESIAN_POINT ( 'NONE',  ( 3.875039006359610300, 4.759102484818936500, 17.56792295748778800 ) ) ;
#1006 = EDGE_LOOP ( 'NONE', ( #3414, #3603, #4112, #557 ) ) ;
#1007 = PRESENTATION_LAYER_ASSIGNMENT (  '', '', ( #3378 ) ) ;
#1008 = ORIENTED_EDGE ( 'NONE', *, *, #2386, .F. ) ;
#1009 = CARTESIAN_POINT ( 'NONE',  ( 6.236129580110771900, 3.433728050141735100, 16.88522098937610500 ) ) ;
#1010 = ORIENTED_EDGE ( 'NONE', *, *, #1982, .F. ) ;
#1011 =( NAMED_UNIT ( * ) PLANE_ANGLE_UNIT ( ) SI_UNIT ( $, .RADIAN. ) );
#1012 = VERTEX_POINT ( 'NONE', #2700 ) ;
#1013 = AXIS2_PLACEMENT_3D ( 'NONE', #2873, #3266, #2198 ) ;
#1014 =( LENGTH_UNIT ( ) NAMED_UNIT ( * ) SI_UNIT ( .MILLI., .METRE. ) );
#1015 = FILL_AREA_STYLE ('',( #4362 ) ) ;
#1016 = ADVANCED_FACE ( 'NONE', ( #1894 ), #3396, .F. ) ;
#1017 = FILL_AREA_STYLE_COLOUR ( '', #2018 ) ;
#1018 = CARTESIAN_POINT ( 'NONE',  ( -3.835533905932737600, 51.98999999999999500, -3.835533905932737600 ) ) ;
#1019 = B_SPLINE_CURVE_WITH_KNOTS ( 'NONE', 1,
 ( #4493, #2367 ),
 .UNSPECIFIED., .F., .F.,
 ( 2, 2 ),
 ( 0.0000000000000000000, 1.000000000000000000 ),
 .UNSPECIFIED. ) ;
#1020 = EDGE_CURVE ( 'NONE', #2698, #1985, #3218, .T. ) ;
#1021 = CARTESIAN_POINT ( 'NONE',  ( -3.835533905932737100, 58.78999999999999200, -3.835533905932737600 ) ) ;
#1022 = PRESENTATION_LAYER_ASSIGNMENT (  '', '', ( #2473 ) ) ;
#1023 =( NAMED_UNIT ( * ) PLANE_ANGLE_UNIT ( ) SI_UNIT ( $, .RADIAN. ) );
#1024 = CIRCLE ( 'NONE', #1125, 15.92640000000000100 ) ;
#1025 = PLANE ( 'NONE',  #227 ) ;
#1026 = CARTESIAN_POINT ( 'NONE',  ( -5.407851946168271700, 3.433728050141748900, 17.15794968311552200 ) ) ;
#1027 = PLANE ( 'NONE',  #308 ) ;
#1028 = PRESENTATION_LAYER_ASSIGNMENT (  '', '', ( #539 ) ) ;
#1029 = CARTESIAN_POINT ( 'NONE',  ( -1.482892159573039100, 3.433728050141748900, 17.93881352941371800 ) ) ;
#1030 = DIRECTION ( 'NONE',  ( -0.2330031065407187900, 3.854941057726238100E-016, 0.9724759906251540000 ) ) ;
#1031 = CARTESIAN_POINT ( 'NONE',  ( -4.191725886667518900, 4.142112498812883500, 17.49484307134652300 ) ) ;
#1032 = CARTESIAN_POINT ( 'NONE',  ( -0.5327008188985686800, 6.748598189941231100, 17.99211576879008200 ) ) ;
#1033 = DIRECTION ( 'NONE',  ( 0.0000000000000000000, 1.000000000000000000, 0.0000000000000000000 ) ) ;
#1034 = COLOUR_RGB ( '',0.1019607843137254900, 0.1019607843137254900, 0.1019607843137254900 ) ;
#1035 = EDGE_CURVE ( 'NONE', #2276, #1133, #4304, .T. ) ;
#1036 = CARTESIAN_POINT ( 'NONE',  ( 0.0000000000000000000, 51.98999999999999500, 0.0000000000000000000 ) ) ;
#1037 = SURFACE_STYLE_USAGE ( .BOTH. , #2924 ) ;
#1038 = SURFACE_STYLE_FILL_AREA ( #2811 ) ;
#1039 =( GEOMETRIC_REPRESENTATION_CONTEXT ( 3 ) GLOBAL_UNCERTAINTY_ASSIGNED_CONTEXT ( ( #2368 ) ) GLOBAL_UNIT_ASSIGNED_CONTEXT ( ( #2934, #1023, #3400 ) ) REPRESENTATION_CONTEXT ( 'NONE', 'WORKASPACE' ) );
#1040 = FILL_AREA_STYLE ('',( #4769 ) ) ;
#1041 = B_SPLINE_CURVE_WITH_KNOTS ( 'NONE', 3,
 ( #4846, #4527, #3392, #2641 ),
 .UNSPECIFIED., .F., .F.,
 ( 4, 4 ),
 ( 0.0000000000000000000, 1.000000000000000000 ),
 .UNSPECIFIED. ) ;
#1042 = EDGE_CURVE ( 'NONE', #2689, #1363, #4148, .T. ) ;
#1043 = ORIENTED_EDGE ( 'NONE', *, *, #3086, .T. ) ;
#1044 = FILL_AREA_STYLE ('',( #981 ) ) ;
#1045 =( LENGTH_UNIT ( ) NAMED_UNIT ( * ) SI_UNIT ( .MILLI., .METRE. ) );
#1046 =( LENGTH_UNIT ( ) NAMED_UNIT ( * ) SI_UNIT ( .MILLI., .METRE. ) );
#1047 = CARTESIAN_POINT ( 'NONE',  ( 6.232665063677374400, 3.433728050141748900, 16.87584031104867700 ) ) ;
#1048 = MECHANICAL_DESIGN_GEOMETRIC_PRESENTATION_REPRESENTATION (  '', ( #711 ), #562 ) ;
#1049 = CARTESIAN_POINT ( 'NONE',  ( 3.835533905932737600, 52.48999999999999500, 3.835533905932737600 ) ) ;
#1050 = EDGE_LOOP ( 'NONE', ( #638, #3432, #834, #3663 ) ) ;
#1051 = ORIENTED_EDGE ( 'NONE', *, *, #899, .T. ) ;
#1052 = ORIENTED_EDGE ( 'NONE', *, *, #4401, .T. ) ;
#1053 = CARTESIAN_POINT ( 'NONE',  ( 1.075260010820365600, 3.433728050141735100, 17.96785507257698500 ) ) ;
#1054 = EDGE_CURVE ( 'NONE', #3598, #3772, #166, .T. ) ;
#1055 =( NAMED_UNIT ( * ) PLANE_ANGLE_UNIT ( ) SI_UNIT ( $, .RADIAN. ) );
#1056 = STYLED_ITEM ( 'NONE', ( #3112 ), #1897 ) ;
#1057 = VERTEX_POINT ( 'NONE', #263 ) ;
#1058 = ORIENTED_EDGE ( 'NONE', *, *, #2759, .F. ) ;
#1059 = ORIENTED_EDGE ( 'NONE', *, *, #2593, .T. ) ;
#1060 = CYLINDRICAL_SURFACE ( 'NONE', #4364, 17.98999999999999800 ) ;
#1061 = CARTESIAN_POINT ( 'NONE',  ( -7.156034367742235800, 7.157156118639054700, 16.50549218071645200 ) ) ;
#1062 = VERTEX_POINT ( 'NONE', #1181 ) ;
#1063 =( LENGTH_UNIT ( ) NAMED_UNIT ( * ) SI_UNIT ( .MILLI., .METRE. ) );
#1064 = MECHANICAL_DESIGN_GEOMETRIC_PRESENTATION_REPRESENTATION (  '', ( #855 ), #71 ) ;
#1065 = DIRECTION ( 'NONE',  ( -0.0000000000000000000, -1.000000000000000000, -0.0000000000000000000 ) ) ;
#1066 = ADVANCED_FACE ( 'NONE', ( #3736 ), #1542, .F. ) ;
#1067 = CARTESIAN_POINT ( 'NONE',  ( 0.2833995399151066400, 7.157156118639040400, 17.99776888119124200 ) ) ;
#1068 = ORIENTED_EDGE ( 'NONE', *, *, #2839, .F. ) ;
#1069 = SURFACE_STYLE_USAGE ( .BOTH. , #2177 ) ;
#1070 =( NAMED_UNIT ( * ) PLANE_ANGLE_UNIT ( ) SI_UNIT ( $, .RADIAN. ) );
#1071 = CARTESIAN_POINT ( 'NONE',  ( 8.606658087268069600, 6.438177425810709000, 15.81268192933096900 ) ) ;
#1072 = CIRCLE ( 'NONE', #2768, 18.00000000000000000 ) ;
#1073 = CIRCLE ( 'NONE', #4278, 16.61544000000000000 ) ;
#1074 = VERTEX_POINT ( 'NONE', #878 ) ;
#1075 = CARTESIAN_POINT ( 'NONE',  ( 0.1879467857721675000, 5.383779550429016700, 17.99908203867271800 ) ) ;
#1076 = UNCERTAINTY_MEASURE_WITH_UNIT (LENGTH_MEASURE( 1.000000000000000100E-005 ), #744, 'distance_accuracy_value', 'NONE');
#1077 = FACE_BOUND ( 'NONE', #3305, .T. ) ;
#1078 = EDGE_CURVE ( 'NONE', #1733, #485, #1637, .T. ) ;
#1079 = STYLED_ITEM ( 'NONE', ( #3811 ), #387 ) ;
#1080 =( NAMED_UNIT ( * ) PLANE_ANGLE_UNIT ( ) SI_UNIT ( $, .RADIAN. ) );
#1081 = CIRCLE ( 'NONE', #943, 17.98999999999999800 ) ;
#1082 = UNCERTAINTY_MEASURE_WITH_UNIT (LENGTH_MEASURE( 1.000000000000000100E-005 ), #4693, 'distance_accuracy_value', 'NONE');
#1083 = DIRECTION ( 'NONE',  ( -0.0000000000000000000, -1.000000000000000000, -0.0000000000000000000 ) ) ;
#1084 = PRESENTATION_STYLE_ASSIGNMENT (( #886 ) ) ;
#1085 = SURFACE_STYLE_USAGE ( .BOTH. , #3337 ) ;
#1086 = CARTESIAN_POINT ( 'NONE',  ( 0.0000000000000000000, 52.00000000000000000, 0.0000000000000000000 ) ) ;
#1087 = EDGE_CURVE ( 'NONE', #2796, #2042, #4355, .T. ) ;
#1088 = CARTESIAN_POINT ( 'NONE',  ( -6.864479419267803800, 3.433728050141728000, 16.63607325703874600 ) ) ;
#1089 = SURFACE_STYLE_FILL_AREA ( #4661 ) ;
#1090 = PRESENTATION_LAYER_ASSIGNMENT (  '', '', ( #4779 ) ) ;
#1091 = CARTESIAN_POINT ( 'NONE',  ( 2.865392713725909100E-016, 44.61544000000000700, 0.0000000000000000000 ) ) ;
#1092 = COLOUR_RGB ( '',0.8980392156862745400, 0.9215686274509803400, 0.9294117647058823800 ) ;
#1093 = ADVANCED_FACE ( 'NONE', ( #2645 ), #1378, .F. ) ;
#1094 = SURFACE_STYLE_USAGE ( .BOTH. , #1909 ) ;
#1095 = COLOUR_RGB ( '',0.8980392156862745400, 0.9215686274509803400, 0.9294117647058823800 ) ;
#1096 = FILL_AREA_STYLE ('',( #2986 ) ) ;
#1097 = FILL_AREA_STYLE_COLOUR ( '', #3918 ) ;
#1098 =( GEOMETRIC_REPRESENTATION_CONTEXT ( 3 ) GLOBAL_UNCERTAINTY_ASSIGNED_CONTEXT ( ( #3758 ) ) GLOBAL_UNIT_ASSIGNED_CONTEXT ( ( #1822, #4768, #2914 ) ) REPRESENTATION_CONTEXT ( 'NONE', 'WORKASPACE' ) );
#1099 = CARTESIAN_POINT ( 'NONE',  ( 6.691693093194956500, 6.439986209210037900, 16.71417409166547000 ) ) ;
#1100 = CARTESIAN_POINT ( 'NONE',  ( -7.608679787506400100, 5.455448435884808800, 16.31281679818637200 ) ) ;
#1101 = FACE_OUTER_BOUND ( 'NONE', #632, .T. ) ;
#1102 = DIRECTION ( 'NONE',  ( -0.0000000000000000000, -1.000000000000000000, -0.0000000000000000000 ) ) ;
#1103 = CARTESIAN_POINT ( 'NONE',  ( -3.611844596232846300, 6.217568360353955500, 17.62382438504597100 ) ) ;
#1104 = MECHANICAL_DESIGN_GEOMETRIC_PRESENTATION_REPRESENTATION (  '', ( #4224 ), #1374 ) ;
#1105 = CARTESIAN_POINT ( 'NONE',  ( -6.865750854611251300, 3.433728050141748900, 16.63915458196133200 ) ) ;
#1106 = VECTOR ( 'NONE', #1421, 1000.000000000000000 ) ;
#1107 = FACE_BOUND ( 'NONE', #915, .T. ) ;
#1108 = CARTESIAN_POINT ( 'NONE',  ( -2.299552150307558700, 5.296974256828392000, 17.85262879534784400 ) ) ;
#1109 =( LENGTH_UNIT ( ) NAMED_UNIT ( * ) SI_UNIT ( .MILLI., .METRE. ) );
#1110 = ORIENTED_EDGE ( 'NONE', *, *, #246, .F. ) ;
#1111 = FACE_OUTER_BOUND ( 'NONE', #196, .T. ) ;
#1112 =( LENGTH_UNIT ( ) NAMED_UNIT ( * ) SI_UNIT ( .MILLI., .METRE. ) );
#1113 = SURFACE_STYLE_USAGE ( .BOTH. , #724 ) ;
#1114 = EDGE_LOOP ( 'NONE', ( #1323, #3782, #3851, #4588 ) ) ;
#1115 = CARTESIAN_POINT ( 'NONE',  ( 3.235533905932737500, 51.98999999999999500, 3.235533905932737500 ) ) ;
#1116 = CARTESIAN_POINT ( 'NONE',  ( -1.166057088636174700, 4.538684783592765700, 17.95497024134423800 ) ) ;
#1117 = FILL_AREA_STYLE ('',( #1512 ) ) ;
#1118 = EDGE_CURVE ( 'NONE', #3905, #1306, #1024, .T. ) ;
#1119 = ORIENTED_EDGE ( 'NONE', *, *, #4777, .T. ) ;
#1120 = DIRECTION ( 'NONE',  ( 0.0000000000000000000, 0.9954954725939522100, 0.09480909262799529200 ) ) ;
#1121 = ADVANCED_FACE ( 'NONE', ( #4486 ), #4766, .F. ) ;
#1122 = ORIENTED_EDGE ( 'NONE', *, *, #2817, .F. ) ;
#1123 = ORIENTED_EDGE ( 'NONE', *, *, #4315, .T. ) ;
#1124 = CARTESIAN_POINT ( 'NONE',  ( -4.946593443954788500, 7.157156118639040400, 17.30697007856151300 ) ) ;
#1125 = AXIS2_PLACEMENT_3D ( 'NONE', #1036, #379, #1965 ) ;
#1126 = PRESENTATION_STYLE_ASSIGNMENT (( #2965 ) ) ;
#1127 = ORIENTED_EDGE ( 'NONE', *, *, #3008, .F. ) ;
#1128 = CARTESIAN_POINT ( 'NONE',  ( 3.835533905932737600, 51.98999999999999500, 3.835533905932737600 ) ) ;
#1129 = ORIENTED_EDGE ( 'NONE', *, *, #3616, .T. ) ;
#1130 = STYLED_ITEM ( 'NONE', ( #1175 ), #121 ) ;
#1131 =( GEOMETRIC_REPRESENTATION_CONTEXT ( 3 ) GLOBAL_UNCERTAINTY_ASSIGNED_CONTEXT ( ( #1973 ) ) GLOBAL_UNIT_ASSIGNED_CONTEXT ( ( #4470, #4804, #2988 ) ) REPRESENTATION_CONTEXT ( 'NONE', 'WORKASPACE' ) );
#1132 = CARTESIAN_POINT ( 'NONE',  ( 2.026963865985461000, 6.764561464228345100, 17.87544453953493200 ) ) ;
#1133 = VERTEX_POINT ( 'NONE', #798 ) ;
#1134 = CARTESIAN_POINT ( 'NONE',  ( 1.392751720318206300, 4.544005875528369200, 17.93883735527661500 ) ) ;
#1135 =( LENGTH_UNIT ( ) NAMED_UNIT ( * ) SI_UNIT ( .MILLI., .METRE. ) );
#1136 = ORIENTED_EDGE ( 'NONE', *, *, #4373, .T. ) ;
#1137 = DIRECTION ( 'NONE',  ( -0.0000000000000000000, -1.000000000000000000, -0.0000000000000000000 ) ) ;
#1138 = ORIENTED_EDGE ( 'NONE', *, *, #4295, .F. ) ;
#1139 = STYLED_ITEM ( 'NONE', ( #3900 ), #3503 ) ;
#1140 = CARTESIAN_POINT ( 'NONE',  ( -6.608525831213061300, 6.627884409904877900, 16.75128701327174600 ) ) ;
#1141 = CARTESIAN_POINT ( 'NONE',  ( -5.500631328476374400, 6.589919456867651300, 17.13821724926674900 ) ) ;
#1142 =( NAMED_UNIT ( * ) SI_UNIT ( $, .STERADIAN. ) SOLID_ANGLE_UNIT ( ) );
#1143 = ORIENTED_EDGE ( 'NONE', *, *, #3979, .F. ) ;
#1144 = CARTESIAN_POINT ( 'NONE',  ( -2.142243894490854800, 3.433728050141735100, 17.87206734254648700 ) ) ;
#1145 = EDGE_CURVE ( 'NONE', #4332, #2348, #4658, .T. ) ;
#1146 = CARTESIAN_POINT ( 'NONE',  ( -0.6561443629379923900, 4.538684763409452900, 17.97813689961546800 ) ) ;
#1147 = UNCERTAINTY_MEASURE_WITH_UNIT (LENGTH_MEASURE( 1.000000000000000100E-005 ), #1112, 'distance_accuracy_value', 'NONE');
#1148 = SURFACE_STYLE_FILL_AREA ( #1117 ) ;
#1149 = PRESENTATION_LAYER_ASSIGNMENT (  '', '', ( #1591 ) ) ;
#1150 = ADVANCED_FACE ( 'NONE', ( #1656 ), #683, .F. ) ;
#1151 = SURFACE_STYLE_USAGE ( .BOTH. , #410 ) ;
#1152 =( NAMED_UNIT ( * ) PLANE_ANGLE_UNIT ( ) SI_UNIT ( $, .RADIAN. ) );
#1153 = MECHANICAL_DESIGN_GEOMETRIC_PRESENTATION_REPRESENTATION (  '', ( #2833 ), #1622 ) ;
#1154 = COLOUR_RGB ( '',0.8980392156862745400, 0.9215686274509803400, 0.9294117647058823800 ) ;
#1155 = EDGE_CURVE ( 'NONE', #1370, #4515, #3597, .T. ) ;
#1156 = CARTESIAN_POINT ( 'NONE',  ( 4.585533905932739400, 52.48999999999999500, -1.200000000000004400 ) ) ;
#1157 = PRESENTATION_LAYER_ASSIGNMENT (  '', '', ( #3953 ) ) ;
#1158 = CARTESIAN_POINT ( 'NONE',  ( 2.017830816172706800, 3.433728050141748900, 17.88654127542001100 ) ) ;
#1159 = DIRECTION ( 'NONE',  ( 0.0000000000000000000, -0.09480909262799527800, -0.9954954725939522100 ) ) ;
#1160 = CARTESIAN_POINT ( 'NONE',  ( -6.108998279633132400, 7.157156118639040400, 16.92099997102533500 ) ) ;
#1161 =( NAMED_UNIT ( * ) PLANE_ANGLE_UNIT ( ) SI_UNIT ( $, .RADIAN. ) );
#1162 = SURFACE_STYLE_USAGE ( .BOTH. , #2307 ) ;
#1163 = EDGE_CURVE ( 'NONE', #2893, #4048, #882, .T. ) ;
#1164 = DIRECTION ( 'NONE',  ( -0.0000000000000000000, -1.000000000000000000, -0.0000000000000000000 ) ) ;
#1165 = CARTESIAN_POINT ( 'NONE',  ( -2.298274621337312000, 5.296974256820807800, 17.84271066823903200 ) ) ;
#1166 = CARTESIAN_POINT ( 'NONE',  ( 2.204364238465235000E-015, 3.433728050141728000, 18.00000000000000000 ) ) ;
#1167 = FACE_OUTER_BOUND ( 'NONE', #1579, .T. ) ;
#1168 = DIRECTION ( 'NONE',  ( 0.0000000000000000000, 0.0000000000000000000, -1.000000000000000000 ) ) ;
#1169 = SURFACE_STYLE_FILL_AREA ( #3936 ) ;
#1170 = CARTESIAN_POINT ( 'NONE',  ( 2.028090582976003200, 6.764561464228345100, 17.88538086223617500 ) ) ;
#1171 = CIRCLE ( 'NONE', #970, 17.98999999999999800 ) ;
#1172 =( GEOMETRIC_REPRESENTATION_CONTEXT ( 3 ) GLOBAL_UNCERTAINTY_ASSIGNED_CONTEXT ( ( #4497 ) ) GLOBAL_UNIT_ASSIGNED_CONTEXT ( ( #2540, #4052, #4036 ) ) REPRESENTATION_CONTEXT ( 'NONE', 'WORKASPACE' ) );
#1173 = PRESENTATION_STYLE_ASSIGNMENT (( #1094 ) ) ;
#1174 = CARTESIAN_POINT ( 'NONE',  ( 4.585533905932739400, 51.98999999999999500, 1.199999999999995300 ) ) ;
#1175 = PRESENTATION_STYLE_ASSIGNMENT (( #1741 ) ) ;
#1176 = CARTESIAN_POINT ( 'NONE',  ( -7.111850761788987000, 4.107634845389433100, 16.52678945915321800 ) ) ;
#1177 = DIRECTION ( 'NONE',  ( -0.0000000000000000000, -1.000000000000000000, -0.0000000000000000000 ) ) ;
#1178 = ADVANCED_FACE ( 'NONE', ( #1341 ), #4266, .F. ) ;
#1179 = SURFACE_STYLE_USAGE ( .BOTH. , #2363 ) ;
#1180 = ORIENTED_EDGE ( 'NONE', *, *, #2845, .T. ) ;
#1181 = CARTESIAN_POINT ( 'NONE',  ( 2.204364238465235000E-015, 44.61544000000000700, 18.00000000000000000 ) ) ;
#1182 = DIRECTION ( 'NONE',  ( 0.0000000000000000000, -0.0000000000000000000, 1.000000000000000000 ) ) ;
#1183 = UNCERTAINTY_MEASURE_WITH_UNIT (LENGTH_MEASURE( 1.000000000000000100E-005 ), #4514, 'distance_accuracy_value', 'NONE');
#1184 = VERTEX_POINT ( 'NONE', #3723 ) ;
#1185 = ORIENTED_EDGE ( 'NONE', *, *, #1145, .F. ) ;
#1186 = ORIENTED_EDGE ( 'NONE', *, *, #3201, .T. ) ;
#1187 = DIRECTION ( 'NONE',  ( -0.0000000000000000000, -1.000000000000000000, -0.0000000000000000000 ) ) ;
#1188 = VECTOR ( 'NONE', #1960, 1000.000000000000000 ) ;
#1189 = SURFACE_STYLE_USAGE ( .BOTH. , #4249 ) ;
#1190 = ORIENTED_EDGE ( 'NONE', *, *, #2697, .T. ) ;
#1191 = VERTEX_POINT ( 'NONE', #3754 ) ;
#1192 = CARTESIAN_POINT ( 'NONE',  ( 2.371101249089958300, 4.674870776006167200, 17.83662441602081500 ) ) ;
#1193 = EDGE_CURVE ( 'NONE', #3905, #2491, #3259, .T. ) ;
#1194 = FILL_AREA_STYLE ('',( #1983 ) ) ;
#1195 = DIRECTION ( 'NONE',  ( -0.3457323320025593200, 0.0000000000000000000, 0.9383331788912039300 ) ) ;
#1196 =( NAMED_UNIT ( * ) SI_UNIT ( $, .STERADIAN. ) SOLID_ANGLE_UNIT ( ) );
#1197 = PRESENTATION_LAYER_ASSIGNMENT (  '', '', ( #3958 ) ) ;
#1198 = VERTEX_POINT ( 'NONE', #3007 ) ;
#1199 =( LENGTH_UNIT ( ) NAMED_UNIT ( * ) SI_UNIT ( .MILLI., .METRE. ) );
#1200 = CIRCLE ( 'NONE', #1241, 18.00000000000000400 ) ;
#1201 = CARTESIAN_POINT ( 'NONE',  ( -0.5946096848715531900, 5.643641476673528800, 17.99028280461707000 ) ) ;
#1202 = CARTESIAN_POINT ( 'NONE',  ( 1.710334855654287400, 5.654283659532813600, 17.91134829350561100 ) ) ;
#1203 = ORIENTED_EDGE ( 'NONE', *, *, #558, .T. ) ;
#1204 = CARTESIAN_POINT ( 'NONE',  ( 0.0000000000000000000, 49.92639999999999400, 0.0000000000000000000 ) ) ;
#1205 = DIRECTION ( 'NONE',  ( -1.000000000000000000, 0.0000000000000000000, 0.0000000000000000000 ) ) ;
#1206 = STYLED_ITEM ( 'NONE', ( #3972 ), #2187 ) ;
#1207 = ADVANCED_FACE ( 'NONE', ( #919 ), #3370, .F. ) ;
#1208 = CIRCLE ( 'NONE', #2056, 18.00000000000000000 ) ;
#1209 = ORIENTED_EDGE ( 'NONE', *, *, #4656, .F. ) ;
#1210 = DIRECTION ( 'NONE',  ( -0.0000000000000000000, -1.000000000000000000, -0.0000000000000000000 ) ) ;
#1211 = CARTESIAN_POINT ( 'NONE',  ( -7.359440007992972700, 4.781541640637118300, 16.41803379987655400 ) ) ;
#1212 = CARTESIAN_POINT ( 'NONE',  ( -1.589252230595371600, 6.152141566039167000, 17.93203078929829500 ) ) ;
#1213 = FILL_AREA_STYLE ('',( #3430 ) ) ;
#1214 = COLOUR_RGB ( '',0.1019607843137254900, 0.1019607843137254900, 0.1019607843137254900 ) ;
#1215 = CARTESIAN_POINT ( 'NONE',  ( 3.166505002939848700, 5.916013392680091500, 17.71272567325905800 ) ) ;
#1216 = UNCERTAINTY_MEASURE_WITH_UNIT (LENGTH_MEASURE( 1.000000000000000100E-005 ), #1566, 'distance_accuracy_value', 'NONE');
#1217 = DIRECTION ( 'NONE',  ( 0.0000000000000000000, 0.0000000000000000000, -1.000000000000000000 ) ) ;
#1218 =( NAMED_UNIT ( * ) PLANE_ANGLE_UNIT ( ) SI_UNIT ( $, .RADIAN. ) );
#1219 = CARTESIAN_POINT ( 'NONE',  ( -6.865750854611251300, 3.433728050141748900, 16.63915458196133200 ) ) ;
#1220 = ORIENTED_EDGE ( 'NONE', *, *, #1488, .T. ) ;
#1221 = B_SPLINE_CURVE_WITH_KNOTS ( 'NONE', 3,
 ( #1649, #3882, #2392, #4595 ),
 .UNSPECIFIED., .F., .F.,
 ( 4, 4 ),
 ( 0.0000000000000000000, 1.000000000000000000 ),
 .UNSPECIFIED. ) ;
#1222 = COLOUR_RGB ( '',0.2980392156862745100, 0.2980392156862745100, 0.2980392156862745100 ) ;
#1223 = FILL_AREA_STYLE ('',( #2008 ) ) ;
#1224 = EDGE_CURVE ( 'NONE', #1933, #11, #3142, .T. ) ;
#1225 = CARTESIAN_POINT ( 'NONE',  ( -7.092835112323590400, 6.098613663198323200, 16.54115203872396100 ) ) ;
#1226 = FACE_OUTER_BOUND ( 'NONE', #4624, .T. ) ;
#1227 = DIRECTION ( 'NONE',  ( 0.0000000000000000000, 0.0000000000000000000, 1.000000000000000000 ) ) ;
#1228 = SURFACE_STYLE_USAGE ( .BOTH. , #827 ) ;
#1229 =( NAMED_UNIT ( * ) PLANE_ANGLE_UNIT ( ) SI_UNIT ( $, .RADIAN. ) );
#1230 = ADVANCED_FACE ( 'NONE', ( #3033 ), #872, .F. ) ;
#1231 = CARTESIAN_POINT ( 'NONE',  ( 1.457115210756047900, 7.157156118639054700, 17.93089276256436900 ) ) ;
#1232 = EDGE_CURVE ( 'NONE', #2491, #2614, #2178, .T. ) ;
#1233 = CARTESIAN_POINT ( 'NONE',  ( -4.106300167537768600, 4.450584848927037200, 17.51531088559344000 ) ) ;
#1234 = PRESENTATION_STYLE_ASSIGNMENT (( #4402 ) ) ;
#1235 = AXIS2_PLACEMENT_3D ( 'NONE', #3298, #2153, #4755 ) ;
#1236 = FACE_OUTER_BOUND ( 'NONE', #1684, .T. ) ;
#1237 = CARTESIAN_POINT ( 'NONE',  ( 0.0000000000000000000, 4.142248356456955000, 0.0000000000000000000 ) ) ;
#1238 =( NAMED_UNIT ( * ) SI_UNIT ( $, .STERADIAN. ) SOLID_ANGLE_UNIT ( ) );
#1239 = DIRECTION ( 'NONE',  ( 0.0000000000000000000, -0.0000000000000000000, 1.000000000000000000 ) ) ;
#1240 = CARTESIAN_POINT ( 'NONE',  ( 0.0000000000000000000, 7.157156118639020000, 0.0000000000000000000 ) ) ;
#1241 = AXIS2_PLACEMENT_3D ( 'NONE', #3094, #3792, #1205 ) ;
#1242 = CARTESIAN_POINT ( 'NONE',  ( 0.0000000000000000000, 52.00000000000000000, 0.0000000000000000000 ) ) ;
#1243 = UNCERTAINTY_MEASURE_WITH_UNIT (LENGTH_MEASURE( 1.000000000000000100E-005 ), #2814, 'distance_accuracy_value', 'NONE');
#1244 = FILL_AREA_STYLE_COLOUR ( '', #3168 ) ;
#1245 =( LENGTH_UNIT ( ) NAMED_UNIT ( * ) SI_UNIT ( .MILLI., .METRE. ) );
#1246 = EDGE_CURVE ( 'NONE', #2281, #2611, #738, .T. ) ;
#1247 = ORIENTED_EDGE ( 'NONE', *, *, #3869, .T. ) ;
#1248 = DIRECTION ( 'NONE',  ( 0.0000000000000000000, -0.9954954725939522100, 0.09480909262799541700 ) ) ;
#1249 = FACE_OUTER_BOUND ( 'NONE', #4576, .T. ) ;
#1250 = UNCERTAINTY_MEASURE_WITH_UNIT (LENGTH_MEASURE( 1.000000000000000100E-005 ), #2982, 'distance_accuracy_value', 'NONE');
#1251 = ORIENTED_EDGE ( 'NONE', *, *, #1330, .F. ) ;
#1252 = STYLED_ITEM ( 'NONE', ( #758 ), #4379 ) ;
#1253 = EDGE_LOOP ( 'NONE', ( #3225, #254, #2675, #2944 ) ) ;
#1254 = ORIENTED_EDGE ( 'NONE', *, *, #4834, .F. ) ;
#1255 = B_SPLINE_CURVE_WITH_KNOTS ( 'NONE', 3,
 ( #2088, #4264, #3185, #687 ),
 .UNSPECIFIED., .F., .F.,
 ( 4, 4 ),
 ( 0.0000000000000000000, 1.000000000000000000 ),
 .UNSPECIFIED. ) ;
#1256 = CARTESIAN_POINT ( 'NONE',  ( 6.234974741299640600, 3.433728050141728000, 16.88209409660029400 ) ) ;
#1257 = VECTOR ( 'NONE', #4744, 1000.000000000000000 ) ;
#1258 = CARTESIAN_POINT ( 'NONE',  ( 5.983915603444105900, 6.443495864422721400, 16.97624086925188900 ) ) ;
#1259 = B_SPLINE_CURVE_WITH_KNOTS ( 'NONE', 3,
 ( #1686, #4636, #3559, #1301 ),
 .UNSPECIFIED., .F., .F.,
 ( 4, 4 ),
 ( 0.0000000000000000000, 1.000000000000000000 ),
 .UNSPECIFIED. ) ;
#1260 = ORIENTED_EDGE ( 'NONE', *, *, #2530, .T. ) ;
#1261 = ORIENTED_EDGE ( 'NONE', *, *, #212, .F. ) ;
#1262 = DIRECTION ( 'NONE',  ( -1.000000000000000000, 0.0000000000000000000, -0.0000000000000000000 ) ) ;
#1263 = MECHANICAL_DESIGN_GEOMETRIC_PRESENTATION_REPRESENTATION (  '', ( #4165 ), #4403 ) ;
#1264 = STYLED_ITEM ( 'NONE', ( #751 ), #333 ) ;
#1265 = VECTOR ( 'NONE', #794, 1000.000000000000000 ) ;
#1266 = CARTESIAN_POINT ( 'NONE',  ( -7.437641011112430300, 6.098613663703029700, 16.39220893321652300 ) ) ;
#1267 = CARTESIAN_POINT ( 'NONE',  ( -7.571058161590995500, 5.569342435477977900, 16.31928853577282400 ) ) ;
#1268 = CARTESIAN_POINT ( 'NONE',  ( 3.835533905932737600, 52.48999999999999500, 3.835533905932737600 ) ) ;
#1269 = ORIENTED_EDGE ( 'NONE', *, *, #59, .T. ) ;
#1270 = EDGE_CURVE ( 'NONE', #3129, #1525, #2389, .T. ) ;
#1271 = VECTOR ( 'NONE', #3440, 1000.000000000000100 ) ;
#1272 = DIRECTION ( 'NONE',  ( 0.0000000000000000000, 0.9954954725939522100, 0.09480909262799527800 ) ) ;
#1273 = CARTESIAN_POINT ( 'NONE',  ( 3.835533905932737100, 51.98999999999999500, 3.235533905932737500 ) ) ;
#1274 = MECHANICAL_DESIGN_GEOMETRIC_PRESENTATION_REPRESENTATION (  '', ( #2473 ), #2949 ) ;
#1275 = ORIENTED_EDGE ( 'NONE', *, *, #2697, .F. ) ;
#1276 = ORIENTED_EDGE ( 'NONE', *, *, #743, .T. ) ;
#1277 = CARTESIAN_POINT ( 'NONE',  ( 6.236129580110771900, 3.433728050141735100, 16.88522098937610500 ) ) ;
#1278 = EDGE_LOOP ( 'NONE', ( #2100, #1578, #2050, #4518 ) ) ;
#1279 = PRESENTATION_LAYER_ASSIGNMENT (  '', '', ( #999 ) ) ;
#1280 = FACE_OUTER_BOUND ( 'NONE', #298, .T. ) ;
#1281 = CARTESIAN_POINT ( 'NONE',  ( 0.2740354441090586700, 3.433728050141748900, 17.99791389509828600 ) ) ;
#1282 = CARTESIAN_POINT ( 'NONE',  ( -6.592235260511587000, 5.455448435884830100, 16.74940101227705500 ) ) ;
#1283 = CARTESIAN_POINT ( 'NONE',  ( 3.835533905932737600, 52.48999999999999500, 3.835533905932737600 ) ) ;
#1284 = STYLED_ITEM ( 'NONE', ( #2678 ), #4124 ) ;
#1285 = CARTESIAN_POINT ( 'NONE',  ( 0.0000000000000000000, 7.157156118639020000, 0.0000000000000000000 ) ) ;
#1286 = PRESENTATION_STYLE_ASSIGNMENT (( #1113 ) ) ;
#1287 = VECTOR ( 'NONE', #28, 1000.000000000000000 ) ;
#1288 = CARTESIAN_POINT ( 'NONE',  ( -8.129798782473606900, 3.433728050141735100, 16.05946361982524500 ) ) ;
#1289 = SURFACE_SIDE_STYLE ('',( #414 ) ) ;
#1290 = LINE ( 'NONE', #506, #4032 ) ;
#1291 = EDGE_CURVE ( 'NONE', #3764, #846, #2640, .T. ) ;
#1292 = DIRECTION ( 'NONE',  ( 0.3457323320025579800, 0.0000000000000000000, 0.9383331788912043800 ) ) ;
#1293 =( GEOMETRIC_REPRESENTATION_CONTEXT ( 3 ) GLOBAL_UNCERTAINTY_ASSIGNED_CONTEXT ( ( #4001 ) ) GLOBAL_UNIT_ASSIGNED_CONTEXT ( ( #80, #29, #4155 ) ) REPRESENTATION_CONTEXT ( 'NONE', 'WORKASPACE' ) );
#1294 = COLOUR_RGB ( '',0.8980392156862745400, 0.9215686274509803400, 0.9294117647058823800 ) ;
#1295 =( NAMED_UNIT ( * ) PLANE_ANGLE_UNIT ( ) SI_UNIT ( $, .RADIAN. ) );
#1296 = CARTESIAN_POINT ( 'NONE',  ( 0.0000000000000000000, 7.157156118639020000, 0.0000000000000000000 ) ) ;
#1297 = COLOUR_RGB ( '',0.8980392156862745400, 0.9215686274509803400, 0.9294117647058823800 ) ;
#1298 = ORIENTED_EDGE ( 'NONE', *, *, #3075, .F. ) ;
#1299 = LINE ( 'NONE', #3180, #2384 ) ;
#1300 = SURFACE_STYLE_FILL_AREA ( #2586 ) ;
#1301 = CARTESIAN_POINT ( 'NONE',  ( -1.671244038210225400, 7.157156118639027100, 17.92224716280708900 ) ) ;
#1302 =( NAMED_UNIT ( * ) SI_UNIT ( $, .STERADIAN. ) SOLID_ANGLE_UNIT ( ) );
#1303 = ORIENTED_EDGE ( 'NONE', *, *, #1155, .T. ) ;
#1304 = CARTESIAN_POINT ( 'NONE',  ( 5.566293032614683300, 5.296932744760436400, 17.11784673583485300 ) ) ;
#1305 = B_SPLINE_CURVE_WITH_KNOTS ( 'NONE', 1,
 ( #1831, #1816 ),
 .UNSPECIFIED., .F., .F.,
 ( 2, 2 ),
 ( 0.0000000000000000000, 1.000000000000000000 ),
 .UNSPECIFIED. ) ;
#1306 = VERTEX_POINT ( 'NONE', #2012 ) ;
#1307 = STYLED_ITEM ( 'NONE', ( #498 ), #3661 ) ;
#1308 = ORIENTED_EDGE ( 'NONE', *, *, #978, .T. ) ;
#1309 = ORIENTED_EDGE ( 'NONE', *, *, #3224, .T. ) ;
#1310 = ORIENTED_EDGE ( 'NONE', *, *, #4568, .F. ) ;
#1311 = FACE_OUTER_BOUND ( 'NONE', #2937, .T. ) ;
#1312 = B_SPLINE_CURVE_WITH_KNOTS ( 'NONE', 3,
 ( #2305, #1984, #3838, #3818 ),
 .UNSPECIFIED., .F., .F.,
 ( 4, 4 ),
 ( 0.0000000000000000000, 1.000000000000000000 ),
 .UNSPECIFIED. ) ;
#1313 = CARTESIAN_POINT ( 'NONE',  ( 0.2738832021956647500, 3.433728050141762600, 17.98791505404545200 ) ) ;
#1314 = EDGE_CURVE ( 'NONE', #2993, #780, #3514, .T. ) ;
#1315 = CARTESIAN_POINT ( 'NONE',  ( -0.5324048739991725800, 6.748598189941244400, 17.98212014891853300 ) ) ;
#1316 = ORIENTED_EDGE ( 'NONE', *, *, #1087, .F. ) ;
#1317 = ORIENTED_EDGE ( 'NONE', *, *, #2386, .T. ) ;
#1318 = ADVANCED_BREP_SHAPE_REPRESENTATION ( 'CARS_K2P_35X50_D36L52S10LL6.8F1.6', ( #4008, #3722 ), #956 ) ;
#1319 = VERTEX_POINT ( 'NONE', #3498 ) ;
#1320 = AXIS2_PLACEMENT_3D ( 'NONE', #3577, #3910, #3923 ) ;
#1321 = B_SPLINE_CURVE_WITH_KNOTS ( 'NONE', 3,
 ( #1288, #1322, #2427, #3907 ),
 .UNSPECIFIED., .F., .F.,
 ( 4, 4 ),
 ( 0.0000000000000000000, 1.000000000000000000 ),
 .UNSPECIFIED. ) ;
#1322 = CARTESIAN_POINT ( 'NONE',  ( -7.957466802278484700, 4.107634847077416200, 16.14670341537122100 ) ) ;
#1323 = ORIENTED_EDGE ( 'NONE', *, *, #4656, .T. ) ;
#1324 = CARTESIAN_POINT ( 'NONE',  ( 0.1402174352019356600, 4.497091266323499400, 17.99945385479418600 ) ) ;
#1325 = CIRCLE ( 'NONE', #142, 18.00000000000000400 ) ;
#1326 = EDGE_CURVE ( 'NONE', #4243, #2098, #2647, .T. ) ;
#1327 = AXIS2_PLACEMENT_3D ( 'NONE', #1418, #3633, #1400 ) ;
#1328 = ORIENTED_EDGE ( 'NONE', *, *, #183, .T. ) ;
#1329 = AXIS2_PLACEMENT_3D ( 'NONE', #1237, #461, #3825 ) ;
#1330 = EDGE_CURVE ( 'NONE', #1191, #428, #8, .T. ) ;
#1331 =( NAMED_UNIT ( * ) PLANE_ANGLE_UNIT ( ) SI_UNIT ( $, .RADIAN. ) );
#1332 = ORIENTED_EDGE ( 'NONE', *, *, #847, .F. ) ;
#1333 = SURFACE_SIDE_STYLE ('',( #2596 ) ) ;
#1334 = AXIS2_PLACEMENT_3D ( 'NONE', #4181, #1976, #4586 ) ;
#1335 = CIRCLE ( 'NONE', #3371, 18.00000000000000000 ) ;
#1336 = DIRECTION ( 'NONE',  ( 7.228014483236692600E-016, 0.0000000000000000000, 1.000000000000000000 ) ) ;
#1337 = FACE_OUTER_BOUND ( 'NONE', #1701, .T. ) ;
#1338 = DIRECTION ( 'NONE',  ( 0.0000000000000000000, 0.9954954725939522100, -0.09480909262799529200 ) ) ;
#1339 = AXIS2_PLACEMENT_3D ( 'NONE', #198, #4714, #4328 ) ;
#1340 =( LENGTH_UNIT ( ) NAMED_UNIT ( * ) SI_UNIT ( .MILLI., .METRE. ) );
#1341 = FACE_OUTER_BOUND ( 'NONE', #3424, .T. ) ;
#1342 = UNCERTAINTY_MEASURE_WITH_UNIT (LENGTH_MEASURE( 1.000000000000000100E-005 ), #2522, 'distance_accuracy_value', 'NONE');
#1343 =( LENGTH_UNIT ( ) NAMED_UNIT ( * ) SI_UNIT ( .MILLI., .METRE. ) );
#1344 = PRESENTATION_STYLE_ASSIGNMENT (( #2740 ) ) ;
#1345 = DIRECTION ( 'NONE',  ( 0.0000000000000000000, -0.0000000000000000000, 1.000000000000000000 ) ) ;
#1346 = CARTESIAN_POINT ( 'NONE',  ( -7.575266643059368500, 5.569342435477963700, 16.32835984679881800 ) ) ;
#1347 =( NAMED_UNIT ( * ) PLANE_ANGLE_UNIT ( ) SI_UNIT ( $, .RADIAN. ) );
#1348 = CARTESIAN_POINT ( 'NONE',  ( -0.7179966283044729700, 3.433728050141748900, 17.97566635320491800 ) ) ;
#1349 = PRESENTATION_STYLE_ASSIGNMENT (( #3775 ) ) ;
#1350 = CARTESIAN_POINT ( 'NONE',  ( 5.204913970324117400, 3.433728050141748900, 17.22059727656171500 ) ) ;
#1351 =( NAMED_UNIT ( * ) PLANE_ANGLE_UNIT ( ) SI_UNIT ( $, .RADIAN. ) );
#1352 =( GEOMETRIC_REPRESENTATION_CONTEXT ( 3 ) GLOBAL_UNCERTAINTY_ASSIGNED_CONTEXT ( ( #946 ) ) GLOBAL_UNIT_ASSIGNED_CONTEXT ( ( #1045, #689, #316 ) ) REPRESENTATION_CONTEXT ( 'NONE', 'WORKASPACE' ) );
#1353 = CARTESIAN_POINT ( 'NONE',  ( 2.462438898797890900, 3.433728050141735100, 17.83077100603580300 ) ) ;
#1354 = VECTOR ( 'NONE', #2466, 1000.000000000000000 ) ;
#1355 = EDGE_CURVE ( 'NONE', #1737, #2796, #2004, .T. ) ;
#1356 = DIRECTION ( 'NONE',  ( -1.000000000000000000, 0.0000000000000000000, 0.0000000000000000000 ) ) ;
#1357 =( NAMED_UNIT ( * ) SI_UNIT ( $, .STERADIAN. ) SOLID_ANGLE_UNIT ( ) );
#1358 = AXIS2_PLACEMENT_3D ( 'NONE', #3431, #4126, #2343 ) ;
#1359 = FILL_AREA_STYLE_COLOUR ( '', #4204 ) ;
#1360 = SURFACE_STYLE_USAGE ( .BOTH. , #2097 ) ;
#1361 = CIRCLE ( 'NONE', #1415, 2.073600000000001700 ) ;
#1362 = AXIS2_PLACEMENT_3D ( 'NONE', #4440, #1475, #1534 ) ;
#1363 = VERTEX_POINT ( 'NONE', #3896 ) ;
#1364 = VERTEX_POINT ( 'NONE', #144 ) ;
#1365 = PRODUCT_CONTEXT ( 'NONE', #2128, 'mechanical' ) ;
#1366 = FILL_AREA_STYLE ('',( #2562 ) ) ;
#1367 = CARTESIAN_POINT ( 'NONE',  ( -3.835533905932737600, 52.48999999999999500, -3.835533905932737600 ) ) ;
#1368 = ORIENTED_EDGE ( 'NONE', *, *, #3019, .T. ) ;
#1369 = CARTESIAN_POINT ( 'NONE',  ( 3.535533905932737300, 52.48999999999999500, -1.200000000000000000 ) ) ;
#1370 = VERTEX_POINT ( 'NONE', #514 ) ;
#1371 = VERTEX_POINT ( 'NONE', #3145 ) ;
#1372 = CARTESIAN_POINT ( 'NONE',  ( 3.960881484385034800, 5.067529549049536000, 17.54854745745800300 ) ) ;
#1373 = SURFACE_STYLE_FILL_AREA ( #3769 ) ;
#1374 =( GEOMETRIC_REPRESENTATION_CONTEXT ( 3 ) GLOBAL_UNCERTAINTY_ASSIGNED_CONTEXT ( ( #3146 ) ) GLOBAL_UNIT_ASSIGNED_CONTEXT ( ( #908, #3530, #4659 ) ) REPRESENTATION_CONTEXT ( 'NONE', 'WORKASPACE' ) );
#1375 = B_SPLINE_CURVE_WITH_KNOTS ( 'NONE', 1,
 ( #2765, #3101 ),
 .UNSPECIFIED., .F., .F.,
 ( 2, 2 ),
 ( 0.0000000000000000000, 1.000000000000000000 ),
 .UNSPECIFIED. ) ;
#1376 = ORIENTED_EDGE ( 'NONE', *, *, #4082, .F. ) ;
#1377 = ORIENTED_EDGE ( 'NONE', *, *, #3799, .T. ) ;
#1378 = PLANE ( 'NONE',  #54 ) ;
#1379 = SURFACE_STYLE_USAGE ( .BOTH. , #1395 ) ;
#1380 = ORIENTED_EDGE ( 'NONE', *, *, #3166, .T. ) ;
#1381 =( GEOMETRIC_REPRESENTATION_CONTEXT ( 3 ) GLOBAL_UNCERTAINTY_ASSIGNED_CONTEXT ( ( #941 ) ) GLOBAL_UNIT_ASSIGNED_CONTEXT ( ( #721, #3794, #1574 ) ) REPRESENTATION_CONTEXT ( 'NONE', 'WORKASPACE' ) );
#1382 = SURFACE_STYLE_USAGE ( .BOTH. , #3285 ) ;
#1383 = DIRECTION ( 'NONE',  ( 0.3457323320025593700, 0.0000000000000000000, -0.9383331788912039300 ) ) ;
#1384 = CIRCLE ( 'NONE', #680, 16.61544000000000000 ) ;
#1385 = ORIENTED_EDGE ( 'NONE', *, *, #3086, .F. ) ;
#1386 = EDGE_CURVE ( 'NONE', #1306, #2614, #1957, .T. ) ;
#1387 =( GEOMETRIC_REPRESENTATION_CONTEXT ( 3 ) GLOBAL_UNCERTAINTY_ASSIGNED_CONTEXT ( ( #2925 ) ) GLOBAL_UNIT_ASSIGNED_CONTEXT ( ( #1135, #2955, #1528 ) ) REPRESENTATION_CONTEXT ( 'NONE', 'WORKASPACE' ) );
#1388 = PRESENTATION_STYLE_ASSIGNMENT (( #1490 ) ) ;
#1389 = VERTEX_POINT ( 'NONE', #624 ) ;
#1390 = TOROIDAL_SURFACE ( 'NONE', #337, 15.92640000000000100, 2.073599999999999900 ) ;
#1391 = CARTESIAN_POINT ( 'NONE',  ( 0.0000000000000000000, 3.433728050141762600, 0.0000000000000000000 ) ) ;
#1392 = CARTESIAN_POINT ( 'NONE',  ( 6.773955033043732100, 5.436730257821476000, 16.67922193146677000 ) ) ;
#1393 = CIRCLE ( 'NONE', #251, 17.98999999999999800 ) ;
#1394 = FILL_AREA_STYLE_COLOUR ( '', #4542 ) ;
#1395 = SURFACE_SIDE_STYLE ('',( #4035 ) ) ;
#1396 = MECHANICAL_DESIGN_GEOMETRIC_PRESENTATION_REPRESENTATION (  '', ( #3399 ), #4719 ) ;
#1397 = SURFACE_STYLE_FILL_AREA ( #974 ) ;
#1398 = B_SPLINE_CURVE_WITH_KNOTS ( 'NONE', 3,
 ( #1026, #2170, #273, #2895 ),
 .UNSPECIFIED., .F., .F.,
 ( 4, 4 ),
 ( 0.0000000000000000000, 1.000000000000000000 ),
 .UNSPECIFIED. ) ;
#1399 = SURFACE_STYLE_FILL_AREA ( #3895 ) ;
#1400 = DIRECTION ( 'NONE',  ( 0.0000000000000000000, 0.0000000000000000000, 1.000000000000000000 ) ) ;
#1401 = DIRECTION ( 'NONE',  ( -0.2187330829183135300, 3.854941057726238600E-016, 0.9757847295572165100 ) ) ;
#1402 =( NAMED_UNIT ( * ) PLANE_ANGLE_UNIT ( ) SI_UNIT ( $, .RADIAN. ) );
#1403 = VECTOR ( 'NONE', #1120, 1000.000000000000100 ) ;
#1404 = DIRECTION ( 'NONE',  ( -0.0000000000000000000, -1.000000000000000000, -0.0000000000000000000 ) ) ;
#1405 = B_SPLINE_CURVE_WITH_KNOTS ( 'NONE', 3,
 ( #3744, #1987, #46, #2015 ),
 .UNSPECIFIED., .F., .F.,
 ( 4, 4 ),
 ( 0.0000000000000000000, 1.000000000000000000 ),
 .UNSPECIFIED. ) ;
#1406 = AXIS2_PLACEMENT_3D ( 'NONE', #242, #3602, #4308 ) ;
#1407 = B_SPLINE_CURVE_WITH_KNOTS ( 'NONE', 1,
 ( #670, #2549 ),
 .UNSPECIFIED., .F., .F.,
 ( 2, 2 ),
 ( 0.0000000000000000000, 1.000000000000000000 ),
 .UNSPECIFIED. ) ;
#1408 = SURFACE_STYLE_FILL_AREA ( #1466 ) ;
#1409 = EDGE_CURVE ( 'NONE', #703, #2614, #3793, .T. ) ;
#1410 = VECTOR ( 'NONE', #3072, 1000.000000000000100 ) ;
#1411 = UNCERTAINTY_MEASURE_WITH_UNIT (LENGTH_MEASURE( 1.000000000000000100E-005 ), #2824, 'distance_accuracy_value', 'NONE');
#1412 = ADVANCED_FACE ( 'NONE', ( #861 ), #202, .T. ) ;
#1413 = COLOUR_RGB ( '',0.8980392156862745400, 0.9215686274509803400, 0.9294117647058823800 ) ;
#1414 = DIRECTION ( 'NONE',  ( 0.3431737628081507100, -7.709882115452477200E-016, 0.9392719353414618100 ) ) ;
#1415 = AXIS2_PLACEMENT_3D ( 'NONE', #1562, #2693, #813 ) ;
#1416 = SURFACE_SIDE_STYLE ('',( #623 ) ) ;
#1417 = EDGE_CURVE ( 'NONE', #1012, #1737, #511, .T. ) ;
#1418 = CARTESIAN_POINT ( 'NONE',  ( 0.0000000000000000000, 2.073600000000001700, 0.0000000000000000000 ) ) ;
#1419 = COLOUR_RGB ( '',0.1019607843137254900, 0.1019607843137254900, 0.1019607843137254900 ) ;
#1420 =( LENGTH_UNIT ( ) NAMED_UNIT ( * ) SI_UNIT ( .MILLI., .METRE. ) );
#1421 = DIRECTION ( 'NONE',  ( -3.614007241618348300E-016, 0.0000000000000000000, 1.000000000000000000 ) ) ;
#1422 = CARTESIAN_POINT ( 'NONE',  ( -1.871561596578898800, 6.448420704369947700, 17.90243718576359200 ) ) ;
#1423 = PRESENTATION_LAYER_ASSIGNMENT (  '', '', ( #636 ) ) ;
#1424 = DIRECTION ( 'NONE',  ( -1.000000000000000000, 0.0000000000000000000, 4.336808689942008300E-015 ) ) ;
#1425 = EDGE_CURVE ( 'NONE', #2615, #181, #1825, .T. ) ;
#1426 = EDGE_LOOP ( 'NONE', ( #4456, #708, #774, #1940 ) ) ;
#1427 = ORIENTED_EDGE ( 'NONE', *, *, #2916, .F. ) ;
#1428 = SURFACE_STYLE_USAGE ( .BOTH. , #1802 ) ;
#1429 = AXIS2_PLACEMENT_3D ( 'NONE', #1296, #2475, #591 ) ;
#1430 = PRESENTATION_STYLE_ASSIGNMENT (( #1189 ) ) ;
#1431 = CARTESIAN_POINT ( 'NONE',  ( 0.2356746574079862900, 6.270467834533522300, 17.99852037488106000 ) ) ;
#1432 = FILL_AREA_STYLE_COLOUR ( '', #3339 ) ;
#1433 = ORIENTED_EDGE ( 'NONE', *, *, #466, .T. ) ;
#1434 = CARTESIAN_POINT ( 'NONE',  ( -1.875829667040172200, 5.147127038754925700, 17.89426503775726800 ) ) ;
#1435 = ORIENTED_EDGE ( 'NONE', *, *, #1743, .F. ) ;
#1436 = ORIENTED_EDGE ( 'NONE', *, *, #27, .F. ) ;
#1437 = UNCERTAINTY_MEASURE_WITH_UNIT (LENGTH_MEASURE( 1.000000000000000100E-005 ), #2062, 'distance_accuracy_value', 'NONE');
#1438 = FILL_AREA_STYLE ('',( #2605 ) ) ;
#1439 = AXIS2_PLACEMENT_3D ( 'NONE', #3227, #216, #1856 ) ;
#1440 = CARTESIAN_POINT ( 'NONE',  ( 0.0000000000000000000, 4.142112498812848800, 0.0000000000000000000 ) ) ;
#1441 = CARTESIAN_POINT ( 'NONE',  ( 5.204913970324117400, 3.433728050141762600, 17.22059727656171500 ) ) ;
#1442 = ADVANCED_FACE ( 'NONE', ( #1652 ), #2904, .F. ) ;
#1443 = ORIENTED_EDGE ( 'NONE', *, *, #2785, .F. ) ;
#1444 = ORIENTED_EDGE ( 'NONE', *, *, #967, .T. ) ;
#1445 = DIRECTION ( 'NONE',  ( 0.0000000000000000000, 0.9954954725939522100, 0.09480909262799529200 ) ) ;
#1446 = DIRECTION ( 'NONE',  ( 0.0000000000000000000, 0.0000000000000000000, -1.000000000000000000 ) ) ;
#1447 = FACE_OUTER_BOUND ( 'NONE', #4745, .T. ) ;
#1448 = FILL_AREA_STYLE_COLOUR ( '', #4801 ) ;
#1449 = DIRECTION ( 'NONE',  ( 0.0000000000000000000, 0.0000000000000000000, -1.000000000000000000 ) ) ;
#1450 = ORIENTED_EDGE ( 'NONE', *, *, #1722, .F. ) ;
#1451 =( NAMED_UNIT ( * ) SI_UNIT ( $, .STERADIAN. ) SOLID_ANGLE_UNIT ( ) );
#1452 = ORIENTED_EDGE ( 'NONE', *, *, #802, .F. ) ;
#1453 = VERTEX_POINT ( 'NONE', #4027 ) ;
#1454 = EDGE_LOOP ( 'NONE', ( #81, #3284, #243, #150 ) ) ;
#1455 = CARTESIAN_POINT ( 'NONE',  ( -2.485533905932738400, 52.48999999999999500, 4.171734828359475000E-015 ) ) ;
#1456 = CIRCLE ( 'NONE', #3596, 17.98999999999999800 ) ;
#1457 = ORIENTED_EDGE ( 'NONE', *, *, #52, .T. ) ;
#1458 =( GEOMETRIC_REPRESENTATION_CONTEXT ( 3 ) GLOBAL_UNCERTAINTY_ASSIGNED_CONTEXT ( ( #3801 ) ) GLOBAL_UNIT_ASSIGNED_CONTEXT ( ( #2233, #330, #3332 ) ) REPRESENTATION_CONTEXT ( 'NONE', 'WORKASPACE' ) );
#1459 = CARTESIAN_POINT ( 'NONE',  ( 6.773955033043732100, 5.436730257821476000, 16.67922193146677000 ) ) ;
#1460 = CARTESIAN_POINT ( 'NONE',  ( -3.235533905932737500, 52.48999999999999500, -3.835533905932737600 ) ) ;
#1461 = COLOUR_RGB ( '',0.1019607843137254900, 0.1019607843137254900, 0.1019607843137254900 ) ;
#1462 = EDGE_CURVE ( 'NONE', #2159, #2214, #857, .T. ) ;
#1463 = CARTESIAN_POINT ( 'NONE',  ( -18.00000000000000000, 46.00000000000000700, 0.0000000000000000000 ) ) ;
#1464 = DIRECTION ( 'NONE',  ( -1.000000000000000000, 1.063582591085940900E-017, 0.0000000000000000000 ) ) ;
#1465 = AXIS2_PLACEMENT_3D ( 'NONE', #3469, #1404, #959 ) ;
#1466 = FILL_AREA_STYLE ('',( #3365 ) ) ;
#1467 = PRESENTATION_STYLE_ASSIGNMENT (( #4826 ) ) ;
#1468 = DIRECTION ( 'NONE',  ( 0.0000000000000000000, 1.000000000000000000, 0.0000000000000000000 ) ) ;
#1469 = ADVANCED_FACE ( 'NONE', ( #3511 ), #1773, .F. ) ;
#1470 =( LENGTH_UNIT ( ) NAMED_UNIT ( * ) SI_UNIT ( .MILLI., .METRE. ) );
#1471 = PRESENTATION_LAYER_ASSIGNMENT (  '', '', ( #884 ) ) ;
#1472 = CARTESIAN_POINT ( 'NONE',  ( 3.704995124690774400, 4.142248356456976300, 17.61456815042644000 ) ) ;
#1473 = CARTESIAN_POINT ( 'NONE',  ( 0.8596097975252939800, 4.544005854837281300, 17.97899680670783300 ) ) ;
#1474 = SURFACE_STYLE_USAGE ( .BOTH. , #756 ) ;
#1475 = DIRECTION ( 'NONE',  ( -0.0000000000000000000, -1.000000000000000000, -0.0000000000000000000 ) ) ;
#1476 = SURFACE_SIDE_STYLE ('',( #2830 ) ) ;
#1477 = FILL_AREA_STYLE_COLOUR ( '', #1092 ) ;
#1478 = CARTESIAN_POINT ( 'NONE',  ( -4.585533905932739400, 51.98999999999999500, 1.200000000000004400 ) ) ;
#1479 = VECTOR ( 'NONE', #968, 1000.000000000000000 ) ;
#1480 = MECHANICAL_DESIGN_GEOMETRIC_PRESENTATION_REPRESENTATION (  '', ( #4615 ), #1731 ) ;
#1481 = SURFACE_SIDE_STYLE ('',( #4059 ) ) ;
#1482 =( NAMED_UNIT ( * ) SI_UNIT ( $, .STERADIAN. ) SOLID_ANGLE_UNIT ( ) );
#1483 = CARTESIAN_POINT ( 'NONE',  ( 0.0000000000000000000, 3.433728050141728000, 0.0000000000000000000 ) ) ;
#1484 = VECTOR ( 'NONE', #1745, 1000.000000000000100 ) ;
#1485 = PRESENTATION_STYLE_ASSIGNMENT (( #2900 ) ) ;
#1486 = CARTESIAN_POINT ( 'NONE',  ( -0.7183957370472805500, 3.433728050141735100, 17.98565838564138300 ) ) ;
#1487 = CARTESIAN_POINT ( 'NONE',  ( 0.2738832021956647500, 3.433728050141762600, 17.98791505404545200 ) ) ;
#1488 = EDGE_CURVE ( 'NONE', #851, #2557, #259, .T. ) ;
#1489 = PRESENTATION_STYLE_ASSIGNMENT (( #1668 ) ) ;
#1490 = SURFACE_STYLE_USAGE ( .BOTH. , #2303 ) ;
#1491 = CARTESIAN_POINT ( 'NONE',  ( 4.217422916390997800, 5.986591480167467300, 17.48879502100064400 ) ) ;
#1492 = ADVANCED_FACE ( 'NONE', ( #381 ), #1390, .T. ) ;
#1493 = CIRCLE ( 'NONE', #2521, 17.98999999999999800 ) ;
#1494 = CARTESIAN_POINT ( 'NONE',  ( 0.1401395366268234900, 4.497091266323499400, 17.98945415820818600 ) ) ;
#1495 = AXIS2_PLACEMENT_3D ( 'NONE', #3345, #3718, #4093 ) ;
#1496 = CARTESIAN_POINT ( 'NONE',  ( -6.865750854611251300, 3.433728050141748900, 16.63915458196133200 ) ) ;
#1497 = VERTEX_POINT ( 'NONE', #839 ) ;
#1498 = ORIENTED_EDGE ( 'NONE', *, *, #3171, .F. ) ;
#1499 = DIRECTION ( 'NONE',  ( 0.0000000000000000000, 0.9954954725939522100, 0.09480909262799529200 ) ) ;
#1500 = EDGE_CURVE ( 'NONE', #2276, #2402, #507, .T. ) ;
#1501 = ORIENTED_EDGE ( 'NONE', *, *, #4104, .F. ) ;
#1502 = ORIENTED_EDGE ( 'NONE', *, *, #2974, .F. ) ;
#1503 = AXIS2_PLACEMENT_3D ( 'NONE', #2406, #138, #4276 ) ;
#1504 = ORIENTED_EDGE ( 'NONE', *, *, #2355, .T. ) ;
#1505 = ORIENTED_EDGE ( 'NONE', *, *, #1417, .T. ) ;
#1506 = VERTEX_POINT ( 'NONE', #1478 ) ;
#1507 = COLOUR_RGB ( '',0.7921568627450980000, 0.8196078431372548800, 0.9333333333333333500 ) ;
#1508 = UNCERTAINTY_MEASURE_WITH_UNIT (LENGTH_MEASURE( 1.000000000000000100E-005 ), #2978, 'distance_accuracy_value', 'NONE');
#1509 = CARTESIAN_POINT ( 'NONE',  ( -7.608679787506400100, 5.455448435884808800, 16.31281679818637200 ) ) ;
#1510 = FILL_AREA_STYLE ('',( #4824 ) ) ;
#1511 = EDGE_LOOP ( 'NONE', ( #3599, #769, #1738, #1927 ) ) ;
#1512 = FILL_AREA_STYLE_COLOUR ( '', #2469 ) ;
#1513 = LINE ( 'NONE', #523, #1265 ) ;
#1514 = PRESENTATION_LAYER_ASSIGNMENT (  '', '', ( #1307 ) ) ;
#1515 = DIRECTION ( 'NONE',  ( 0.0000000000000000000, 1.000000000000000000, 0.0000000000000000000 ) ) ;
#1516 = CARTESIAN_POINT ( 'NONE',  ( -3.613852291950599300, 6.217568360353945800, 17.63362084106878700 ) ) ;
#1517 = CARTESIAN_POINT ( 'NONE',  ( 6.687975651680427600, 6.439986208371967000, 16.70488836896301200 ) ) ;
#1518 = SURFACE_SIDE_STYLE ('',( #565 ) ) ;
#1519 = VERTEX_POINT ( 'NONE', #267 ) ;
#1520 = CARTESIAN_POINT ( 'NONE',  ( 3.235533905932737500, 58.78999999999999200, 3.235533905932737500 ) ) ;
#1521 = SURFACE_STYLE_FILL_AREA ( #1438 ) ;
#1522 = EDGE_CURVE ( 'NONE', #1625, #3557, #4503, .T. ) ;
#1523 = LINE ( 'NONE', #865, #499 ) ;
#1524 = DIRECTION ( 'NONE',  ( -1.000000000000000000, 0.0000000000000000000, 0.0000000000000000000 ) ) ;
#1525 = VERTEX_POINT ( 'NONE', #1047 ) ;
#1526 =( GEOMETRIC_REPRESENTATION_CONTEXT ( 3 ) GLOBAL_UNCERTAINTY_ASSIGNED_CONTEXT ( ( #4571 ) ) GLOBAL_UNIT_ASSIGNED_CONTEXT ( ( #2320, #3817, #2377 ) ) REPRESENTATION_CONTEXT ( 'NONE', 'WORKASPACE' ) );
#1527 = ADVANCED_FACE ( 'NONE', ( #1280 ), #2362, .T. ) ;
#1528 =( NAMED_UNIT ( * ) SI_UNIT ( $, .STERADIAN. ) SOLID_ANGLE_UNIT ( ) );
#1529 = SURFACE_SIDE_STYLE ('',( #2592 ) ) ;
#1530 = FILL_AREA_STYLE_COLOUR ( '', #344 ) ;
#1531 = MECHANICAL_DESIGN_GEOMETRIC_PRESENTATION_REPRESENTATION (  '', ( #3198 ), #2940 ) ;
#1532 = DIRECTION ( 'NONE',  ( -1.000000000000000000, 0.0000000000000000000, 0.0000000000000000000 ) ) ;
#1533 = FACE_OUTER_BOUND ( 'NONE', #1618, .T. ) ;
#1534 = DIRECTION ( 'NONE',  ( -0.1971108946924390300, 3.854941057726238100E-016, 0.9803811989188420100 ) ) ;
#1535 = SURFACE_STYLE_USAGE ( .BOTH. , #4808 ) ;
#1536 = CARTESIAN_POINT ( 'NONE',  ( -0.7181296645520779400, 3.433728050141728000, 17.97899703068374000 ) ) ;
#1537 = DIRECTION ( 'NONE',  ( 0.0000000000000000000, 0.9954954725939522100, -0.09480909262799529200 ) ) ;
#1538 = EDGE_CURVE ( 'NONE', #3772, #2417, #4545, .T. ) ;
#1539 = CARTESIAN_POINT ( 'NONE',  ( -7.604452743180007500, 5.455448435884802500, 16.30375412218737800 ) ) ;
#1540 = PRESENTATION_LAYER_ASSIGNMENT (  '', '', ( #4043 ) ) ;
#1541 =( LENGTH_UNIT ( ) NAMED_UNIT ( * ) SI_UNIT ( .MILLI., .METRE. ) );
#1542 = CYLINDRICAL_SURFACE ( 'NONE', #2252, 15.92640000000000100 ) ;
#1543 = CARTESIAN_POINT ( 'NONE',  ( -7.957466802278484700, 4.107634847077416200, 16.14670341537122100 ) ) ;
#1544 = MECHANICAL_DESIGN_GEOMETRIC_PRESENTATION_REPRESENTATION (  '', ( #999 ), #2928 ) ;
#1545 = CARTESIAN_POINT ( 'NONE',  ( -7.295152981682243800, 6.627884890918681800, 16.44517664624784100 ) ) ;
#1546 = PRESENTATION_STYLE_ASSIGNMENT (( #864 ) ) ;
#1547 = CARTESIAN_POINT ( 'NONE',  ( 0.0000000000000000000, 52.00000000000000000, 0.0000000000000000000 ) ) ;
#1548 = CARTESIAN_POINT ( 'NONE',  ( 7.997718135403983900, 6.438231380337271000, 16.11448431153259600 ) ) ;
#1549 = ADVANCED_FACE ( 'NONE', ( #1337 ), #2962, .T. ) ;
#1550 = CARTESIAN_POINT ( 'NONE',  ( -6.049724581421426000, 6.022685097656222700, 16.95217590705763700 ) ) ;
#1551 = CARTESIAN_POINT ( 'NONE',  ( -3.835533905932737100, 52.48999999999999500, -3.235533905932737500 ) ) ;
#1552 = SURFACE_STYLE_FILL_AREA ( #352 ) ;
#1553 = COLOUR_RGB ( '',0.8980392156862745400, 0.9215686274509803400, 0.9294117647058823800 ) ;
#1554 = DIRECTION ( 'NONE',  ( 0.1954652834709817200, 3.854941057726238100E-016, 0.9807106214157206300 ) ) ;
#1555 = CARTESIAN_POINT ( 'NONE',  ( -3.235533905932737500, 52.48999999999999500, -3.235533905932737500 ) ) ;
#1556 = PRESENTATION_LAYER_ASSIGNMENT (  '', '', ( #2970 ) ) ;
#1557 = EDGE_LOOP ( 'NONE', ( #540, #3961, #1498, #1143 ) ) ;
#1558 = CARTESIAN_POINT ( 'NONE',  ( 9.016525734419184700, 6.917487561927835300, 15.56750148215240900 ) ) ;
#1559 = FACE_OUTER_BOUND ( 'NONE', #3134, .T. ) ;
#1560 = EDGE_CURVE ( 'NONE', #3715, #4332, #3789, .T. ) ;
#1561 = ORIENTED_EDGE ( 'NONE', *, *, #4312, .T. ) ;
#1562 = CARTESIAN_POINT ( 'NONE',  ( 0.0000000000000000000, 2.073600000000001700, 15.92640000000000100 ) ) ;
#1563 = CARTESIAN_POINT ( 'NONE',  ( 3.235533905932737500, 52.48999999999999500, 3.835533905932737600 ) ) ;
#1564 = ORIENTED_EDGE ( 'NONE', *, *, #1603, .F. ) ;
#1565 = ORIENTED_EDGE ( 'NONE', *, *, #1155, .F. ) ;
#1566 =( LENGTH_UNIT ( ) NAMED_UNIT ( * ) SI_UNIT ( .MILLI., .METRE. ) );
#1567 = STYLED_ITEM ( 'NONE', ( #4415 ), #1650 ) ;
#1568 = CARTESIAN_POINT ( 'NONE',  ( -6.588572907589074200, 5.455448435884843400, 16.74009578949246100 ) ) ;
#1569 = ORIENTED_EDGE ( 'NONE', *, *, #148, .F. ) ;
#1570 = B_SPLINE_CURVE_WITH_KNOTS ( 'NONE', 1,
 ( #3943, #2846 ),
 .UNSPECIFIED., .F., .F.,
 ( 2, 2 ),
 ( 0.0000000000000000000, 1.000000000000000000 ),
 .UNSPECIFIED. ) ;
#1571 = FILL_AREA_STYLE ('',( #483 ) ) ;
#1572 = AXIS2_PLACEMENT_3D ( 'NONE', #3877, #3170, #3564 ) ;
#1573 = B_SPLINE_CURVE_WITH_KNOTS ( 'NONE', 3,
 ( #2223, #4080, #4463, #3747 ),
 .UNSPECIFIED., .F., .F.,
 ( 4, 4 ),
 ( 0.0000000000000000000, 1.000000000000000000 ),
 .UNSPECIFIED. ) ;
#1574 =( NAMED_UNIT ( * ) SI_UNIT ( $, .STERADIAN. ) SOLID_ANGLE_UNIT ( ) );
#1575 = ORIENTED_EDGE ( 'NONE', *, *, #3768, .T. ) ;
#1576 =( NAMED_UNIT ( * ) SI_UNIT ( $, .STERADIAN. ) SOLID_ANGLE_UNIT ( ) );
#1577 = DIRECTION ( 'NONE',  ( 1.063582591085940900E-017, 1.000000000000000000, -0.0000000000000000000 ) ) ;
#1578 = ORIENTED_EDGE ( 'NONE', *, *, #3456, .F. ) ;
#1579 = EDGE_LOOP ( 'NONE', ( #2206, #1629, #1110, #4045 ) ) ;
#1580 = FILL_AREA_STYLE_COLOUR ( '', #1918 ) ;
#1581 = FILL_AREA_STYLE ('',( #4526 ) ) ;
#1582 =( NAMED_UNIT ( * ) SI_UNIT ( $, .STERADIAN. ) SOLID_ANGLE_UNIT ( ) );
#1583 = LINE ( 'NONE', #3671, #1705 ) ;
#1584 =( NAMED_UNIT ( * ) SI_UNIT ( $, .STERADIAN. ) SOLID_ANGLE_UNIT ( ) );
#1585 = ORIENTED_EDGE ( 'NONE', *, *, #3768, .F. ) ;
#1586 = EDGE_CURVE ( 'NONE', #490, #2993, #442, .T. ) ;
#1587 = CARTESIAN_POINT ( 'NONE',  ( 5.447502315142572500, 6.445095969590843400, 17.16531993984731500 ) ) ;
#1588 = CARTESIAN_POINT ( 'NONE',  ( 0.0000000000000000000, 7.157156118639020000, 0.0000000000000000000 ) ) ;
#1589 = PRESENTATION_STYLE_ASSIGNMENT (( #4356 ) ) ;
#1590 = CARTESIAN_POINT ( 'NONE',  ( -7.115803990627776800, 4.107634857253054300, 16.53597611073269700 ) ) ;
#1591 = STYLED_ITEM ( 'NONE', ( #285 ), #4227 ) ;
#1592 = VECTOR ( 'NONE', #812, 1000.000000000000100 ) ;
#1593 = EDGE_CURVE ( 'NONE', #2791, #590, #2630, .T. ) ;
#1594 =( LENGTH_UNIT ( ) NAMED_UNIT ( * ) SI_UNIT ( .MILLI., .METRE. ) );
#1595 = STYLED_ITEM ( 'NONE', ( #2236 ), #1121 ) ;
#1596 = FILL_AREA_STYLE_COLOUR ( '', #563 ) ;
#1597 = FACE_OUTER_BOUND ( 'NONE', #4459, .T. ) ;
#1598 = CARTESIAN_POINT ( 'NONE',  ( -1.876872370302619600, 5.147127051412748100, 17.90421182254021900 ) ) ;
#1599 = ADVANCED_FACE ( 'NONE', ( #3196 ), #2967, .F. ) ;
#1600 =( NAMED_UNIT ( * ) PLANE_ANGLE_UNIT ( ) SI_UNIT ( $, .RADIAN. ) );
#1601 = COLOUR_RGB ( '',0.8980392156862745400, 0.9215686274509803400, 0.9294117647058823800 ) ;
#1602 = B_SPLINE_CURVE_WITH_KNOTS ( 'NONE', 3,
 ( #489, #1997, #3098, #4591 ),
 .UNSPECIFIED., .F., .F.,
 ( 4, 4 ),
 ( 0.0000000000000000000, 1.000000000000000000 ),
 .UNSPECIFIED. ) ;
#1603 = EDGE_CURVE ( 'NONE', #488, #4169, #1384, .T. ) ;
#1604 =( NAMED_UNIT ( * ) PLANE_ANGLE_UNIT ( ) SI_UNIT ( $, .RADIAN. ) );
#1605 = PRESENTATION_LAYER_ASSIGNMENT (  '', '', ( #2531 ) ) ;
#1606 = CARTESIAN_POINT ( 'NONE',  ( -0.7179966283044729700, 3.433728050141756000, 17.97566635320491800 ) ) ;
#1607 = DIRECTION ( 'NONE',  ( -0.3395774474504245100, 3.854941057726238100E-016, 0.9405780973332592600 ) ) ;
#1608 = CARTESIAN_POINT ( 'NONE',  ( 5.500837962627832300, 5.067529549049550200, 17.12836482881283500 ) ) ;
#1609 = UNCERTAINTY_MEASURE_WITH_UNIT (LENGTH_MEASURE( 1.000000000000000100E-005 ), #3429, 'distance_accuracy_value', 'NONE');
#1610 = AXIS2_PLACEMENT_3D ( 'NONE', #627, #3969, #4381 ) ;
#1611 = CARTESIAN_POINT ( 'NONE',  ( 3.835533905932737100, 58.78999999999999200, 3.235533905932737500 ) ) ;
#1612 = VECTOR ( 'NONE', #2948, 1000.000000000000000 ) ;
#1613 = DIRECTION ( 'NONE',  ( 0.2058330624828210400, 3.854941057726238100E-016, 0.9785871194681354800 ) ) ;
#1614 = CARTESIAN_POINT ( 'NONE',  ( -5.500630575097043900, 6.589920224387637600, 17.13821746459393900 ) ) ;
#1615 = SURFACE_SIDE_STYLE ('',( #799 ) ) ;
#1616 = CARTESIAN_POINT ( 'NONE',  ( -7.571058161590995500, 5.569342435477977900, 16.31928853577282400 ) ) ;
#1617 = PLANE ( 'NONE',  #4703 ) ;
#1618 = EDGE_LOOP ( 'NONE', ( #4302, #1119, #3292, #2293 ) ) ;
#1619 = COLOUR_RGB ( '',0.8980392156862745400, 0.9215686274509803400, 0.9294117647058823800 ) ;
#1620 = ORIENTED_EDGE ( 'NONE', *, *, #2785, .T. ) ;
#1621 = CARTESIAN_POINT ( 'NONE',  ( -7.160012152271282700, 7.157156118639040400, 16.51466699571406600 ) ) ;
#1622 =( GEOMETRIC_REPRESENTATION_CONTEXT ( 3 ) GLOBAL_UNCERTAINTY_ASSIGNED_CONTEXT ( ( #2208 ) ) GLOBAL_UNIT_ASSIGNED_CONTEXT ( ( #3846, #3105, #2006 ) ) REPRESENTATION_CONTEXT ( 'NONE', 'WORKASPACE' ) );
#1623 = ADVANCED_FACE ( 'NONE', ( #1704 ), #3819, .T. ) ;
#1624 = ORIENTED_EDGE ( 'NONE', *, *, #268, .F. ) ;
#1625 = VERTEX_POINT ( 'NONE', #742 ) ;
#1626 = CARTESIAN_POINT ( 'NONE',  ( 0.0000000000000000000, 6.448420704369926400, 0.0000000000000000000 ) ) ;
#1627 = ORIENTED_EDGE ( 'NONE', *, *, #611, .T. ) ;
#1628 = ORIENTED_EDGE ( 'NONE', *, *, #306, .T. ) ;
#1629 = ORIENTED_EDGE ( 'NONE', *, *, #283, .F. ) ;
#1630 = CARTESIAN_POINT ( 'NONE',  ( 2.724303393241745800, 5.916013429139943500, 17.78610307812658300 ) ) ;
#1631 = CARTESIAN_POINT ( 'NONE',  ( 2.725817726116711400, 5.916013392737285800, 17.79598974088208500 ) ) ;
#1632 = EDGE_CURVE ( 'NONE', #4417, #1695, #1405, .T. ) ;
#1633 = FILL_AREA_STYLE_COLOUR ( '', #1619 ) ;
#1634 =( NAMED_UNIT ( * ) SI_UNIT ( $, .STERADIAN. ) SOLID_ANGLE_UNIT ( ) );
#1635 = AXIS2_PLACEMENT_3D ( 'NONE', #1086, #4810, #1446 ) ;
#1636 = VERTEX_POINT ( 'NONE', #2322 ) ;
#1637 = B_SPLINE_CURVE_WITH_KNOTS ( 'NONE', 1,
 ( #3248, #1346 ),
 .UNSPECIFIED., .F., .F.,
 ( 2, 2 ),
 ( 0.0000000000000000000, 1.000000000000000000 ),
 .UNSPECIFIED. ) ;
#1638 = CARTESIAN_POINT ( 'NONE',  ( 5.399926603580065700, 4.142248356456962100, 17.17092870743886500 ) ) ;
#1639 = DIRECTION ( 'NONE',  ( 0.0000000000000000000, 0.0000000000000000000, 1.000000000000000000 ) ) ;
#1640 = ORIENTED_EDGE ( 'NONE', *, *, #390, .T. ) ;
#1641 = CARTESIAN_POINT ( 'NONE',  ( -5.802356665535498300, 3.433728050141748900, 17.02858646881518800 ) ) ;
#1642 = AXIS2_PLACEMENT_3D ( 'NONE', #3552, #4268, #3519 ) ;
#1643 = VECTOR ( 'NONE', #1248, 1000.000000000000100 ) ;
#1644 = EDGE_LOOP ( 'NONE', ( #3659, #4286, #2514, #1624 ) ) ;
#1645 = CARTESIAN_POINT ( 'NONE',  ( -7.299208097424585000, 6.627884890413975300, 16.45431793393139900 ) ) ;
#1646 = CARTESIAN_POINT ( 'NONE',  ( -4.945677408131834000, 7.157156118639020000, 17.30376508410251900 ) ) ;
#1647 =( GEOMETRIC_REPRESENTATION_CONTEXT ( 3 ) GLOBAL_UNCERTAINTY_ASSIGNED_CONTEXT ( ( #1076 ) ) GLOBAL_UNIT_ASSIGNED_CONTEXT ( ( #744, #2240, #1142 ) ) REPRESENTATION_CONTEXT ( 'NONE', 'WORKASPACE' ) );
#1648 = SURFACE_SIDE_STYLE ('',( #469 ) ) ;
#1649 = CARTESIAN_POINT ( 'NONE',  ( 8.902005596502483800, 6.438150448534705600, 15.64462515881535500 ) ) ;
#1650 = ADVANCED_FACE ( 'NONE', ( #556 ), #66, .F. ) ;
#1651 = CARTESIAN_POINT ( 'NONE',  ( -4.377547598680640000, 7.157156118639054700, 17.44927439813144000 ) ) ;
#1652 = FACE_OUTER_BOUND ( 'NONE', #600, .T. ) ;
#1653 = CARTESIAN_POINT ( 'NONE',  ( 1.074662644147683600, 3.433728050141748900, 17.95787293087000000 ) ) ;
#1654 = PRODUCT_DEFINITION ( 'UNKNOWN', '', #871, #2546 ) ;
#1655 = VECTOR ( 'NONE', #826, 1000.000000000000000 ) ;
#1656 = FACE_OUTER_BOUND ( 'NONE', #2334, .T. ) ;
#1657 = DIRECTION ( 'NONE',  ( -0.0000000000000000000, -1.000000000000000000, -0.0000000000000000000 ) ) ;
#1658 = EDGE_CURVE ( 'NONE', #646, #907, #791, .T. ) ;
#1659 =( LENGTH_UNIT ( ) NAMED_UNIT ( * ) SI_UNIT ( .MILLI., .METRE. ) );
#1660 = CARTESIAN_POINT ( 'NONE',  ( 3.075691950355146100, 7.157156118639054700, 17.72512959124757600 ) ) ;
#1661 = CARTESIAN_POINT ( 'NONE',  ( -9.059823112062554500, 3.433728050141728000, 15.55376498402033500 ) ) ;
#1662 =( LENGTH_UNIT ( ) NAMED_UNIT ( * ) SI_UNIT ( .MILLI., .METRE. ) );
#1663 = PLANE ( 'NONE',  #3256 ) ;
#1664 = DIRECTION ( 'NONE',  ( -0.0000000000000000000, -1.000000000000000000, -0.0000000000000000000 ) ) ;
#1665 = SURFACE_STYLE_FILL_AREA ( #838 ) ;
#1666 = PRESENTATION_LAYER_ASSIGNMENT (  '', '', ( #193 ) ) ;
#1667 = COLOUR_RGB ( '',0.8980392156862745400, 0.9215686274509803400, 0.9294117647058823800 ) ;
#1668 = SURFACE_STYLE_USAGE ( .BOTH. , #3091 ) ;
#1669 = CIRCLE ( 'NONE', #985, 17.98999999999999800 ) ;
#1670 = DIRECTION ( 'NONE',  ( -0.0000000000000000000, -1.000000000000000000, -0.0000000000000000000 ) ) ;
#1671 = EDGE_LOOP ( 'NONE', ( #3356, #2951, #3176, #4195 ) ) ;
#1672 = STYLED_ITEM ( 'NONE', ( #4524 ), #3752 ) ;
#1673 = VECTOR ( 'NONE', #885, 1000.000000000000100 ) ;
#1674 = CARTESIAN_POINT ( 'NONE',  ( -6.332304621702353300, 4.781541626382687800, 16.85170460636913600 ) ) ;
#1675 = CARTESIAN_POINT ( 'NONE',  ( 0.8600879800408709500, 4.544006529389984700, 17.98899068500341500 ) ) ;
#1676 = LINE ( 'NONE', #4537, #1859 ) ;
#1677 = CARTESIAN_POINT ( 'NONE',  ( -3.835533905932737600, 52.48999999999999500, -3.835533905932737600 ) ) ;
#1678 = CARTESIAN_POINT ( 'NONE',  ( 2.028090582976003200, 6.764561464228345100, 17.88538086223617500 ) ) ;
#1679 = EDGE_CURVE ( 'NONE', #9, #258, #462, .T. ) ;
#1680 = ORIENTED_EDGE ( 'NONE', *, *, #296, .T. ) ;
#1681 =( LENGTH_UNIT ( ) NAMED_UNIT ( * ) SI_UNIT ( .MILLI., .METRE. ) );
#1682 = VERTEX_POINT ( 'NONE', #1273 ) ;
#1683 = MECHANICAL_DESIGN_GEOMETRIC_PRESENTATION_REPRESENTATION (  '', ( #2185 ), #1526 ) ;
#1684 = EDGE_LOOP ( 'NONE', ( #2908, #2394, #3359, #4690 ) ) ;
#1685 = EDGE_LOOP ( 'NONE', ( #1732, #2285, #1991, #3697 ) ) ;
#1686 = CARTESIAN_POINT ( 'NONE',  ( -1.871561596578898800, 6.448420704369947700, 17.90243718576359200 ) ) ;
#1687 = LINE ( 'NONE', #2326, #4630 ) ;
#1688 = EDGE_CURVE ( 'NONE', #887, #1363, #3960, .T. ) ;
#1689 = ORIENTED_EDGE ( 'NONE', *, *, #47, .T. ) ;
#1690 = ORIENTED_EDGE ( 'NONE', *, *, #3916, .F. ) ;
#1691 =( LENGTH_UNIT ( ) NAMED_UNIT ( * ) SI_UNIT ( .MILLI., .METRE. ) );
#1692 = MECHANICAL_DESIGN_GEOMETRIC_PRESENTATION_REPRESENTATION (  '', ( #636 ), #1951 ) ;
#1693 = CARTESIAN_POINT ( 'NONE',  ( 5.503895682451415400, 5.067529549049536000, 17.13788587652200900 ) ) ;
#1694 = CARTESIAN_POINT ( 'NONE',  ( -3.743257439954006400, 5.755863672348058700, 17.59625311645149600 ) ) ;
#1695 = VERTEX_POINT ( 'NONE', #113 ) ;
#1696 = EDGE_CURVE ( 'NONE', #907, #4298, #4597, .T. ) ;
#1697 = LINE ( 'NONE', #870, #1271 ) ;
#1698 = CARTESIAN_POINT ( 'NONE',  ( 9.079324878194139400, 7.157156118639020000, 15.53852859402447000 ) ) ;
#1699 = CARTESIAN_POINT ( 'NONE',  ( 4.899401911672915100, 6.446696063015289200, 17.31932711409671200 ) ) ;
#1700 = STYLED_ITEM ( 'NONE', ( #3873 ), #1926 ) ;
#1701 = EDGE_LOOP ( 'NONE', ( #4392, #2743, #4584, #3604 ) ) ;
#1702 = ORIENTED_EDGE ( 'NONE', *, *, #1054, .F. ) ;
#1703 = CARTESIAN_POINT ( 'NONE',  ( 3.963083197272411900, 5.067529549049522700, 17.55830206971895900 ) ) ;
#1704 = FACE_OUTER_BOUND ( 'NONE', #418, .T. ) ;
#1705 = VECTOR ( 'NONE', #4404, 1000.000000000000100 ) ;
#1706 = ORIENTED_EDGE ( 'NONE', *, *, #551, .F. ) ;
#1707 = STYLED_ITEM ( 'NONE', ( #1467 ), #2756 ) ;
#1708 = SURFACE_STYLE_USAGE ( .BOTH. , #4640 ) ;
#1709 = CIRCLE ( 'NONE', #4359, 15.92640000000000100 ) ;
#1710 = CARTESIAN_POINT ( 'NONE',  ( 0.0000000000000000000, 52.00000000000000000, 15.92640000000000100 ) ) ;
#1711 = SURFACE_STYLE_FILL_AREA ( #2122 ) ;
#1712 = CARTESIAN_POINT ( 'NONE',  ( 3.076831728732153600, 7.157156118639020000, 17.73169810323247500 ) ) ;
#1713 =( NAMED_UNIT ( * ) SI_UNIT ( $, .STERADIAN. ) SOLID_ANGLE_UNIT ( ) );
#1714 = FILL_AREA_STYLE_COLOUR ( '', #51 ) ;
#1715 = EDGE_CURVE ( 'NONE', #3493, #780, #1456, .T. ) ;
#1716 = CARTESIAN_POINT ( 'NONE',  ( 2.485533905932738800, 51.98999999999999500, -1.200000000000004000 ) ) ;
#1717 =( NAMED_UNIT ( * ) PLANE_ANGLE_UNIT ( ) SI_UNIT ( $, .RADIAN. ) );
#1718 = SURFACE_STYLE_USAGE ( .BOTH. , #2770 ) ;
#1719 =( GEOMETRIC_REPRESENTATION_CONTEXT ( 3 ) GLOBAL_UNCERTAINTY_ASSIGNED_CONTEXT ( ( #2203 ) ) GLOBAL_UNIT_ASSIGNED_CONTEXT ( ( #560, #199, #3589 ) ) REPRESENTATION_CONTEXT ( 'NONE', 'WORKASPACE' ) );
#1720 = CARTESIAN_POINT ( 'NONE',  ( 18.00000000000000000, 46.00000000000000700, 2.204364238465235400E-015 ) ) ;
#1721 = B_SPLINE_CURVE_WITH_KNOTS ( 'NONE', 1,
 ( #4676, #3173 ),
 .UNSPECIFIED., .F., .F.,
 ( 2, 2 ),
 ( 0.0000000000000000000, 1.000000000000000000 ),
 .UNSPECIFIED. ) ;
#1722 = EDGE_CURVE ( 'NONE', #841, #2796, #1072, .T. ) ;
#1723 =( GEOMETRIC_REPRESENTATION_CONTEXT ( 3 ) GLOBAL_UNCERTAINTY_ASSIGNED_CONTEXT ( ( #1775 ) ) GLOBAL_UNIT_ASSIGNED_CONTEXT ( ( #4011, #1757, #2542 ) ) REPRESENTATION_CONTEXT ( 'NONE', 'WORKASPACE' ) );
#1724 = PRESENTATION_STYLE_ASSIGNMENT (( #286 ) ) ;
#1725 =( GEOMETRIC_REPRESENTATION_CONTEXT ( 3 ) GLOBAL_UNCERTAINTY_ASSIGNED_CONTEXT ( ( #3733 ) ) GLOBAL_UNIT_ASSIGNED_CONTEXT ( ( #369, #4125, #2287 ) ) REPRESENTATION_CONTEXT ( 'NONE', 'WORKASPACE' ) );
#1726 = CIRCLE ( 'NONE', #3418, 17.98999999999999800 ) ;
#1727 = DIRECTION ( 'NONE',  ( -1.000000000000000000, 0.0000000000000000000, -3.923779290899926400E-015 ) ) ;
#1728 = DIRECTION ( 'NONE',  ( 0.0000000000000000000, 0.0000000000000000000, 1.000000000000000000 ) ) ;
#1729 = FILL_AREA_STYLE ('',( #3965 ) ) ;
#1730 = PRESENTATION_STYLE_ASSIGNMENT (( #2101 ) ) ;
#1731 =( GEOMETRIC_REPRESENTATION_CONTEXT ( 3 ) GLOBAL_UNCERTAINTY_ASSIGNED_CONTEXT ( ( #1 ) ) GLOBAL_UNIT_ASSIGNED_CONTEXT ( ( #2887, #256, #3274 ) ) REPRESENTATION_CONTEXT ( 'NONE', 'WORKASPACE' ) );
#1732 = ORIENTED_EDGE ( 'NONE', *, *, #1977, .F. ) ;
#1733 = VERTEX_POINT ( 'NONE', #1616 ) ;
#1734 = DIRECTION ( 'NONE',  ( 0.0000000000000000000, -0.9954954725939522100, -0.09480909262799527800 ) ) ;
#1735 = PLANE ( 'NONE',  #2923 ) ;
#1736 = ORIENTED_EDGE ( 'NONE', *, *, #2587, .F. ) ;
#1737 = VERTEX_POINT ( 'NONE', #1231 ) ;
#1738 = ORIENTED_EDGE ( 'NONE', *, *, #4395, .T. ) ;
#1739 = PRESENTATION_STYLE_ASSIGNMENT (( #1069 ) ) ;
#1740 = CARTESIAN_POINT ( 'NONE',  ( -4.585533905932739400, 52.48999999999999500, -1.199999999999995300 ) ) ;
#1741 = SURFACE_STYLE_USAGE ( .BOTH. , #165 ) ;
#1742 = ORIENTED_EDGE ( 'NONE', *, *, #2947, .F. ) ;
#1743 = EDGE_CURVE ( 'NONE', #412, #2214, #3646, .T. ) ;
#1744 = CARTESIAN_POINT ( 'NONE',  ( -1.670625058936814100, 7.157156118639020000, 17.91560929348753100 ) ) ;
#1745 = DIRECTION ( 'NONE',  ( -0.0000000000000000000, -0.9954954725939522100, 0.09480909262799541700 ) ) ;
#1746 = STYLED_ITEM ( 'NONE', ( #3625 ), #1093 ) ;
#1747 = ORIENTED_EDGE ( 'NONE', *, *, #2866, .F. ) ;
#1748 = UNCERTAINTY_MEASURE_WITH_UNIT (LENGTH_MEASURE( 1.000000000000000100E-005 ), #916, 'distance_accuracy_value', 'NONE');
#1749 = SURFACE_SIDE_STYLE ('',( #1711 ) ) ;
#1750 = SURFACE_STYLE_USAGE ( .BOTH. , #3967 ) ;
#1751 = EDGE_CURVE ( 'NONE', #444, #1933, #603, .T. ) ;
#1752 = CARTESIAN_POINT ( 'NONE',  ( 18.00000000000000000, 46.00000000000000700, 2.204364238465235400E-015 ) ) ;
#1753 =( LENGTH_UNIT ( ) NAMED_UNIT ( * ) SI_UNIT ( .MILLI., .METRE. ) );
#1754 = ORIENTED_EDGE ( 'NONE', *, *, #3926, .T. ) ;
#1755 = MECHANICAL_DESIGN_GEOMETRIC_PRESENTATION_REPRESENTATION (  '', ( #4176 ), #4419 ) ;
#1756 = CARTESIAN_POINT ( 'NONE',  ( -4.020724532112680500, 4.759057198975750000, 17.53515299966825200 ) ) ;
#1757 =( NAMED_UNIT ( * ) PLANE_ANGLE_UNIT ( ) SI_UNIT ( $, .RADIAN. ) );
#1758 = DIRECTION ( 'NONE',  ( 0.0000000000000000000, -0.0000000000000000000, 1.000000000000000000 ) ) ;
#1759 = VECTOR ( 'NONE', #4592, 1000.000000000000000 ) ;
#1760 = CARTESIAN_POINT ( 'NONE',  ( 0.0000000000000000000, 49.92639999999999400, 15.92640000000000100 ) ) ;
#1761 = EDGE_CURVE ( 'NONE', #2742, #4800, #4306, .T. ) ;
#1762 = CARTESIAN_POINT ( 'NONE',  ( 2.462438898797890900, 3.433728050141735100, 17.83077100603580300 ) ) ;
#1763 = DIRECTION ( 'NONE',  ( 1.000000000000000000, 0.0000000000000000000, -0.0000000000000000000 ) ) ;
#1764 =( LENGTH_UNIT ( ) NAMED_UNIT ( * ) SI_UNIT ( .MILLI., .METRE. ) );
#1765 = STYLED_ITEM ( 'NONE', ( #409 ), #4432 ) ;
#1766 = CARTESIAN_POINT ( 'NONE',  ( -5.067408756976680800, 4.674870776193156300, 17.26525075330348000 ) ) ;
#1767 = PRESENTATION_STYLE_ASSIGNMENT (( #906 ) ) ;
#1768 = UNCERTAINTY_MEASURE_WITH_UNIT (LENGTH_MEASURE( 1.000000000000000100E-005 ), #159, 'distance_accuracy_value', 'NONE');
#1769 = PRESENTATION_STYLE_ASSIGNMENT (( #2832 ) ) ;
#1770 = CARTESIAN_POINT ( 'NONE',  ( -6.588572907589081300, 5.455448435884830100, 16.74009578949245700 ) ) ;
#1771 = LINE ( 'NONE', #355, #2133 ) ;
#1772 =( NAMED_UNIT ( * ) PLANE_ANGLE_UNIT ( ) SI_UNIT ( $, .RADIAN. ) );
#1773 = PLANE ( 'NONE',  #2224 ) ;
#1774 = CIRCLE ( 'NONE', #241, 17.98999999999999800 ) ;
#1775 = UNCERTAINTY_MEASURE_WITH_UNIT (LENGTH_MEASURE( 1.000000000000000100E-005 ), #4011, 'distance_accuracy_value', 'NONE');
#1776 = SURFACE_STYLE_USAGE ( .BOTH. , #228 ) ;
#1777 = LINE ( 'NONE', #416, #2535 ) ;
#1778 = SURFACE_STYLE_USAGE ( .BOTH. , #663 ) ;
#1779 = B_SPLINE_CURVE_WITH_KNOTS ( 'NONE', 3,
 ( #2911, #1075, #1431, #1860 ),
 .UNSPECIFIED., .F., .F.,
 ( 4, 4 ),
 ( 0.0000000000000000000, 1.000000000000000000 ),
 .UNSPECIFIED. ) ;
#1780 = EDGE_CURVE ( 'NONE', #4132, #762, #1523, .T. ) ;
#1781 = FACE_OUTER_BOUND ( 'NONE', #2843, .T. ) ;
#1782 = FILL_AREA_STYLE ('',( #2464 ) ) ;
#1783 = TOROIDAL_SURFACE ( 'NONE', #2070, 18.00000000000000000, 1.384560000000000000 ) ;
#1784 = STYLED_ITEM ( 'NONE', ( #958 ), #1794 ) ;
#1785 = LINE ( 'NONE', #3294, #1612 ) ;
#1786 = CARTESIAN_POINT ( 'NONE',  ( 1.457925169183372100, 7.157156118639040400, 17.94085990695712200 ) ) ;
#1787 = CARTESIAN_POINT ( 'NONE',  ( -6.592235260511587000, 5.455448435884830100, 16.74940101227705500 ) ) ;
#1788 = FILL_AREA_STYLE ('',( #2896 ) ) ;
#1789 = CYLINDRICAL_SURFACE ( 'NONE', #737, 17.98999999999999800 ) ;
#1790 = MECHANICAL_DESIGN_GEOMETRIC_PRESENTATION_REPRESENTATION (  '', ( #1874 ), #2867 ) ;
#1791 = AXIS2_PLACEMENT_3D ( 'NONE', #1440, #1065, #1030 ) ;
#1792 = ORIENTED_EDGE ( 'NONE', *, *, #4016, .T. ) ;
#1793 = CARTESIAN_POINT ( 'NONE',  ( -6.592235260511587000, 5.455448435884830100, 16.74940101227705500 ) ) ;
#1794 = ADVANCED_FACE ( 'NONE', ( #4353 ), #3350, .F. ) ;
#1795 = DIRECTION ( 'NONE',  ( 3.923779290899926400E-015, 0.0000000000000000000, -1.000000000000000000 ) ) ;
#1796 = CARTESIAN_POINT ( 'NONE',  ( -3.835533905932737600, 51.98999999999999500, -3.835533905932737600 ) ) ;
#1797 = EDGE_LOOP ( 'NONE', ( #4465, #4050, #992, #4521 ) ) ;
#1798 = ORIENTED_EDGE ( 'NONE', *, *, #3821, .F. ) ;
#1799 = ORIENTED_EDGE ( 'NONE', *, *, #1751, .T. ) ;
#1800 = SURFACE_STYLE_FILL_AREA ( #458 ) ;
#1801 = AXIS2_PLACEMENT_3D ( 'NONE', #1463, #4412, #4778 ) ;
#1802 = SURFACE_SIDE_STYLE ('',( #3221 ) ) ;
#1803 = ORIENTED_EDGE ( 'NONE', *, *, #2347, .T. ) ;
#1804 = ORIENTED_EDGE ( 'NONE', *, *, #4161, .T. ) ;
#1805 = CARTESIAN_POINT ( 'NONE',  ( -2.485533905932738400, 52.48999999999999500, -1.199999999999995700 ) ) ;
#1806 = CARTESIAN_POINT ( 'NONE',  ( -6.108998279633132400, 7.157156118639040400, 16.92099997102533500 ) ) ;
#1807 = EDGE_LOOP ( 'NONE', ( #1564, #1575, #2058, #1220, #4234 ) ) ;
#1808 = UNCERTAINTY_MEASURE_WITH_UNIT (LENGTH_MEASURE( 1.000000000000000100E-005 ), #382, 'distance_accuracy_value', 'NONE');
#1809 = AXIS2_PLACEMENT_3D ( 'NONE', #2254, #4106, #1903 ) ;
#1810 = PLANE ( 'NONE',  #3181 ) ;
#1811 =( LENGTH_UNIT ( ) NAMED_UNIT ( * ) SI_UNIT ( .MILLI., .METRE. ) );
#1812 = SURFACE_STYLE_USAGE ( .BOTH. , #2496 ) ;
#1813 = ORIENTED_EDGE ( 'NONE', *, *, #3670, .T. ) ;
#1814 = ORIENTED_EDGE ( 'NONE', *, *, #4312, .F. ) ;
#1815 = EDGE_CURVE ( 'NONE', #1695, #3229, #164, .T. ) ;
#1816 = CARTESIAN_POINT ( 'NONE',  ( -1.871561596578898800, 6.448420704369947700, 17.90243718576359200 ) ) ;
#1817 = PRESENTATION_LAYER_ASSIGNMENT (  '', '', ( #2323 ) ) ;
#1818 = ORIENTED_EDGE ( 'NONE', *, *, #4664, .F. ) ;
#1819 = CARTESIAN_POINT ( 'NONE',  ( 3.077401617920657400, 7.157156118639040400, 17.73498235922492200 ) ) ;
#1820 = ADVANCED_FACE ( 'NONE', ( #3275 ), #1735, .F. ) ;
#1821 = CARTESIAN_POINT ( 'NONE',  ( 1.393525901380618900, 4.544005875549625100, 17.94880891578502300 ) ) ;
#1822 =( LENGTH_UNIT ( ) NAMED_UNIT ( * ) SI_UNIT ( .MILLI., .METRE. ) );
#1823 = FILL_AREA_STYLE ('',( #2171 ) ) ;
#1824 = STYLED_ITEM ( 'NONE', ( #1837 ), #2235 ) ;
#1825 = CIRCLE ( 'NONE', #993, 18.00000000000000000 ) ;
#1826 = COLOUR_RGB ( '',0.8980392156862745400, 0.9215686274509803400, 0.9294117647058823800 ) ;
#1827 = CARTESIAN_POINT ( 'NONE',  ( -5.802356665535505400, 3.433728050141748900, 17.02858646881518500 ) ) ;
#1828 = FILL_AREA_STYLE ('',( #3302 ) ) ;
#1829 = DIRECTION ( 'NONE',  ( -1.000000000000000000, 0.0000000000000000000, 0.0000000000000000000 ) ) ;
#1830 = PRESENTATION_LAYER_ASSIGNMENT (  '', '', ( #1672 ) ) ;
#1831 = CARTESIAN_POINT ( 'NONE',  ( -1.870521840136347300, 6.448420704369962000, 17.89249138732705500 ) ) ;
#1832 = CIRCLE ( 'NONE', #134, 17.98999999999999800 ) ;
#1833 = CARTESIAN_POINT ( 'NONE',  ( -0.5946096848715531900, 5.643641476673528800, 17.99028280461707000 ) ) ;
#1834 = PRESENTATION_STYLE_ASSIGNMENT (( #746 ) ) ;
#1835 = DIRECTION ( 'NONE',  ( -0.0000000000000000000, -1.000000000000000000, -0.0000000000000000000 ) ) ;
#1836 = EDGE_CURVE ( 'NONE', #3598, #4529, #4720, .T. ) ;
#1837 = PRESENTATION_STYLE_ASSIGNMENT (( #299 ) ) ;
#1838 = UNCERTAINTY_MEASURE_WITH_UNIT (LENGTH_MEASURE( 1.000000000000000100E-005 ), #1420, 'distance_accuracy_value', 'NONE');
#1839 = SURFACE_STYLE_FILL_AREA ( #3962 ) ;
#1840 = PRESENTATION_LAYER_ASSIGNMENT (  '', '', ( #1252 ) ) ;
#1841 = CARTESIAN_POINT ( 'NONE',  ( -3.235533905932737500, 52.48999999999999500, -3.835533905932737600 ) ) ;
#1842 = SURFACE_SIDE_STYLE ('',( #4673 ) ) ;
#1843 = EDGE_CURVE ( 'NONE', #9, #543, #1171, .T. ) ;
#1844 = CARTESIAN_POINT ( 'NONE',  ( 7.038968277664660700, 6.438231380346589800, 16.56662082580604400 ) ) ;
#1845 = DIRECTION ( 'NONE',  ( -0.0000000000000000000, -1.000000000000000000, -0.0000000000000000000 ) ) ;
#1846 = ADVANCED_FACE ( 'NONE', ( #3745 ), #4685, .F. ) ;
#1847 = B_SPLINE_CURVE_WITH_KNOTS ( 'NONE', 3,
 ( #2588, #2166, #976, #1353 ),
 .UNSPECIFIED., .F., .F.,
 ( 4, 4 ),
 ( 0.0000000000000000000, 1.000000000000000000 ),
 .UNSPECIFIED. ) ;
#1848 = PRESENTATION_LAYER_ASSIGNMENT (  '', '', ( #1595 ) ) ;
#1849 = CARTESIAN_POINT ( 'NONE',  ( -2.168674838458381200, 5.755863672348024100, 17.86216375161424400 ) ) ;
#1850 = COLOUR_RGB ( '',0.8980392156862745400, 0.9215686274509803400, 0.9294117647058823800 ) ;
#1851 = CARTESIAN_POINT ( 'NONE',  ( 7.219704499871956400, 3.433728050141748900, 16.48865873667499200 ) ) ;
#1852 = CARTESIAN_POINT ( 'NONE',  ( -3.937195492529642800, 5.067529549057176100, 17.56412513202989300 ) ) ;
#1853 = B_SPLINE_CURVE_WITH_KNOTS ( 'NONE', 3,
 ( #3121, #2733, #2404, #1638 ),
 .UNSPECIFIED., .F., .F.,
 ( 4, 4 ),
 ( 0.0000000000000000000, 1.000000000000000000 ),
 .UNSPECIFIED. ) ;
#1854 = CARTESIAN_POINT ( 'NONE',  ( 1.393525901380618900, 4.544005875549625100, 17.94880891578502300 ) ) ;
#1855 = EDGE_CURVE ( 'NONE', #310, #181, #4150, .T. ) ;
#1856 = DIRECTION ( 'NONE',  ( -0.3457323320025579800, 0.0000000000000000000, -0.9383331788912043800 ) ) ;
#1857 = SURFACE_STYLE_FILL_AREA ( #2794 ) ;
#1858 = MECHANICAL_DESIGN_GEOMETRIC_PRESENTATION_REPRESENTATION (  '', ( #1056 ), #719 ) ;
#1859 = VECTOR ( 'NONE', #1947, 1000.000000000000000 ) ;
#1860 = CARTESIAN_POINT ( 'NONE',  ( 0.2833995399151078000, 7.157156118639027100, 17.99776888119124200 ) ) ;
#1861 = CARTESIAN_POINT ( 'NONE',  ( 0.2833995399151078000, 7.157156118639027100, 17.99776888119124200 ) ) ;
#1862 = ORIENTED_EDGE ( 'NONE', *, *, #401, .F. ) ;
#1863 = EDGE_LOOP ( 'NONE', ( #583, #3059, #3374, #4287, #2672, #1949, #902, #305, #2327, #363, #69, #2857, #535, #3481, #1916, #3761, #3899, #3056, #2692, #3074, #73, #3605, #594 ) ) ;
#1864 = CARTESIAN_POINT ( 'NONE',  ( -7.156034367742235800, 7.157156118639054700, 16.50549218071645200 ) ) ;
#1865 = PRESENTATION_STYLE_ASSIGNMENT (( #867 ) ) ;
#1866 = PRESENTATION_LAYER_ASSIGNMENT (  '', '', ( #2024 ) ) ;
#1867 = CARTESIAN_POINT ( 'NONE',  ( -2.162454432285170600, 4.142112498812869200, 17.85956020814314700 ) ) ;
#1868 = VERTEX_POINT ( 'NONE', #4735 ) ;
#1869 = CARTESIAN_POINT ( 'NONE',  ( -4.726396946638214300, 5.916013392550104800, 17.37206748426703100 ) ) ;
#1870 = VERTEX_POINT ( 'NONE', #1806 ) ;
#1871 =( NAMED_UNIT ( * ) PLANE_ANGLE_UNIT ( ) SI_UNIT ( $, .RADIAN. ) );
#1872 = SURFACE_STYLE_USAGE ( .BOTH. , #2238 ) ;
#1873 = ORIENTED_EDGE ( 'NONE', *, *, #2921, .F. ) ;
#1874 = STYLED_ITEM ( 'NONE', ( #178 ), #260 ) ;
#1875 = FILL_AREA_STYLE ('',( #1888 ) ) ;
#1876 =( LENGTH_UNIT ( ) NAMED_UNIT ( * ) SI_UNIT ( .MILLI., .METRE. ) );
#1877 = CARTESIAN_POINT ( 'NONE',  ( 7.997718135403983900, 6.438231380337257700, 16.11448431153259600 ) ) ;
#1878 = ORIENTED_EDGE ( 'NONE', *, *, #3326, .F. ) ;
#1879 = SURFACE_STYLE_FILL_AREA ( #3213 ) ;
#1880 = EDGE_LOOP ( 'NONE', ( #3421, #1799, #1706, #1928 ) ) ;
#1881 = UNCERTAINTY_MEASURE_WITH_UNIT (LENGTH_MEASURE( 1.000000000000000100E-005 ), #1541, 'distance_accuracy_value', 'NONE');
#1882 = CARTESIAN_POINT ( 'NONE',  ( 0.2832945771225466300, 7.157156118639020000, 17.99110304086487500 ) ) ;
#1883 = CARTESIAN_POINT ( 'NONE',  ( -7.604452743180000400, 5.455448435884823000, 16.30375412218738500 ) ) ;
#1884 = MECHANICAL_DESIGN_GEOMETRIC_PRESENTATION_REPRESENTATION (  '', ( #1079 ), #3355 ) ;
#1885 = ORIENTED_EDGE ( 'NONE', *, *, #2861, .T. ) ;
#1886 = CARTESIAN_POINT ( 'NONE',  ( -3.679634359117198700, 5.986716016364056300, 17.62001144545076800 ) ) ;
#1887 = EDGE_CURVE ( 'NONE', #301, #1371, #3280, .T. ) ;
#1888 = FILL_AREA_STYLE_COLOUR ( '', #1507 ) ;
#1889 = SURFACE_STYLE_USAGE ( .BOTH. , #682 ) ;
#1890 = SURFACE_SIDE_STYLE ('',( #177 ) ) ;
#1891 = FILL_AREA_STYLE_COLOUR ( '', #2124 ) ;
#1892 = PRESENTATION_LAYER_ASSIGNMENT (  '', '', ( #4022 ) ) ;
#1893 = DIRECTION ( 'NONE',  ( 0.2308003774277786500, 3.854941057726238100E-016, 0.9730011232157931300 ) ) ;
#1894 = FACE_OUTER_BOUND ( 'NONE', #1880, .T. ) ;
#1895 =( LENGTH_UNIT ( ) NAMED_UNIT ( * ) SI_UNIT ( .MILLI., .METRE. ) );
#1896 = CARTESIAN_POINT ( 'NONE',  ( 2.204364238465235000E-015, 52.00000000000000000, 18.00000000000000000 ) ) ;
#1897 = ADVANCED_FACE ( 'NONE', ( #1236 ), #3984, .T. ) ;
#1898 = CARTESIAN_POINT ( 'NONE',  ( -5.070225548938019200, 4.674870776230681800, 17.27484789102396300 ) ) ;
#1899 = VERTEX_POINT ( 'NONE', #4004 ) ;
#1900 = CARTESIAN_POINT ( 'NONE',  ( -3.937195492529642800, 5.067529549057176100, 17.56412513202989300 ) ) ;
#1901 = STYLED_ITEM ( 'NONE', ( #3187 ), #4008 ) ;
#1902 = CARTESIAN_POINT ( 'NONE',  ( -7.363530854154237900, 4.781541628773495300, 16.42716000188940800 ) ) ;
#1903 = DIRECTION ( 'NONE',  ( 0.0000000000000000000, 0.0000000000000000000, -1.000000000000000000 ) ) ;
#1904 = PRESENTATION_LAYER_ASSIGNMENT (  '', '', ( #1874 ) ) ;
#1905 = LINE ( 'NONE', #1841, #3330 ) ;
#1906 = COLOUR_RGB ( '',0.8980392156862745400, 0.9215686274509803400, 0.9294117647058823800 ) ;
#1907 = DIRECTION ( 'NONE',  ( 0.0000000000000000000, 1.000000000000000000, 0.0000000000000000000 ) ) ;
#1908 = B_SPLINE_SURFACE_WITH_KNOTS ( 'NONE', 1, 3, ( 
 ( #3600, #4653, #4619, #3195 ),
 ( #1350, #3950, #4314, #3152 ) ),
 .UNSPECIFIED., .F., .F., .F.,
 ( 2, 2 ),
 ( 4, 4 ),
 ( 0.0000000000000000000, 1.000000000000000000 ),
 ( 0.0000000000000000000, 1.000000000000000000 ),
 .UNSPECIFIED. ) ;
#1909 = SURFACE_SIDE_STYLE ('',( #4279 ) ) ;
#1910 = DIRECTION ( 'NONE',  ( 0.0000000000000000000, 0.0000000000000000000, 1.000000000000000000 ) ) ;
#1911 = LINE ( 'NONE', #1896, #879 ) ;
#1912 = CARTESIAN_POINT ( 'NONE',  ( -7.783730467151876600, 4.781541638949139600, 16.23116906165592300 ) ) ;
#1913 = CARTESIAN_POINT ( 'NONE',  ( 8.961869406159916500, 6.677819005245906300, 15.61056183270887100 ) ) ;
#1914 = CARTESIAN_POINT ( 'NONE',  ( -6.108998279633132400, 7.157156118639040400, 16.92099997102533500 ) ) ;
#1915 = EDGE_CURVE ( 'NONE', #3488, #666, #823, .T. ) ;
#1916 = ORIENTED_EDGE ( 'NONE', *, *, #3316, .T. ) ;
#1917 = CARTESIAN_POINT ( 'NONE',  ( -1.671244038210225400, 7.157156118639027100, 17.92224716280708900 ) ) ;
#1918 = COLOUR_RGB ( '',0.8980392156862745400, 0.9215686274509803400, 0.9294117647058823800 ) ;
#1919 = CARTESIAN_POINT ( 'NONE',  ( 5.983915603444105900, 6.443495864422721400, 16.97624086925188900 ) ) ;
#1920 = FILL_AREA_STYLE_COLOUR ( '', #4193 ) ;
#1921 = PRESENTATION_LAYER_ASSIGNMENT (  '', '', ( #302 ) ) ;
#1922 = CARTESIAN_POINT ( 'NONE',  ( -7.359440003683833000, 4.781541628784840000, 16.41803380188643400 ) ) ;
#1923 = ORIENTED_EDGE ( 'NONE', *, *, #4040, .T. ) ;
#1924 = ORIENTED_EDGE ( 'NONE', *, *, #296, .F. ) ;
#1925 = PRESENTATION_LAYER_ASSIGNMENT (  '', '', ( #1206 ) ) ;
#1926 = ADVANCED_FACE ( 'NONE', ( #116 ), #618, .T. ) ;
#1927 = ORIENTED_EDGE ( 'NONE', *, *, #1042, .F. ) ;
#1928 = ORIENTED_EDGE ( 'NONE', *, *, #2499, .F. ) ;
#1929 = CARTESIAN_POINT ( 'NONE',  ( 0.2740354441090586700, 3.433728050141748900, 17.99791389509828600 ) ) ;
#1930 = DIRECTION ( 'NONE',  ( 0.0000000000000000000, 0.0000000000000000000, 1.000000000000000000 ) ) ;
#1931 = CARTESIAN_POINT ( 'NONE',  ( 3.835533905932737100, 58.78999999999999200, 3.235533905932737500 ) ) ;
#1932 = FILL_AREA_STYLE ('',( #1097 ) ) ;
#1933 = VERTEX_POINT ( 'NONE', #2536 ) ;
#1934 =( NAMED_UNIT ( * ) SI_UNIT ( $, .STERADIAN. ) SOLID_ANGLE_UNIT ( ) );
#1935 = DIRECTION ( 'NONE',  ( 0.0000000000000000000, 0.0000000000000000000, 1.000000000000000000 ) ) ;
#1936 = MECHANICAL_DESIGN_GEOMETRIC_PRESENTATION_REPRESENTATION (  '', ( #1672 ), #2671 ) ;
#1937 = CARTESIAN_POINT ( 'NONE',  ( -1.300406420591300600, 7.157156118639040400, 17.94293853139125300 ) ) ;
#1938 = CARTESIAN_POINT ( 'NONE',  ( 2.204364238465235000E-015, 52.00000000000000000, 18.00000000000000000 ) ) ;
#1939 = FILL_AREA_STYLE_COLOUR ( '', #3784 ) ;
#1940 = ORIENTED_EDGE ( 'NONE', *, *, #3413, .T. ) ;
#1941 = EDGE_CURVE ( 'NONE', #4682, #4110, #1905, .T. ) ;
#1942 = ORIENTED_EDGE ( 'NONE', *, *, #4269, .F. ) ;
#1943 = VERTEX_POINT ( 'NONE', #262 ) ;
#1944 = UNCERTAINTY_MEASURE_WITH_UNIT (LENGTH_MEASURE( 1.000000000000000100E-005 ), #4677, 'distance_accuracy_value', 'NONE');
#1945 = STYLED_ITEM ( 'NONE', ( #233 ), #4482 ) ;
#1946 = B_SPLINE_CURVE_WITH_KNOTS ( 'NONE', 3,
 ( #2430, #1304, #4622, #544 ),
 .UNSPECIFIED., .F., .F.,
 ( 4, 4 ),
 ( 0.0000000000000000000, 1.000000000000000000 ),
 .UNSPECIFIED. ) ;
#1947 = DIRECTION ( 'NONE',  ( -0.0000000000000000000, -1.000000000000000000, -0.0000000000000000000 ) ) ;
#1948 = DIRECTION ( 'NONE',  ( 0.0000000000000000000, 0.0000000000000000000, 1.000000000000000000 ) ) ;
#1949 = ORIENTED_EDGE ( 'NONE', *, *, #1688, .F. ) ;
#1950 = DIRECTION ( 'NONE',  ( -0.0000000000000000000, -1.000000000000000000, -0.0000000000000000000 ) ) ;
#1951 =( GEOMETRIC_REPRESENTATION_CONTEXT ( 3 ) GLOBAL_UNCERTAINTY_ASSIGNED_CONTEXT ( ( #3865 ) ) GLOBAL_UNIT_ASSIGNED_CONTEXT ( ( #589, #2509, #1713 ) ) REPRESENTATION_CONTEXT ( 'NONE', 'WORKASPACE' ) );
#1952 = CARTESIAN_POINT ( 'NONE',  ( 5.269027747821637000, 3.669901485580155500, 17.20121893033900300 ) ) ;
#1953 = CARTESIAN_POINT ( 'NONE',  ( -1.301129270185848300, 7.157156118639040400, 17.95291237159769400 ) ) ;
#1954 = CARTESIAN_POINT ( 'NONE',  ( 0.0000000000000000000, 51.98999999999999500, 0.0000000000000000000 ) ) ;
#1955 = CARTESIAN_POINT ( 'NONE',  ( 4.585533905932739400, 52.48999999999999500, 1.199999999999995300 ) ) ;
#1956 = ADVANCED_FACE ( 'NONE', ( #4492 ), #1027, .F. ) ;
#1957 = LINE ( 'NONE', #4613, #4141 ) ;
#1958 = CARTESIAN_POINT ( 'NONE',  ( -3.835533905932737100, 52.48999999999999500, -3.835533905932737600 ) ) ;
#1959 = EDGE_CURVE ( 'NONE', #3234, #3505, #1771, .T. ) ;
#1960 = DIRECTION ( 'NONE',  ( -0.0000000000000000000, -1.000000000000000000, -0.0000000000000000000 ) ) ;
#1961 = MECHANICAL_DESIGN_GEOMETRIC_PRESENTATION_REPRESENTATION (  '', ( #2984 ), #404 ) ;
#1962 = FILL_AREA_STYLE ('',( #4159 ) ) ;
#1963 = CARTESIAN_POINT ( 'NONE',  ( 8.601876703399552700, 6.438177425802223300, 15.80389705320589600 ) ) ;
#1964 = LINE ( 'NONE', #1156, #4770 ) ;
#1965 = DIRECTION ( 'NONE',  ( 0.0000000000000000000, 0.0000000000000000000, 1.000000000000000000 ) ) ;
#1966 =( GEOMETRIC_REPRESENTATION_CONTEXT ( 3 ) GLOBAL_UNCERTAINTY_ASSIGNED_CONTEXT ( ( #2771 ) ) GLOBAL_UNIT_ASSIGNED_CONTEXT ( ( #1764, #605, #2763 ) ) REPRESENTATION_CONTEXT ( 'NONE', 'WORKASPACE' ) );
#1967 = COLOUR_RGB ( '',0.8980392156862745400, 0.9215686274509803400, 0.9294117647058823800 ) ;
#1968 = CARTESIAN_POINT ( 'NONE',  ( 5.333033303281469600, 3.906074921018562600, 17.18148252866608400 ) ) ;
#1969 = COLOUR_RGB ( '',0.8980392156862745400, 0.9215686274509803400, 0.9294117647058823800 ) ;
#1970 = DIRECTION ( 'NONE',  ( 0.0000000000000000000, -0.0000000000000000000, 1.000000000000000000 ) ) ;
#1971 = SURFACE_SIDE_STYLE ('',( #747 ) ) ;
#1972 = SURFACE_STYLE_USAGE ( .BOTH. , #1518 ) ;
#1973 = UNCERTAINTY_MEASURE_WITH_UNIT (LENGTH_MEASURE( 1.000000000000000100E-005 ), #4470, 'distance_accuracy_value', 'NONE');
#1974 = CARTESIAN_POINT ( 'NONE',  ( 3.516420449642963900, 7.157156118639054700, 17.64298407926881000 ) ) ;
#1975 = VECTOR ( 'NONE', #2912, 1000.000000000000000 ) ;
#1976 = DIRECTION ( 'NONE',  ( 1.063582591085940900E-017, 1.000000000000000000, -0.0000000000000000000 ) ) ;
#1977 = EDGE_CURVE ( 'NONE', #1737, #996, #2089, .T. ) ;
#1978 = ADVANCED_FACE ( 'NONE', ( #3630 ), #4535, .F. ) ;
#1979 = TOROIDAL_SURFACE ( 'NONE', #4763, 15.92640000000000100, 2.073599999999999900 ) ;
#1980 = CARTESIAN_POINT ( 'NONE',  ( 3.835533905932737600, 52.48999999999999500, 3.835533905932737600 ) ) ;
#1981 = CARTESIAN_POINT ( 'NONE',  ( -3.235533905932737500, 51.98999999999999500, -3.835533905932737600 ) ) ;
#1982 = EDGE_CURVE ( 'NONE', #2268, #703, #395, .T. ) ;
#1983 = FILL_AREA_STYLE_COLOUR ( '', #3986 ) ;
#1984 = CARTESIAN_POINT ( 'NONE',  ( 0.1878423708911648400, 5.383779550428680100, 17.98908254865123600 ) ) ;
#1985 = VERTEX_POINT ( 'NONE', #1258 ) ;
#1986 = ORIENTED_EDGE ( 'NONE', *, *, #566, .F. ) ;
#1987 = CARTESIAN_POINT ( 'NONE',  ( -1.166057094408832200, 4.538684763408240600, 17.95497024086704800 ) ) ;
#1988 = STYLED_ITEM ( 'NONE', ( #99 ), #1527 ) ;
#1989 = FACE_OUTER_BOUND ( 'NONE', #26, .T. ) ;
#1990 =( LENGTH_UNIT ( ) NAMED_UNIT ( * ) SI_UNIT ( .MILLI., .METRE. ) );
#1991 = ORIENTED_EDGE ( 'NONE', *, *, #1087, .T. ) ;
#1992 = EDGE_LOOP ( 'NONE', ( #2410, #4307, #85, #359, #204, #2354, #4172, #250 ) ) ;
#1993 = VERTEX_POINT ( 'NONE', #3491 ) ;
#1994 = DIRECTION ( 'NONE',  ( 1.063582591085940900E-017, 1.000000000000000000, -0.0000000000000000000 ) ) ;
#1995 = AXIS2_PLACEMENT_3D ( 'NONE', #2333, #4149, #843 ) ;
#1996 = ORIENTED_EDGE ( 'NONE', *, *, #3842, .T. ) ;
#1997 = CARTESIAN_POINT ( 'NONE',  ( -1.589252230595371600, 6.152141566039167000, 17.93203078929829500 ) ) ;
#1998 = B_SPLINE_CURVE_WITH_KNOTS ( 'NONE', 3,
 ( #713, #761, #1088, #1496 ),
 .UNSPECIFIED., .F., .F.,
 ( 4, 4 ),
 ( 0.0000000000000000000, 1.000000000000000000 ),
 .UNSPECIFIED. ) ;
#1999 = ORIENTED_EDGE ( 'NONE', *, *, #2452, .T. ) ;
#2000 =( GEOMETRIC_REPRESENTATION_CONTEXT ( 3 ) GLOBAL_UNCERTAINTY_ASSIGNED_CONTEXT ( ( #3211 ) ) GLOBAL_UNIT_ASSIGNED_CONTEXT ( ( #1990, #800, #82 ) ) REPRESENTATION_CONTEXT ( 'NONE', 'WORKASPACE' ) );
#2001 = SURFACE_STYLE_FILL_AREA ( #4228 ) ;
#2002 = SURFACE_SIDE_STYLE ('',( #1800 ) ) ;
#2003 = ORIENTED_EDGE ( 'NONE', *, *, #2073, .F. ) ;
#2004 = B_SPLINE_CURVE_WITH_KNOTS ( 'NONE', 1,
 ( #4822, #3111 ),
 .UNSPECIFIED., .F., .F.,
 ( 2, 2 ),
 ( 0.0000000000000000000, 1.000000000000000000 ),
 .UNSPECIFIED. ) ;
#2005 = B_SPLINE_CURVE_WITH_KNOTS ( 'NONE', 1,
 ( #782, #3412 ),
 .UNSPECIFIED., .F., .F.,
 ( 2, 2 ),
 ( 0.0000000000000000000, 1.000000000000000000 ),
 .UNSPECIFIED. ) ;
#2006 =( NAMED_UNIT ( * ) SI_UNIT ( $, .STERADIAN. ) SOLID_ANGLE_UNIT ( ) );
#2007 = CARTESIAN_POINT ( 'NONE',  ( 8.301935798574977100, 6.438204403069740100, 15.96349920553627100 ) ) ;
#2008 = FILL_AREA_STYLE_COLOUR ( '', #889 ) ;
#2009 = COLOUR_RGB ( '',0.1019607843137254900, 0.1019607843137254900, 0.1019607843137254900 ) ;
#2010 = EDGE_CURVE ( 'NONE', #4190, #284, #2746, .T. ) ;
#2011 = CARTESIAN_POINT ( 'NONE',  ( 7.219704499871956400, 3.433728050141748900, 16.48865873667499200 ) ) ;
#2012 = CARTESIAN_POINT ( 'NONE',  ( 0.0000000000000000000, 51.98999999999999500, 15.92640000000000100 ) ) ;
#2013 = MECHANICAL_DESIGN_GEOMETRIC_PRESENTATION_REPRESENTATION (  '', ( #2506 ), #1387 ) ;
#2014 = CARTESIAN_POINT ( 'NONE',  ( -8.751614061561891600, 4.674870775951339000, 15.73329190126137100 ) ) ;
#2015 = CARTESIAN_POINT ( 'NONE',  ( -0.5324048739991725800, 6.748598189941244400, 17.98212014891853300 ) ) ;
#2016 = PRODUCT_DEFINITION_SHAPE ( 'NONE', 'NONE',  #1654 ) ;
#2017 = DIRECTION ( 'NONE',  ( -0.0000000000000000000, -1.000000000000000000, -0.0000000000000000000 ) ) ;
#2018 = COLOUR_RGB ( '',0.8980392156862745400, 0.9215686274509803400, 0.9294117647058823800 ) ;
#2019 = PRESENTATION_LAYER_ASSIGNMENT (  '', '', ( #4818 ) ) ;
#2020 =( LENGTH_UNIT ( ) NAMED_UNIT ( * ) SI_UNIT ( .MILLI., .METRE. ) );
#2021 = CARTESIAN_POINT ( 'NONE',  ( -2.141053758993915600, 3.433728050141756000, 17.86213841624507400 ) ) ;
#2022 = CARTESIAN_POINT ( 'NONE',  ( 3.962349292976620900, 5.067529549049515600, 17.55505053229863700 ) ) ;
#2023 = ADVANCED_FACE ( 'NONE', ( #3529 ), #804, .F. ) ;
#2024 = STYLED_ITEM ( 'NONE', ( #691 ), #3419 ) ;
#2025 = CARTESIAN_POINT ( 'NONE',  ( 2.816078746444604900, 4.674870776138121200, 17.78193315619097700 ) ) ;
#2026 = CARTESIAN_POINT ( 'NONE',  ( -8.115225693361413300, 7.157156118639040400, 16.05562866865719200 ) ) ;
#2027 = CARTESIAN_POINT ( 'NONE',  ( 6.339777383674398700, 6.441741035559273200, 16.85080397920125300 ) ) ;
#2028 =( NAMED_UNIT ( * ) SI_UNIT ( $, .STERADIAN. ) SOLID_ANGLE_UNIT ( ) );
#2029 = EDGE_CURVE ( 'NONE', #1519, #851, #2875, .T. ) ;
#2030 = DIRECTION ( 'NONE',  ( 0.0000000000000000000, 0.0000000000000000000, -1.000000000000000000 ) ) ;
#2031 = PRESENTATION_STYLE_ASSIGNMENT (( #4261 ) ) ;
#2032 = MECHANICAL_DESIGN_GEOMETRIC_PRESENTATION_REPRESENTATION (  '', ( #4398 ), #290 ) ;
#2033 = FILL_AREA_STYLE_COLOUR ( '', #1553 ) ;
#2034 = CARTESIAN_POINT ( 'NONE',  ( -2.485533905932738800, 52.48999999999999500, 1.200000000000004000 ) ) ;
#2035 = ORIENTED_EDGE ( 'NONE', *, *, #641, .F. ) ;
#2036 = CIRCLE ( 'NONE', #453, 18.00000000000000000 ) ;
#2037 = DIRECTION ( 'NONE',  ( -0.07228495945476955100, 3.854941057726238100E-016, 0.9973840206443163000 ) ) ;
#2038 = MECHANICAL_DESIGN_GEOMETRIC_PRESENTATION_REPRESENTATION (  '', ( #4499 ), #3169 ) ;
#2039 = VERTEX_POINT ( 'NONE', #497 ) ;
#2040 = CARTESIAN_POINT ( 'NONE',  ( 7.483394545877129800, 4.435229172642756600, 16.37319972681141100 ) ) ;
#2041 = ORIENTED_EDGE ( 'NONE', *, *, #1020, .F. ) ;
#2042 = VERTEX_POINT ( 'NONE', #3122 ) ;
#2043 = DIRECTION ( 'NONE',  ( -0.0000000000000000000, 0.0000000000000000000, -1.000000000000000000 ) ) ;
#2044 = EDGE_CURVE ( 'NONE', #1695, #2664, #4790, .T. ) ;
#2045 =( NAMED_UNIT ( * ) PLANE_ANGLE_UNIT ( ) SI_UNIT ( $, .RADIAN. ) );
#2046 = PLANE ( 'NONE',  #2781 ) ;
#2047 =( NAMED_UNIT ( * ) PLANE_ANGLE_UNIT ( ) SI_UNIT ( $, .RADIAN. ) );
#2048 = SURFACE_SIDE_STYLE ('',( #2001 ) ) ;
#2049 = AXIS2_PLACEMENT_3D ( 'NONE', #2454, #2079, #3569 ) ;
#2050 = ORIENTED_EDGE ( 'NONE', *, *, #1696, .F. ) ;
#2051 = EDGE_LOOP ( 'NONE', ( #1444, #3186, #3069, #3249 ) ) ;
#2052 = COLOUR_RGB ( '',0.8980392156862745400, 0.9215686274509803400, 0.9294117647058823800 ) ;
#2053 =( NAMED_UNIT ( * ) PLANE_ANGLE_UNIT ( ) SI_UNIT ( $, .RADIAN. ) );
#2054 = ORIENTED_EDGE ( 'NONE', *, *, #1941, .T. ) ;
#2055 = PRESENTATION_STYLE_ASSIGNMENT (( #1718 ) ) ;
#2056 = AXIS2_PLACEMENT_3D ( 'NONE', #3728, #3014, #4475 ) ;
#2057 = SURFACE_STYLE_USAGE ( .BOTH. , #3528 ) ;
#2058 = ORIENTED_EDGE ( 'NONE', *, *, #2029, .T. ) ;
#2059 = FILL_AREA_STYLE ('',( #2072 ) ) ;
#2060 = B_SPLINE_CURVE_WITH_KNOTS ( 'NONE', 3,
 ( #2131, #1108, #4771, #295 ),
 .UNSPECIFIED., .F., .F.,
 ( 4, 4 ),
 ( 0.0000000000000000000, 1.000000000000000000 ),
 .UNSPECIFIED. ) ;
#2061 = ORIENTED_EDGE ( 'NONE', *, *, #3143, .F. ) ;
#2062 =( LENGTH_UNIT ( ) NAMED_UNIT ( * ) SI_UNIT ( .MILLI., .METRE. ) );
#2063 = DIRECTION ( 'NONE',  ( 0.0000000000000000000, 1.000000000000000000, 0.0000000000000000000 ) ) ;
#2064 = COLOUR_RGB ( '',0.8980392156862745400, 0.9215686274509803400, 0.9294117647058823800 ) ;
#2065 = MECHANICAL_DESIGN_GEOMETRIC_PRESENTATION_REPRESENTATION (  '', ( #1901 ), #1647 ) ;
#2066 = ORIENTED_EDGE ( 'NONE', *, *, #2499, .T. ) ;
#2067 = COLOUR_RGB ( '',0.8980392156862745400, 0.9215686274509803400, 0.9294117647058823800 ) ;
#2068 =( NAMED_UNIT ( * ) SI_UNIT ( $, .STERADIAN. ) SOLID_ANGLE_UNIT ( ) );
#2069 = DIRECTION ( 'NONE',  ( 0.0000000000000000000, 1.000000000000000000, 0.0000000000000000000 ) ) ;
#2070 = AXIS2_PLACEMENT_3D ( 'NONE', #3679, #4433, #4820 ) ;
#2071 = SURFACE_STYLE_FILL_AREA ( #752 ) ;
#2072 = FILL_AREA_STYLE_COLOUR ( '', #537 ) ;
#2073 = EDGE_CURVE ( 'NONE', #428, #3655, #3975, .T. ) ;
#2074 =( NAMED_UNIT ( * ) SI_UNIT ( $, .STERADIAN. ) SOLID_ANGLE_UNIT ( ) );
#2075 = MECHANICAL_DESIGN_GEOMETRIC_PRESENTATION_REPRESENTATION (  '', ( #3958 ), #3565 ) ;
#2076 = SURFACE_STYLE_FILL_AREA ( #1962 ) ;
#2077 = DIRECTION ( 'NONE',  ( -0.0000000000000000000, -1.000000000000000000, -0.0000000000000000000 ) ) ;
#2078 = CARTESIAN_POINT ( 'NONE',  ( -3.546024995516975100, 6.448420704369947700, 17.63705776854996900 ) ) ;
#2079 = DIRECTION ( 'NONE',  ( -0.0000000000000000000, -1.000000000000000000, -0.0000000000000000000 ) ) ;
#2080 = COLOUR_RGB ( '',0.8980392156862745400, 0.9215686274509803400, 0.9294117647058823800 ) ;
#2081 = VECTOR ( 'NONE', #4226, 1000.000000000000000 ) ;
#2082 = COLOUR_RGB ( '',0.7921568627450980000, 0.8196078431372548800, 0.9333333333333333500 ) ;
#2083 = AXIS2_PLACEMENT_3D ( 'NONE', #725, #4097, #1893 ) ;
#2084 = CARTESIAN_POINT ( 'NONE',  ( -1.670315569300101900, 7.157156118639040400, 17.91229035882775400 ) ) ;
#2085 = CARTESIAN_POINT ( 'NONE',  ( 4.285040880650865500, 6.217443824166738700, 17.48264673914572500 ) ) ;
#2086 = SURFACE_STYLE_FILL_AREA ( #3705 ) ;
#2087 = VERTEX_POINT ( 'NONE', #2383 ) ;
#2088 = CARTESIAN_POINT ( 'NONE',  ( 4.154406793700010400, 5.755739136159496300, 17.51402021788427600 ) ) ;
#2089 = B_SPLINE_CURVE_WITH_KNOTS ( 'NONE', 3,
 ( #748, #3383, #2296, #2665 ),
 .UNSPECIFIED., .F., .F.,
 ( 4, 4 ),
 ( 0.0000000000000000000, 1.000000000000000000 ),
 .UNSPECIFIED. ) ;
#2090 = STYLED_ITEM ( 'NONE', ( #3435 ), #3473 ) ;
#2091 = LINE ( 'NONE', #3636, #3931 ) ;
#2092 = CARTESIAN_POINT ( 'NONE',  ( -0.5327008188985686800, 6.748598189941231100, 17.99211576879008200 ) ) ;
#2093 = CARTESIAN_POINT ( 'NONE',  ( -2.169478348957996500, 5.755863672348045400, 17.86878181895459900 ) ) ;
#2094 = CARTESIAN_POINT ( 'NONE',  ( 9.081006546073041400, 7.157156118639027100, 15.54140663228970900 ) ) ;
#2095 = EDGE_CURVE ( 'NONE', #2087, #3764, #3395, .T. ) ;
#2096 = ORIENTED_EDGE ( 'NONE', *, *, #477, .T. ) ;
#2097 = SURFACE_SIDE_STYLE ('',( #2985 ) ) ;
#2098 = VERTEX_POINT ( 'NONE', #3509 ) ;
#2099 = ORIENTED_EDGE ( 'NONE', *, *, #4016, .F. ) ;
#2100 = ORIENTED_EDGE ( 'NONE', *, *, #585, .T. ) ;
#2101 = SURFACE_STYLE_USAGE ( .BOTH. , #525 ) ;
#2102 = COLOUR_RGB ( '',0.8980392156862745400, 0.9215686274509803400, 0.9294117647058823800 ) ;
#2103 = EDGE_CURVE ( 'NONE', #1868, #133, #4371, .T. ) ;
#2104 = ORIENTED_EDGE ( 'NONE', *, *, #1836, .T. ) ;
#2105 = ORIENTED_EDGE ( 'NONE', *, *, #246, .T. ) ;
#2106 = ORIENTED_EDGE ( 'NONE', *, *, #1314, .F. ) ;
#2107 = MECHANICAL_DESIGN_GEOMETRIC_PRESENTATION_REPRESENTATION (  '', ( #1595 ), #964 ) ;
#2108 = ORIENTED_EDGE ( 'NONE', *, *, #3066, .T. ) ;
#2109 = EDGE_CURVE ( 'NONE', #1682, #2443, #4271, .T. ) ;
#2110 =( NAMED_UNIT ( * ) PLANE_ANGLE_UNIT ( ) SI_UNIT ( $, .RADIAN. ) );
#2111 =( NAMED_UNIT ( * ) PLANE_ANGLE_UNIT ( ) SI_UNIT ( $, .RADIAN. ) );
#2112 = PRESENTATION_LAYER_ASSIGNMENT (  '', '', ( #4176 ) ) ;
#2113 = VERTEX_POINT ( 'NONE', #1621 ) ;
#2114 = CARTESIAN_POINT ( 'NONE',  ( -6.604854427723669400, 6.627884410171543700, 16.74198074279901500 ) ) ;
#2115 = PRESENTATION_STYLE_ASSIGNMENT (( #1382 ) ) ;
#2116 = UNCERTAINTY_MEASURE_WITH_UNIT (LENGTH_MEASURE( 1.000000000000000100E-005 ), #3030, 'distance_accuracy_value', 'NONE');
#2117 = EDGE_LOOP ( 'NONE', ( #3549, #3887, #905, #4113 ) ) ;
#2118 =( GEOMETRIC_REPRESENTATION_CONTEXT ( 3 ) GLOBAL_UNCERTAINTY_ASSIGNED_CONTEXT ( ( #2894 ) ) GLOBAL_UNIT_ASSIGNED_CONTEXT ( ( #2262, #1152, #3777 ) ) REPRESENTATION_CONTEXT ( 'NONE', 'WORKASPACE' ) );
#2119 = CARTESIAN_POINT ( 'NONE',  ( -6.592235260511587000, 5.455448435884830100, 16.74940101227705500 ) ) ;
#2120 = CARTESIAN_POINT ( 'NONE',  ( 3.877193002472083500, 4.759102484818896500, 17.57768833989884200 ) ) ;
#2121 = B_SPLINE_CURVE_WITH_KNOTS ( 'NONE', 3,
 ( #4559, #2659, #79, #455 ),
 .UNSPECIFIED., .F., .F.,
 ( 4, 4 ),
 ( 0.0000000000000000000, 1.000000000000000000 ),
 .UNSPECIFIED. ) ;
#2122 = FILL_AREA_STYLE ('',( #217 ) ) ;
#2123 = CARTESIAN_POINT ( 'NONE',  ( 5.444475924967497900, 6.445095969590843400, 17.15578365099184300 ) ) ;
#2124 = COLOUR_RGB ( '',0.8980392156862745400, 0.9215686274509803400, 0.9294117647058823800 ) ;
#2125 = EDGE_CURVE ( 'NONE', #1943, #948, #684, .T. ) ;
#2126 = DIRECTION ( 'NONE',  ( 0.0000000000000000000, 0.9954954725939522100, -0.09480909262799529200 ) ) ;
#2127 = CARTESIAN_POINT ( 'NONE',  ( 3.704995124690774400, 4.142248356456976300, 17.61456815042644000 ) ) ;
#2128 = APPLICATION_CONTEXT ( 'automotive_design' ) ;
#2129 = DIRECTION ( 'NONE',  ( 1.000000000000000000, 0.0000000000000000000, 1.224646799147352700E-016 ) ) ;
#2130 =( GEOMETRIC_REPRESENTATION_CONTEXT ( 3 ) GLOBAL_UNCERTAINTY_ASSIGNED_CONTEXT ( ( #1411 ) ) GLOBAL_UNIT_ASSIGNED_CONTEXT ( ( #2824, #2053, #571 ) ) REPRESENTATION_CONTEXT ( 'NONE', 'WORKASPACE' ) );
#2131 = CARTESIAN_POINT ( 'NONE',  ( -2.364520464394884500, 5.067529549057189400, 17.84401980982586300 ) ) ;
#2132 = EDGE_CURVE ( 'NONE', #4449, #192, #223, .T. ) ;
#2133 = VECTOR ( 'NONE', #2646, 1000.000000000000100 ) ;
#2134 = AXIS2_PLACEMENT_3D ( 'NONE', #2668, #3721, #3099 ) ;
#2135 = CARTESIAN_POINT ( 'NONE',  ( -3.235533905932737500, 51.98999999999999500, -3.235533905932737500 ) ) ;
#2136 = CIRCLE ( 'NONE', #1809, 17.98999999999999800 ) ;
#2137 = SURFACE_STYLE_USAGE ( .BOTH. , #579 ) ;
#2138 = UNCERTAINTY_MEASURE_WITH_UNIT (LENGTH_MEASURE( 1.000000000000000100E-005 ), #1895, 'distance_accuracy_value', 'NONE');
#2139 = VECTOR ( 'NONE', #1845, 1000.000000000000000 ) ;
#2140 = PRESENTATION_LAYER_ASSIGNMENT (  '', '', ( #825 ) ) ;
#2141 = LINE ( 'NONE', #2620, #475 ) ;
#2142 = SURFACE_SIDE_STYLE ('',( #472 ) ) ;
#2143 = CARTESIAN_POINT ( 'NONE',  ( -1.870521840136355000, 6.448420704369947700, 17.89249138732705500 ) ) ;
#2144 = UNCERTAINTY_MEASURE_WITH_UNIT (LENGTH_MEASURE( 1.000000000000000100E-005 ), #2020, 'distance_accuracy_value', 'NONE');
#2145 = ORIENTED_EDGE ( 'NONE', *, *, #3727, .F. ) ;
#2146 = UNCERTAINTY_MEASURE_WITH_UNIT (LENGTH_MEASURE( 1.000000000000000100E-005 ), #271, 'distance_accuracy_value', 'NONE');
#2147 = PRESENTATION_LAYER_ASSIGNMENT (  '', '', ( #4461 ) ) ;
#2148 = EDGE_LOOP ( 'NONE', ( #1862, #1186, #2207, #2168, #1136 ) ) ;
#2149 = UNCERTAINTY_MEASURE_WITH_UNIT (LENGTH_MEASURE( 1.000000000000000100E-005 ), #2467, 'distance_accuracy_value', 'NONE');
#2150 = ORIENTED_EDGE ( 'NONE', *, *, #3755, .F. ) ;
#2151 = CARTESIAN_POINT ( 'NONE',  ( 6.177127730546712500, 7.157156118639027100, 16.90689483614631100 ) ) ;
#2152 = VERTEX_POINT ( 'NONE', #853 ) ;
#2153 = DIRECTION ( 'NONE',  ( -0.0000000000000000000, -1.000000000000000000, -0.0000000000000000000 ) ) ;
#2154 = ORIENTED_EDGE ( 'NONE', *, *, #401, .T. ) ;
#2155 = ORIENTED_EDGE ( 'NONE', *, *, #4006, .F. ) ;
#2156 = CIRCLE ( 'NONE', #1801, 1.384560000000000000 ) ;
#2157 = CARTESIAN_POINT ( 'NONE',  ( -6.066619928175424700, 4.107634859630386400, 16.93854084428593200 ) ) ;
#2158 = CARTESIAN_POINT ( 'NONE',  ( -3.935008161700457800, 5.067529549057189400, 17.55436728473432600 ) ) ;
#2159 = VERTEX_POINT ( 'NONE', #2021 ) ;
#2160 = CARTESIAN_POINT ( 'NONE',  ( -1.737087199714594000, 6.920910980540876200, 17.90606392481877800 ) ) ;
#2161 = EDGE_CURVE ( 'NONE', #3309, #1985, #3108, .T. ) ;
#2162 = CARTESIAN_POINT ( 'NONE',  ( -3.546682031832619800, 6.448420704369926400, 17.64032570587969700 ) ) ;
#2163 = STYLED_ITEM ( 'NONE', ( #1084 ), #1207 ) ;
#2164 = ORIENTED_EDGE ( 'NONE', *, *, #2861, .F. ) ;
#2165 = COLOUR_RGB ( '',0.8980392156862745400, 0.9215686274509803400, 0.9294117647058823800 ) ;
#2166 = CARTESIAN_POINT ( 'NONE',  ( 2.461526884390929000, 3.433728050141728000, 17.82416701677430700 ) ) ;
#2167 = ADVANCED_FACE ( 'NONE', ( #4087 ), #3942, .F. ) ;
#2168 = ORIENTED_EDGE ( 'NONE', *, *, #3606, .T. ) ;
#2169 = VERTEX_POINT ( 'NONE', #3638 ) ;
#2170 = CARTESIAN_POINT ( 'NONE',  ( -5.408853956905011800, 3.433728050141728000, 17.16112884740737200 ) ) ;
#2171 = FILL_AREA_STYLE_COLOUR ( '', #1667 ) ;
#2172 = VERTEX_POINT ( 'NONE', #3271 ) ;
#2173 = CARTESIAN_POINT ( 'NONE',  ( 6.232665063677374400, 3.433728050141748900, 16.87584031104867700 ) ) ;
#2174 = DIRECTION ( 'NONE',  ( -0.0000000000000000000, -1.000000000000000000, -0.0000000000000000000 ) ) ;
#2175 = SURFACE_STYLE_USAGE ( .BOTH. , #2513 ) ;
#2176 = STYLED_ITEM ( 'NONE', ( #3640 ), #3368 ) ;
#2177 = SURFACE_SIDE_STYLE ('',( #2745 ) ) ;
#2178 = CIRCLE ( 'NONE', #3803, 15.92640000000000100 ) ;
#2179 = PRESENTATION_STYLE_ASSIGNMENT (( #545 ) ) ;
#2180 = EDGE_CURVE ( 'NONE', #2614, #2491, #2476, .T. ) ;
#2181 = DIRECTION ( 'NONE',  ( -0.0000000000000000000, 0.09480909262799543100, 0.9954954725939522100 ) ) ;
#2182 =( NAMED_UNIT ( * ) PLANE_ANGLE_UNIT ( ) SI_UNIT ( $, .RADIAN. ) );
#2183 = CARTESIAN_POINT ( 'NONE',  ( 2.485533905932738400, 52.48999999999999500, 1.199999999999995700 ) ) ;
#2184 = CARTESIAN_POINT ( 'NONE',  ( -4.108582713489700400, 4.450584848927063000, 17.52504702282835000 ) ) ;
#2185 = STYLED_ITEM ( 'NONE', ( #989 ), #4406 ) ;
#2186 = PRESENTATION_STYLE_ASSIGNMENT (( #2655 ) ) ;
#2187 = ADVANCED_FACE ( 'NONE', ( #4665 ), #3983, .F. ) ;
#2188 = SURFACE_SIDE_STYLE ('',( #2518 ) ) ;
#2189 = CARTESIAN_POINT ( 'NONE',  ( 1.950421478194040200E-015, 51.98999999999999500, -15.92640000000000100 ) ) ;
#2190 = EDGE_CURVE ( 'NONE', #3309, #3129, #4185, .T. ) ;
#2191 = DIRECTION ( 'NONE',  ( -0.0000000000000000000, -0.9954954725939522100, 0.09480909262799541700 ) ) ;
#2192 = FACE_OUTER_BOUND ( 'NONE', #4171, .T. ) ;
#2193 = AXIS2_PLACEMENT_3D ( 'NONE', #1588, #3454, #1182 ) ;
#2194 = UNCERTAINTY_MEASURE_WITH_UNIT (LENGTH_MEASURE( 1.000000000000000100E-005 ), #3363, 'distance_accuracy_value', 'NONE');
#2195 = LINE ( 'NONE', #4134, #3467 ) ;
#2196 = FACE_OUTER_BOUND ( 'NONE', #3438, .T. ) ;
#2197 =( NAMED_UNIT ( * ) SI_UNIT ( $, .STERADIAN. ) SOLID_ANGLE_UNIT ( ) );
#2198 = DIRECTION ( 'NONE',  ( 0.0000000000000000000, -0.0000000000000000000, 1.000000000000000000 ) ) ;
#2199 = AXIS2_PLACEMENT_3D ( 'NONE', #48, #481, #3860 ) ;
#2200 = ORIENTED_EDGE ( 'NONE', *, *, #808, .F. ) ;
#2201 = CARTESIAN_POINT ( 'NONE',  ( -8.751614061561891600, 4.674870775951339000, 15.73329190126137100 ) ) ;
#2202 = DIRECTION ( 'NONE',  ( 0.0000000000000000000, 0.0000000000000000000, -1.000000000000000000 ) ) ;
#2203 = UNCERTAINTY_MEASURE_WITH_UNIT (LENGTH_MEASURE( 1.000000000000000100E-005 ), #560, 'distance_accuracy_value', 'NONE');
#2204 =( NAMED_UNIT ( * ) SI_UNIT ( $, .STERADIAN. ) SOLID_ANGLE_UNIT ( ) );
#2205 = ORIENTED_EDGE ( 'NONE', *, *, #4373, .F. ) ;
#2206 = ORIENTED_EDGE ( 'NONE', *, *, #2109, .T. ) ;
#2207 = ORIENTED_EDGE ( 'NONE', *, *, #4491, .T. ) ;
#2208 = UNCERTAINTY_MEASURE_WITH_UNIT (LENGTH_MEASURE( 1.000000000000000100E-005 ), #3846, 'distance_accuracy_value', 'NONE');
#2209 = CARTESIAN_POINT ( 'NONE',  ( 8.902005596502483800, 6.438150448534705600, 15.64462515881535500 ) ) ;
#2210 = LINE ( 'NONE', #4548, #4738 ) ;
#2211 = DIRECTION ( 'NONE',  ( -0.0000000000000000000, -1.000000000000000000, -0.0000000000000000000 ) ) ;
#2212 = ADVANCED_FACE ( 'NONE', ( #4554 ), #736, .F. ) ;
#2213 = VERTEX_POINT ( 'NONE', #1900 ) ;
#2214 = VERTEX_POINT ( 'NONE', #4832 ) ;
#2215 = ORIENTED_EDGE ( 'NONE', *, *, #494, .T. ) ;
#2216 = AXIS2_PLACEMENT_3D ( 'NONE', #741, #2608, #3375 ) ;
#2217 =( NAMED_UNIT ( * ) PLANE_ANGLE_UNIT ( ) SI_UNIT ( $, .RADIAN. ) );
#2218 = SURFACE_STYLE_FILL_AREA ( #1044 ) ;
#2219 = CARTESIAN_POINT ( 'NONE',  ( 6.236129580110769200, 3.433728050141748900, 16.88522098937610800 ) ) ;
#2220 = ORIENTED_EDGE ( 'NONE', *, *, #218, .T. ) ;
#2221 = EDGE_CURVE ( 'NONE', #4449, #2664, #2523, .T. ) ;
#2222 = DIRECTION ( 'NONE',  ( 0.0000000000000000000, -0.0000000000000000000, 1.000000000000000000 ) ) ;
#2223 = CARTESIAN_POINT ( 'NONE',  ( -3.935008161700457800, 5.067529549057189400, 17.55436728473432600 ) ) ;
#2224 = AXIS2_PLACEMENT_3D ( 'NONE', #3639, #1795, #635 ) ;
#2225 =( NAMED_UNIT ( * ) SI_UNIT ( $, .STERADIAN. ) SOLID_ANGLE_UNIT ( ) );
#2226 = COLOUR_RGB ( '',0.8980392156862745400, 0.9215686274509803400, 0.9294117647058823800 ) ;
#2227 = FACE_OUTER_BOUND ( 'NONE', #496, .T. ) ;
#2228 = ORIENTED_EDGE ( 'NONE', *, *, #4161, .F. ) ;
#2229 = UNCERTAINTY_MEASURE_WITH_UNIT (LENGTH_MEASURE( 1.000000000000000100E-005 ), #1470, 'distance_accuracy_value', 'NONE');
#2230 = PRESENTATION_LAYER_ASSIGNMENT (  '', '', ( #3399 ) ) ;
#2231 = CARTESIAN_POINT ( 'NONE',  ( 0.0000000000000000000, 7.157156118639020000, 0.0000000000000000000 ) ) ;
#2232 = PRESENTATION_STYLE_ASSIGNMENT (( #3855 ) ) ;
#2233 =( LENGTH_UNIT ( ) NAMED_UNIT ( * ) SI_UNIT ( .MILLI., .METRE. ) );
#2234 = FILL_AREA_STYLE_COLOUR ( '', #3586 ) ;
#2235 = ADVANCED_FACE ( 'NONE', ( #108 ), #347, .T. ) ;
#2236 = PRESENTATION_STYLE_ASSIGNMENT (( #87 ) ) ;
#2237 = CARTESIAN_POINT ( 'NONE',  ( -0.8498272177222365700, 5.643641456469477900, 17.98272646213384400 ) ) ;
#2238 = SURFACE_SIDE_STYLE ('',( #3381 ) ) ;
#2239 = PRESENTATION_LAYER_ASSIGNMENT (  '', '', ( #1901 ) ) ;
#2240 =( NAMED_UNIT ( * ) PLANE_ANGLE_UNIT ( ) SI_UNIT ( $, .RADIAN. ) );
#2241 = CARTESIAN_POINT ( 'NONE',  ( 8.301935894263257500, 6.438204403061254400, 15.96349915804558600 ) ) ;
#2242 = CIRCLE ( 'NONE', #4241, 18.00000000000000000 ) ;
#2243 = CARTESIAN_POINT ( 'NONE',  ( -7.953045987388770200, 4.107634847075689600, 16.13773302458468000 ) ) ;
#2244 = SURFACE_STYLE_FILL_AREA ( #4575 ) ;
#2245 = SURFACE_SIDE_STYLE ('',( #610 ) ) ;
#2246 = EDGE_CURVE ( 'NONE', #2152, #1184, #1041, .T. ) ;
#2247 = FILL_AREA_STYLE_COLOUR ( '', #1222 ) ;
#2248 = CARTESIAN_POINT ( 'NONE',  ( 0.0000000000000000000, 49.92639999999999400, 0.0000000000000000000 ) ) ;
#2249 = CARTESIAN_POINT ( 'NONE',  ( -4.377547598680640000, 7.157156118639054700, 17.44927439813144000 ) ) ;
#2250 = FILL_AREA_STYLE ('',( #2918 ) ) ;
#2251 = CARTESIAN_POINT ( 'NONE',  ( 7.483394545877129800, 4.435229172642756600, 16.37319972681141100 ) ) ;
#2252 = AXIS2_PLACEMENT_3D ( 'NONE', #1954, #548, #4270 ) ;
#2253 = SURFACE_SIDE_STYLE ('',( #4343 ) ) ;
#2254 = CARTESIAN_POINT ( 'NONE',  ( 0.0000000000000000000, 5.755739136159496300, 0.0000000000000000000 ) ) ;
#2255 = B_SPLINE_SURFACE_WITH_KNOTS ( 'NONE', 1, 3, ( 
 ( #2011, #2040, #564, #2420 ),
 ( #143, #158, #911, #185 ) ),
 .UNSPECIFIED., .F., .F., .F.,
 ( 2, 2 ),
 ( 4, 4 ),
 ( 0.0000000000000000000, 1.000000000000000000 ),
 ( 0.0000000000000000000, 1.000000000000000000 ),
 .UNSPECIFIED. ) ;
#2256 = CARTESIAN_POINT ( 'NONE',  ( -2.485533905932738400, 51.98999999999999500, -1.199999999999995700 ) ) ;
#2257 = B_SPLINE_CURVE_WITH_KNOTS ( 'NONE', 3,
 ( #72, #893, #875, #923 ),
 .UNSPECIFIED., .F., .F.,
 ( 4, 4 ),
 ( 0.0000000000000000000, 1.000000000000000000 ),
 .UNSPECIFIED. ) ;
#2258 =( GEOMETRIC_REPRESENTATION_CONTEXT ( 3 ) GLOBAL_UNCERTAINTY_ASSIGNED_CONTEXT ( ( #2589 ) ) GLOBAL_UNIT_ASSIGNED_CONTEXT ( ( #4313, #2111, #2488 ) ) REPRESENTATION_CONTEXT ( 'NONE', 'WORKASPACE' ) );
#2259 = ADVANCED_FACE ( 'NONE', ( #331 ), #602, .F. ) ;
#2260 =( NAMED_UNIT ( * ) SI_UNIT ( $, .STERADIAN. ) SOLID_ANGLE_UNIT ( ) );
#2261 = VECTOR ( 'NONE', #1670, 1000.000000000000000 ) ;
#2262 =( LENGTH_UNIT ( ) NAMED_UNIT ( * ) SI_UNIT ( .MILLI., .METRE. ) );
#2263 = VERTEX_POINT ( 'NONE', #3743 ) ;
#2264 = VERTEX_POINT ( 'NONE', #4507 ) ;
#2265 = CARTESIAN_POINT ( 'NONE',  ( 8.956890589823164100, 6.677819005245908100, 15.60188929835736700 ) ) ;
#2266 =( NAMED_UNIT ( * ) SI_UNIT ( $, .STERADIAN. ) SOLID_ANGLE_UNIT ( ) );
#2267 =( GEOMETRIC_REPRESENTATION_CONTEXT ( 3 ) GLOBAL_UNCERTAINTY_ASSIGNED_CONTEXT ( ( #2194 ) ) GLOBAL_UNIT_ASSIGNED_CONTEXT ( ( #3363, #1070, #1482 ) ) REPRESENTATION_CONTEXT ( 'NONE', 'WORKASPACE' ) );
#2268 = VERTEX_POINT ( 'NONE', #2306 ) ;
#2269 = FILL_AREA_STYLE_COLOUR ( '', #3050 ) ;
#2270 = ORIENTED_EDGE ( 'NONE', *, *, #4236, .T. ) ;
#2271 = ORIENTED_EDGE ( 'NONE', *, *, #2161, .T. ) ;
#2272 = CARTESIAN_POINT ( 'NONE',  ( 0.0000000000000000000, 5.067529549057203700, 0.0000000000000000000 ) ) ;
#2273 = CARTESIAN_POINT ( 'NONE',  ( -3.679634359117198700, 5.986716016364056300, 17.62001144545076800 ) ) ;
#2274 = EDGE_CURVE ( 'NONE', #1062, #3139, #2529, .T. ) ;
#2275 = ORIENTED_EDGE ( 'NONE', *, *, #4174, .T. ) ;
#2276 = VERTEX_POINT ( 'NONE', #400 ) ;
#2277 =( NAMED_UNIT ( * ) PLANE_ANGLE_UNIT ( ) SI_UNIT ( $, .RADIAN. ) );
#2278 = PRESENTATION_STYLE_ASSIGNMENT (( #599 ) ) ;
#2279 = CARTESIAN_POINT ( 'NONE',  ( 5.690755691653291300, 5.755739136159496300, 17.07674733835210300 ) ) ;
#2280 = MECHANICAL_DESIGN_GEOMETRIC_PRESENTATION_REPRESENTATION (  '', ( #1591 ), #50 ) ;
#2281 = VERTEX_POINT ( 'NONE', #778 ) ;
#2282 = ORIENTED_EDGE ( 'NONE', *, *, #3496, .T. ) ;
#2283 = AXIS2_PLACEMENT_3D ( 'NONE', #3390, #399, #3032 ) ;
#2284 = CARTESIAN_POINT ( 'NONE',  ( 0.0000000000000000000, 0.0000000000000000000, 15.92640000000000100 ) ) ;
#2285 = ORIENTED_EDGE ( 'NONE', *, *, #1355, .T. ) ;
#2286 = CARTESIAN_POINT ( 'NONE',  ( 3.702936794065946100, 4.142248356456990500, 17.60478227923176000 ) ) ;
#2287 =( NAMED_UNIT ( * ) SI_UNIT ( $, .STERADIAN. ) SOLID_ANGLE_UNIT ( ) );
#2288 = B_SPLINE_CURVE_WITH_KNOTS ( 'NONE', 3,
 ( #4061, #1849, #4429, #4792 ),
 .UNSPECIFIED., .F., .F.,
 ( 4, 4 ),
 ( 0.0000000000000000000, 1.000000000000000000 ),
 .UNSPECIFIED. ) ;
#2289 = FILL_AREA_STYLE ('',( #1920 ) ) ;
#2290 = LINE ( 'NONE', #672, #154 ) ;
#2291 = EDGE_CURVE ( 'NONE', #3229, #4709, #327, .T. ) ;
#2292 = CARTESIAN_POINT ( 'NONE',  ( 0.0000000000000000000, 7.157156118639040400, 0.0000000000000000000 ) ) ;
#2293 = ORIENTED_EDGE ( 'NONE', *, *, #3696, .F. ) ;
#2294 = PRESENTATION_LAYER_ASSIGNMENT (  '', '', ( #917 ) ) ;
#2295 = CARTESIAN_POINT ( 'NONE',  ( -0.5327008188985686800, 6.748598189941231100, 17.99211576879008200 ) ) ;
#2296 = CARTESIAN_POINT ( 'NONE',  ( 0.5796502576800139900, 5.383779550428680100, 17.98603032843274400 ) ) ;
#2297 = UNCERTAINTY_MEASURE_WITH_UNIT (LENGTH_MEASURE( 1.000000000000000100E-005 ), #4546, 'distance_accuracy_value', 'NONE');
#2298 = PRESENTATION_STYLE_ASSIGNMENT (( #4242 ) ) ;
#2299 = UNCERTAINTY_MEASURE_WITH_UNIT (LENGTH_MEASURE( 1.000000000000000100E-005 ), #354, 'distance_accuracy_value', 'NONE');
#2300 = STYLED_ITEM ( 'NONE', ( #1388 ), #3336 ) ;
#2301 = COLOUR_RGB ( '',0.8980392156862745400, 0.9215686274509803400, 0.9294117647058823800 ) ;
#2302 = CARTESIAN_POINT ( 'NONE',  ( -3.235533905932737500, 52.48999999999999500, -3.235533905932737500 ) ) ;
#2303 = SURFACE_SIDE_STYLE ('',( #4070 ) ) ;
#2304 = CIRCLE ( 'NONE', #2083, 18.00000000000000000 ) ;
#2305 = CARTESIAN_POINT ( 'NONE',  ( 0.1401395366268234900, 4.497091266323513600, 17.98945415820819000 ) ) ;
#2306 = CARTESIAN_POINT ( 'NONE',  ( 0.0000000000000000000, 49.92639999999999400, -18.00000000000000000 ) ) ;
#2307 = SURFACE_SIDE_STYLE ('',( #665 ) ) ;
#2308 = PRESENTATION_LAYER_ASSIGNMENT (  '', '', ( #1284 ) ) ;
#2309 = FILL_AREA_STYLE_COLOUR ( '', #4585 ) ;
#2310 = CARTESIAN_POINT ( 'NONE',  ( 4.585533905932739400, 52.48999999999999500, -1.200000000000004400 ) ) ;
#2311 =( NAMED_UNIT ( * ) PLANE_ANGLE_UNIT ( ) SI_UNIT ( $, .RADIAN. ) );
#2312 = PRESENTATION_STYLE_ASSIGNMENT (( #3540 ) ) ;
#2313 = CARTESIAN_POINT ( 'NONE',  ( 3.835533905932737100, 52.48999999999999500, 3.235533905932737500 ) ) ;
#2314 = COLOUR_RGB ( '',0.8980392156862745400, 0.9215686274509803400, 0.9294117647058823800 ) ;
#2315 =( LENGTH_UNIT ( ) NAMED_UNIT ( * ) SI_UNIT ( .MILLI., .METRE. ) );
#2316 = MECHANICAL_DESIGN_GEOMETRIC_PRESENTATION_REPRESENTATION (  '', ( #930 ), #4290 ) ;
#2317 = CARTESIAN_POINT ( 'NONE',  ( 1.075060888596139700, 3.433728050141728000, 17.96452769200799100 ) ) ;
#2318 = CARTESIAN_POINT ( 'NONE',  ( 0.0000000000000000000, 3.433728050141728000, 0.0000000000000000000 ) ) ;
#2319 = EDGE_CURVE ( 'NONE', #554, #2113, #2872, .T. ) ;
#2320 =( LENGTH_UNIT ( ) NAMED_UNIT ( * ) SI_UNIT ( .MILLI., .METRE. ) );
#2321 = FACE_OUTER_BOUND ( 'NONE', #3002, .T. ) ;
#2322 = CARTESIAN_POINT ( 'NONE',  ( -4.585533905932739400, 51.98999999999999500, -1.199999999999995300 ) ) ;
#2323 = STYLED_ITEM ( 'NONE', ( #2298 ), #1230 ) ;
#2324 = ORIENTED_EDGE ( 'NONE', *, *, #2593, .F. ) ;
#2325 = B_SPLINE_CURVE_WITH_KNOTS ( 'NONE', 1,
 ( #3724, #5 ),
 .UNSPECIFIED., .F., .F.,
 ( 2, 2 ),
 ( 0.0000000000000000000, 1.000000000000000000 ),
 .UNSPECIFIED. ) ;
#2326 = CARTESIAN_POINT ( 'NONE',  ( -3.235533905932737500, 55.63999999999999300, -3.535533905932737300 ) ) ;
#2327 = ORIENTED_EDGE ( 'NONE', *, *, #2221, .F. ) ;
#2328 = ORIENTED_EDGE ( 'NONE', *, *, #4073, .F. ) ;
#2329 = STYLED_ITEM ( 'NONE', ( #4655 ), #2673 ) ;
#2330 = VERTEX_POINT ( 'NONE', #1115 ) ;
#2331 = VERTEX_POINT ( 'NONE', #701 ) ;
#2332 = CIRCLE ( 'NONE', #3210, 17.98999999999999800 ) ;
#2333 = CARTESIAN_POINT ( 'NONE',  ( 0.0000000000000000000, 2.073600000000001700, 0.0000000000000000000 ) ) ;
#2334 = EDGE_LOOP ( 'NONE', ( #3651, #2328, #2813, #4383, #4533, #1702, #2507, #1368 ) ) ;
#2335 = EDGE_LOOP ( 'NONE', ( #3996, #3891, #1814, #3669, #2205 ) ) ;
#2336 = CARTESIAN_POINT ( 'NONE',  ( -1.482068330595498500, 3.433728050141748900, 17.92884752189737800 ) ) ;
#2337 = FACE_OUTER_BOUND ( 'NONE', #1426, .T. ) ;
#2338 = DIRECTION ( 'NONE',  ( 0.0000000000000000000, -0.9954954725939522100, -0.09480909262799541700 ) ) ;
#2339 = STYLED_ITEM ( 'NONE', ( #3538 ), #3391 ) ;
#2340 = DIRECTION ( 'NONE',  ( -0.0000000000000000000, -1.000000000000000000, -0.0000000000000000000 ) ) ;
#2341 = CARTESIAN_POINT ( 'NONE',  ( -2.168273083208567300, 5.755863672348045400, 17.85885471794407000 ) ) ;
#2342 = ADVANCED_FACE ( 'NONE', ( #2472 ), #4014, .F. ) ;
#2343 = DIRECTION ( 'NONE',  ( 0.0000000000000000000, 0.0000000000000000000, -1.000000000000000000 ) ) ;
#2344 = ORIENTED_EDGE ( 'NONE', *, *, #27, .T. ) ;
#2345 = FILL_AREA_STYLE_COLOUR ( '', #2102 ) ;
#2346 = LINE ( 'NONE', #1740, #654 ) ;
#2347 = EDGE_CURVE ( 'NONE', #543, #310, #3377, .T. ) ;
#2348 = VERTEX_POINT ( 'NONE', #4453 ) ;
#2349 =( LENGTH_UNIT ( ) NAMED_UNIT ( * ) SI_UNIT ( .MILLI., .METRE. ) );
#2350 = ORIENTED_EDGE ( 'NONE', *, *, #268, .T. ) ;
#2351 = SURFACE_SIDE_STYLE ('',( #1665 ) ) ;
#2352 = CARTESIAN_POINT ( 'NONE',  ( -1.870521840136347300, 6.448420704369962000, 17.89249138732705500 ) ) ;
#2353 = COLOUR_RGB ( '',0.8980392156862745400, 0.9215686274509803400, 0.9294117647058823800 ) ;
#2354 = ORIENTED_EDGE ( 'NONE', *, *, #59, .F. ) ;
#2355 = EDGE_CURVE ( 'NONE', #3010, #2742, #2325, .T. ) ;
#2356 = PLANE ( 'NONE',  #3233 ) ;
#2357 = AXIS2_PLACEMENT_3D ( 'NONE', #1483, #4836, #3324 ) ;
#2358 = DIRECTION ( 'NONE',  ( -0.03991087428040448300, 3.854941057726238600E-016, 0.9992032436467437300 ) ) ;
#2359 = CARTESIAN_POINT ( 'NONE',  ( -2.163255786530974500, 4.142112498812848800, 17.86617853692141000 ) ) ;
#2360 = DIRECTION ( 'NONE',  ( -0.4510964810095285900, 3.854941057726238100E-016, 0.8924751900309723100 ) ) ;
#2361 =( NAMED_UNIT ( * ) SI_UNIT ( $, .STERADIAN. ) SOLID_ANGLE_UNIT ( ) );
#2362 = CYLINDRICAL_SURFACE ( 'NONE', #1635, 18.00000000000000000 ) ;
#2363 = SURFACE_SIDE_STYLE ('',( #3850 ) ) ;
#2364 = EDGE_CURVE ( 'NONE', #1733, #554, #189, .T. ) ;
#2365 = CARTESIAN_POINT ( 'NONE',  ( -2.364520464394884500, 5.067529549057189400, 17.84401980982586300 ) ) ;
#2366 = AXIS2_PLACEMENT_3D ( 'NONE', #973, #226, #3612 ) ;
#2367 = CARTESIAN_POINT ( 'NONE',  ( 2.017830816172706800, 3.433728050141748900, 17.88654127542001100 ) ) ;
#2368 = UNCERTAINTY_MEASURE_WITH_UNIT (LENGTH_MEASURE( 1.000000000000000100E-005 ), #2934, 'distance_accuracy_value', 'NONE');
#2369 = CARTESIAN_POINT ( 'NONE',  ( 3.235533905932737500, 52.48999999999999500, 3.235533905932737500 ) ) ;
#2370 = FILL_AREA_STYLE ('',( #376 ) ) ;
#2371 = PLANE ( 'NONE',  #3250 ) ;
#2372 = COLOUR_RGB ( '',0.8980392156862745400, 0.9215686274509803400, 0.9294117647058823800 ) ;
#2373 = UNCERTAINTY_MEASURE_WITH_UNIT (LENGTH_MEASURE( 1.000000000000000100E-005 ), #3763, 'distance_accuracy_value', 'NONE');
#2374 = CARTESIAN_POINT ( 'NONE',  ( 3.835533905932737100, 52.48999999999999500, 3.235533905932737500 ) ) ;
#2375 =( NAMED_UNIT ( * ) PLANE_ANGLE_UNIT ( ) SI_UNIT ( $, .RADIAN. ) );
#2376 = SHAPE_DEFINITION_REPRESENTATION ( #2016, #1318 ) ;
#2377 =( NAMED_UNIT ( * ) SI_UNIT ( $, .STERADIAN. ) SOLID_ANGLE_UNIT ( ) );
#2378 = FILL_AREA_STYLE ('',( #2416 ) ) ;
#2379 =( LENGTH_UNIT ( ) NAMED_UNIT ( * ) SI_UNIT ( .MILLI., .METRE. ) );
#2380 = SURFACE_STYLE_USAGE ( .BOTH. , #2002 ) ;
#2381 = B_SPLINE_SURFACE_WITH_KNOTS ( 'NONE', 1, 3, ( 
 ( #4604, #2434, #2014, #4593 ),
 ( #2026, #4253, #896, #2784 ) ),
 .UNSPECIFIED., .F., .F., .F.,
 ( 2, 2 ),
 ( 4, 4 ),
 ( 0.0000000000000000000, 1.000000000000000000 ),
 ( 0.0000000000000000000, 1.000000000000000000 ),
 .UNSPECIFIED. ) ;
#2382 = FACE_OUTER_BOUND ( 'NONE', #3088, .T. ) ;
#2383 = CARTESIAN_POINT ( 'NONE',  ( -2.485533905932738800, 52.48999999999999500, 1.200000000000004000 ) ) ;
#2384 = VECTOR ( 'NONE', #2442, 1000.000000000000000 ) ;
#2385 = PLANE ( 'NONE',  #2607 ) ;
#2386 = EDGE_CURVE ( 'NONE', #3010, #1370, #3018, .T. ) ;
#2387 = FILL_AREA_STYLE ('',( #2688 ) ) ;
#2388 = CARTESIAN_POINT ( 'NONE',  ( -6.592235260511587000, 5.455448435884830100, 16.74940101227705500 ) ) ;
#2389 = B_SPLINE_CURVE_WITH_KNOTS ( 'NONE', 3,
 ( #438, #4135, #4450, #4841 ),
 .UNSPECIFIED., .F., .F.,
 ( 4, 4 ),
 ( 0.0000000000000000000, 1.000000000000000000 ),
 .UNSPECIFIED. ) ;
#2390 = EDGE_CURVE ( 'NONE', #4798, #1057, #2304, .T. ) ;
#2391 = SURFACE_STYLE_USAGE ( .BOTH. , #3407 ) ;
#2392 = CARTESIAN_POINT ( 'NONE',  ( 9.021537699807966600, 6.917487561927836200, 15.57615490154215500 ) ) ;
#2393 = ADVANCED_FACE ( 'NONE', ( #4145 ), #765, .F. ) ;
#2394 = ORIENTED_EDGE ( 'NONE', *, *, #4746, .F. ) ;
#2395 = VERTEX_POINT ( 'NONE', #107 ) ;
#2396 = CARTESIAN_POINT ( 'NONE',  ( 3.516420449642963900, 7.157156118639040400, 17.64298407926881000 ) ) ;
#2397 = MECHANICAL_DESIGN_GEOMETRIC_PRESENTATION_REPRESENTATION (  '', ( #4779 ), #1293 ) ;
#2398 = CARTESIAN_POINT ( 'NONE',  ( -4.022959509627130000, 4.759057198942995700, 17.54490016642533600 ) ) ;
#2399 = B_SPLINE_SURFACE_WITH_KNOTS ( 'NONE', 1, 3, ( 
 ( #4007, #2559, #252, #1793 ),
 ( #1827, #2157, #297, #1770 ) ),
 .UNSPECIFIED., .F., .F., .F.,
 ( 2, 2 ),
 ( 4, 4 ),
 ( 0.0000000000000000000, 1.000000000000000000 ),
 ( 0.0000000000000000000, 1.000000000000000000 ),
 .UNSPECIFIED. ) ;
#2400 = ORIENTED_EDGE ( 'NONE', *, *, #2759, .T. ) ;
#2401 = CARTESIAN_POINT ( 'NONE',  ( -6.112394054107641100, 7.157156118639027100, 16.93040575199866600 ) ) ;
#2402 = VERTEX_POINT ( 'NONE', #4540 ) ;
#2403 = ORIENTED_EDGE ( 'NONE', *, *, #678, .F. ) ;
#2404 = CARTESIAN_POINT ( 'NONE',  ( 5.335997746471677200, 3.906074921010150600, 17.19103310261270000 ) ) ;
#2405 = CIRCLE ( 'NONE', #3553, 18.00000000000000000 ) ;
#2406 = CARTESIAN_POINT ( 'NONE',  ( 0.0000000000000000000, 3.433728050141728000, 0.0000000000000000000 ) ) ;
#2407 = CARTESIAN_POINT ( 'NONE',  ( 3.835533905932737100, 55.63999999999999300, 4.135533905932737400 ) ) ;
#2408 = PRESENTATION_LAYER_ASSIGNMENT (  '', '', ( #1707 ) ) ;
#2409 = ORIENTED_EDGE ( 'NONE', *, *, #4509, .T. ) ;
#2410 = ORIENTED_EDGE ( 'NONE', *, *, #3997, .F. ) ;
#2411 = CARTESIAN_POINT ( 'NONE',  ( -3.235533905932737500, 52.48999999999999500, -3.835533905932737600 ) ) ;
#2412 = CARTESIAN_POINT ( 'NONE',  ( -1.670315569300101900, 7.157156118639040400, 17.91229035882775400 ) ) ;
#2413 = ORIENTED_EDGE ( 'NONE', *, *, #3045, .T. ) ;
#2414 = MECHANICAL_DESIGN_GEOMETRIC_PRESENTATION_REPRESENTATION (  '', ( #2483 ), #2000 ) ;
#2415 = FILL_AREA_STYLE ('',( #549 ) ) ;
#2416 = FILL_AREA_STYLE_COLOUR ( '', #1413 ) ;
#2417 = VERTEX_POINT ( 'NONE', #1611 ) ;
#2418 = SURFACE_STYLE_USAGE ( .BOTH. , #3422 ) ;
#2419 = EDGE_CURVE ( 'NONE', #2263, #700, #1602, .T. ) ;
#2420 = CARTESIAN_POINT ( 'NONE',  ( 8.002163781949512600, 6.438231380337250600, 16.12344177918770100 ) ) ;
#2421 = MECHANICAL_DESIGN_GEOMETRIC_PRESENTATION_REPRESENTATION (  '', ( #2163 ), #2662 ) ;
#2422 = CARTESIAN_POINT ( 'NONE',  ( -6.053087407364875700, 6.022685098070953200, 16.96159901777813100 ) ) ;
#2423 = B_SPLINE_CURVE_WITH_KNOTS ( 'NONE', 1,
 ( #1160, #386 ),
 .UNSPECIFIED., .F., .F.,
 ( 2, 2 ),
 ( 0.0000000000000000000, 1.000000000000000000 ),
 .UNSPECIFIED. ) ;
#2424 = DIRECTION ( 'NONE',  ( -0.0000000000000000000, -1.000000000000000000, -0.0000000000000000000 ) ) ;
#2425 = DIRECTION ( 'NONE',  ( 0.08099584273240977000, 3.854941057726238100E-016, 0.9967144392753957100 ) ) ;
#2426 = MECHANICAL_DESIGN_GEOMETRIC_PRESENTATION_REPRESENTATION (  '', ( #4215 ), #1131 ) ;
#2427 = CARTESIAN_POINT ( 'NONE',  ( -7.783730467151876600, 4.781541638949139600, 16.23116906165592300 ) ) ;
#2428 = FILL_AREA_STYLE ('',( #1891 ) ) ;
#2429 = VECTOR ( 'NONE', #3875, 1000.000000000000000 ) ;
#2430 = CARTESIAN_POINT ( 'NONE',  ( 5.503895682451415400, 5.067529549049536000, 17.13788587652200900 ) ) ;
#2431 = PRESENTATION_LAYER_ASSIGNMENT (  '', '', ( #2339 ) ) ;
#2432 = PRESENTATION_STYLE_ASSIGNMENT (( #1778 ) ) ;
#2433 =( NAMED_UNIT ( * ) PLANE_ANGLE_UNIT ( ) SI_UNIT ( $, .RADIAN. ) );
#2434 = CARTESIAN_POINT ( 'NONE',  ( -8.438067349264885700, 5.916013392829452000, 15.90365499317985100 ) ) ;
#2435 = FACE_OUTER_BOUND ( 'NONE', #2545, .T. ) ;
#2436 = CARTESIAN_POINT ( 'NONE',  ( -4.943845336485917800, 7.157156118639054700, 17.29735509518453500 ) ) ;
#2437 = EDGE_CURVE ( 'NONE', #1062, #1519, #806, .T. ) ;
#2438 = SURFACE_STYLE_USAGE ( .BOTH. , #2048 ) ;
#2439 = DIRECTION ( 'NONE',  ( 1.224646799147352700E-016, 0.0000000000000000000, -1.000000000000000000 ) ) ;
#2440 = PRESENTATION_LAYER_ASSIGNMENT (  '', '', ( #1945 ) ) ;
#2441 = CIRCLE ( 'NONE', #4003, 18.00000000000000000 ) ;
#2442 = DIRECTION ( 'NONE',  ( 0.0000000000000000000, -0.0000000000000000000, 1.000000000000000000 ) ) ;
#2443 = VERTEX_POINT ( 'NONE', #1174 ) ;
#2444 = VECTOR ( 'NONE', #2739, 1000.000000000000000 ) ;
#2445 = SURFACE_STYLE_USAGE ( .BOTH. , #1289 ) ;
#2446 = STYLED_ITEM ( 'NONE', ( #3973 ), #730 ) ;
#2447 = UNCERTAINTY_MEASURE_WITH_UNIT (LENGTH_MEASURE( 1.000000000000000100E-005 ), #291, 'distance_accuracy_value', 'NONE');
#2448 = ORIENTED_EDGE ( 'NONE', *, *, #3799, .F. ) ;
#2449 = ORIENTED_EDGE ( 'NONE', *, *, #967, .F. ) ;
#2450 = ORIENTED_EDGE ( 'NONE', *, *, #2866, .T. ) ;
#2451 = CARTESIAN_POINT ( 'NONE',  ( -8.125282227594448500, 3.433728050141748900, 16.05054169559201300 ) ) ;
#2452 = EDGE_CURVE ( 'NONE', #1363, #2689, #42, .T. ) ;
#2453 = DIRECTION ( 'NONE',  ( 0.0000000000000000000, -0.09480909262799527800, 0.9954954725939522100 ) ) ;
#2454 = CARTESIAN_POINT ( 'NONE',  ( 0.0000000000000000000, 3.433728050141728000, 0.0000000000000000000 ) ) ;
#2455 = ORIENTED_EDGE ( 'NONE', *, *, #1915, .T. ) ;
#2456 = ORIENTED_EDGE ( 'NONE', *, *, #1761, .F. ) ;
#2457 = FILL_AREA_STYLE_COLOUR ( '', #4329 ) ;
#2458 = ORIENTED_EDGE ( 'NONE', *, *, #2347, .F. ) ;
#2459 = SURFACE_STYLE_FILL_AREA ( #2370 ) ;
#2460 = MECHANICAL_DESIGN_GEOMETRIC_PRESENTATION_REPRESENTATION (  '', ( #825 ), #167 ) ;
#2461 = CARTESIAN_POINT ( 'NONE',  ( 4.152098789925732400, 5.755739136159496300, 17.50429020665211900 ) ) ;
#2462 = ORIENTED_EDGE ( 'NONE', *, *, #4350, .T. ) ;
#2463 = ORIENTED_EDGE ( 'NONE', *, *, #4816, .T. ) ;
#2464 = FILL_AREA_STYLE_COLOUR ( '', #1826 ) ;
#2465 = ORIENTED_EDGE ( 'NONE', *, *, #3533, .T. ) ;
#2466 = DIRECTION ( 'NONE',  ( -1.000000000000000000, 0.0000000000000000000, 0.0000000000000000000 ) ) ;
#2467 =( LENGTH_UNIT ( ) NAMED_UNIT ( * ) SI_UNIT ( .MILLI., .METRE. ) );
#2468 = MECHANICAL_DESIGN_GEOMETRIC_PRESENTATION_REPRESENTATION (  '', ( #3531 ), #1352 ) ;
#2469 = COLOUR_RGB ( '',0.2980392156862745100, 0.2980392156862745100, 0.2980392156862745100 ) ;
#2470 = SURFACE_STYLE_FILL_AREA ( #1932 ) ;
#2471 = EDGE_CURVE ( 'NONE', #894, #245, #1964, .T. ) ;
#2472 = FACE_OUTER_BOUND ( 'NONE', #3011, .T. ) ;
#2473 = STYLED_ITEM ( 'NONE', ( #388 ), #1442 ) ;
#2474 = CARTESIAN_POINT ( 'NONE',  ( -2.163656463653873500, 4.142112498812855000, 17.86948770131054000 ) ) ;
#2475 = DIRECTION ( 'NONE',  ( -0.0000000000000000000, -1.000000000000000000, -0.0000000000000000000 ) ) ;
#2476 = CIRCLE ( 'NONE', #2366, 15.92640000000000100 ) ;
#2477 = CARTESIAN_POINT ( 'NONE',  ( 3.875039006368816700, 4.759102484852016700, 17.56792295748571000 ) ) ;
#2478 = SURFACE_STYLE_FILL_AREA ( #1788 ) ;
#2479 = CARTESIAN_POINT ( 'NONE',  ( -7.575266643059368500, 5.569342435477963700, 16.32835984679881800 ) ) ;
#2480 = CARTESIAN_POINT ( 'NONE',  ( 5.983915603444105900, 6.443495864422721400, 16.97624086925188900 ) ) ;
#2481 = FILL_AREA_STYLE ('',( #2864 ) ) ;
#2482 = EDGE_LOOP ( 'NONE', ( #2228, #2105, #135, #4500, #2220, #768 ) ) ;
#2483 = STYLED_ITEM ( 'NONE', ( #2495 ), #4046 ) ;
#2484 = PLANE ( 'NONE',  #1439 ) ;
#2485 = SURFACE_STYLE_FILL_AREA ( #626 ) ;
#2486 = PLANE ( 'NONE',  #2690 ) ;
#2487 = LINE ( 'NONE', #3508, #939 ) ;
#2488 =( NAMED_UNIT ( * ) SI_UNIT ( $, .STERADIAN. ) SOLID_ANGLE_UNIT ( ) );
#2489 = UNCERTAINTY_MEASURE_WITH_UNIT (LENGTH_MEASURE( 1.000000000000000100E-005 ), #219, 'distance_accuracy_value', 'NONE');
#2490 = ORIENTED_EDGE ( 'NONE', *, *, #3696, .T. ) ;
#2491 = VERTEX_POINT ( 'NONE', #413 ) ;
#2492 = CARTESIAN_POINT ( 'NONE',  ( 3.960881484385034800, 5.067529549049536000, 17.54854745745800300 ) ) ;
#2493 = CARTESIAN_POINT ( 'NONE',  ( 5.563200647594504400, 5.296932744752856700, 17.10833682098228100 ) ) ;
#2494 = APPLICATION_PROTOCOL_DEFINITION ( 'draft international standard', 'automotive_design', 1998, #920 ) ;
#2495 = PRESENTATION_STYLE_ASSIGNMENT (( #4175 ) ) ;
#2496 = SURFACE_SIDE_STYLE ('',( #3682 ) ) ;
#2497 = DIRECTION ( 'NONE',  ( -0.0000000000000000000, -1.000000000000000000, -0.0000000000000000000 ) ) ;
#2498 = UNCERTAINTY_MEASURE_WITH_UNIT (LENGTH_MEASURE( 1.000000000000000100E-005 ), #4439, 'distance_accuracy_value', 'NONE');
#2499 = EDGE_CURVE ( 'NONE', #186, #412, #1832, .T. ) ;
#2500 = DIRECTION ( 'NONE',  ( -0.0000000000000000000, -1.000000000000000000, -0.0000000000000000000 ) ) ;
#2501 = ORIENTED_EDGE ( 'NONE', *, *, #2044, .T. ) ;
#2502 = ORIENTED_EDGE ( 'NONE', *, *, #1163, .T. ) ;
#2503 = VERTEX_POINT ( 'NONE', #4520 ) ;
#2504 = UNCERTAINTY_MEASURE_WITH_UNIT (LENGTH_MEASURE( 1.000000000000000100E-005 ), #1691, 'distance_accuracy_value', 'NONE');
#2505 = VERTEX_POINT ( 'NONE', #3831 ) ;
#2506 = STYLED_ITEM ( 'NONE', ( #1286 ), #1178 ) ;
#2507 = ORIENTED_EDGE ( 'NONE', *, *, #3533, .F. ) ;
#2508 = CARTESIAN_POINT ( 'NONE',  ( 7.038968277664660700, 6.438231380346589800, 16.56662082580604400 ) ) ;
#2509 =( NAMED_UNIT ( * ) PLANE_ANGLE_UNIT ( ) SI_UNIT ( $, .RADIAN. ) );
#2510 = VERTEX_POINT ( 'NONE', #92 ) ;
#2511 = PLANE ( 'NONE',  #1013 ) ;
#2512 = PLANE ( 'NONE',  #4602 ) ;
#2513 = SURFACE_SIDE_STYLE ('',( #1397 ) ) ;
#2514 = ORIENTED_EDGE ( 'NONE', *, *, #2721, .F. ) ;
#2515 = AXIS2_PLACEMENT_3D ( 'NONE', #320, #3344, #1449 ) ;
#2516 = SURFACE_STYLE_FILL_AREA ( #657 ) ;
#2517 = EDGE_CURVE ( 'NONE', #2264, #2611, #2679, .T. ) ;
#2518 = SURFACE_STYLE_FILL_AREA ( #1366 ) ;
#2519 = FILL_AREA_STYLE ('',( #3311 ) ) ;
#2520 = VECTOR ( 'NONE', #25, 1000.000000000000000 ) ;
#2521 = AXIS2_PLACEMENT_3D ( 'NONE', #4293, #3546, #922 ) ;
#2522 =( LENGTH_UNIT ( ) NAMED_UNIT ( * ) SI_UNIT ( .MILLI., .METRE. ) );
#2523 = B_SPLINE_CURVE_WITH_KNOTS ( 'NONE', 3,
 ( #2945, #731, #2237, #1032 ),
 .UNSPECIFIED., .F., .F.,
 ( 4, 4 ),
 ( 0.0000000000000000000, 1.000000000000000000 ),
 .UNSPECIFIED. ) ;
#2524 = CARTESIAN_POINT ( 'NONE',  ( 7.035057739732624600, 6.438231380346589800, 16.55741714756948500 ) ) ;
#2525 = CARTESIAN_POINT ( 'NONE',  ( -8.115225693361415100, 7.157156118639040400, 16.05562866865719200 ) ) ;
#2526 = CARTESIAN_POINT ( 'NONE',  ( 5.980591205886636200, 6.443495864422735600, 16.96680962432452600 ) ) ;
#2527 = PRESENTATION_LAYER_ASSIGNMENT (  '', '', ( #3531 ) ) ;
#2528 =( NAMED_UNIT ( * ) PLANE_ANGLE_UNIT ( ) SI_UNIT ( $, .RADIAN. ) );
#2529 = LINE ( 'NONE', #1938, #1287 ) ;
#2530 = EDGE_CURVE ( 'NONE', #417, #1943, #3920, .T. ) ;
#2531 = STYLED_ITEM ( 'NONE', ( #3107 ), #2023 ) ;
#2532 = CARTESIAN_POINT ( 'NONE',  ( 6.506239414070721600, 4.435229172666861800, 16.78546274952267200 ) ) ;
#2533 = VECTOR ( 'NONE', #1177, 1000.000000000000000 ) ;
#2534 = CARTESIAN_POINT ( 'NONE',  ( 2.204364238465235000E-015, 7.157156118639020000, 18.00000000000000000 ) ) ;
#2535 = VECTOR ( 'NONE', #2338, 1000.000000000000100 ) ;
#2536 = CARTESIAN_POINT ( 'NONE',  ( -4.379980921414766500, 7.157156118639040400, 17.45897382803590100 ) ) ;
#2537 = PRESENTATION_STYLE_ASSIGNMENT (( #1360 ) ) ;
#2538 = PRESENTATION_LAYER_ASSIGNMENT (  '', '', ( #4610 ) ) ;
#2539 = LINE ( 'NONE', #4375, #1484 ) ;
#2540 =( LENGTH_UNIT ( ) NAMED_UNIT ( * ) SI_UNIT ( .MILLI., .METRE. ) );
#2541 = FILL_AREA_STYLE_COLOUR ( '', #3281 ) ;
#2542 =( NAMED_UNIT ( * ) SI_UNIT ( $, .STERADIAN. ) SOLID_ANGLE_UNIT ( ) );
#2543 = ORIENTED_EDGE ( 'NONE', *, *, #435, .F. ) ;
#2544 =( LENGTH_UNIT ( ) NAMED_UNIT ( * ) SI_UNIT ( .MILLI., .METRE. ) );
#2545 = EDGE_LOOP ( 'NONE', ( #3128, #2548, #1798, #2106 ) ) ;
#2546 = PRODUCT_DEFINITION_CONTEXT ( 'detailed design', #920, 'design' ) ;
#2547 =( GEOMETRIC_REPRESENTATION_CONTEXT ( 3 ) GLOBAL_UNCERTAINTY_ASSIGNED_CONTEXT ( ( #4147 ) ) GLOBAL_UNIT_ASSIGNED_CONTEXT ( ( #101, #3451, #1584 ) ) REPRESENTATION_CONTEXT ( 'NONE', 'WORKASPACE' ) );
#2548 = ORIENTED_EDGE ( 'NONE', *, *, #3921, .T. ) ;
#2549 = CARTESIAN_POINT ( 'NONE',  ( 3.518375102477673700, 7.157156118639040400, 17.65279118548296800 ) ) ;
#2550 = ADVANCED_FACE ( 'NONE', ( #1597 ), #2356, .T. ) ;
#2551 = B_SPLINE_CURVE_WITH_KNOTS ( 'NONE', 3,
 ( #2412, #1744, #3182, #3588 ),
 .UNSPECIFIED., .F., .F.,
 ( 4, 4 ),
 ( 0.0000000000000000000, 1.000000000000000000 ),
 .UNSPECIFIED. ) ;
#2552 = FILL_AREA_STYLE_COLOUR ( '', #4678 ) ;
#2553 = CARTESIAN_POINT ( 'NONE',  ( 2.026963865985461000, 6.764561464228345100, 17.87544453953493200 ) ) ;
#2554 = DIRECTION ( 'NONE',  ( 1.000000000000000000, 0.0000000000000000000, 0.0000000000000000000 ) ) ;
#2555 = ORIENTED_EDGE ( 'NONE', *, *, #873, .T. ) ;
#2556 =( LENGTH_UNIT ( ) NAMED_UNIT ( * ) SI_UNIT ( .MILLI., .METRE. ) );
#2557 = VERTEX_POINT ( 'NONE', #4203 ) ;
#2558 = EDGE_LOOP ( 'NONE', ( #70, #1996, #191, #3834, #1585 ) ) ;
#2559 = CARTESIAN_POINT ( 'NONE',  ( -6.069992146039630200, 4.107634859643888500, 16.94795637560390500 ) ) ;
#2560 =( NAMED_UNIT ( * ) SI_UNIT ( $, .STERADIAN. ) SOLID_ANGLE_UNIT ( ) );
#2561 = ORIENTED_EDGE ( 'NONE', *, *, #47, .F. ) ;
#2562 = FILL_AREA_STYLE_COLOUR ( '', #3449 ) ;
#2563 = CIRCLE ( 'NONE', #3406, 1.384560000000000000 ) ;
#2564 = EDGE_CURVE ( 'NONE', #1636, #1506, #105, .T. ) ;
#2565 = MECHANICAL_DESIGN_GEOMETRIC_PRESENTATION_REPRESENTATION (  '', ( #1988 ), #3466 ) ;
#2566 = ORIENTED_EDGE ( 'NONE', *, *, #367, .F. ) ;
#2567 = CARTESIAN_POINT ( 'NONE',  ( 3.159911496188699100E-016, 47.38456000000000800, 0.0000000000000000000 ) ) ;
#2568 = COLOUR_RGB ( '',0.8980392156862745400, 0.9215686274509803400, 0.9294117647058823800 ) ;
#2569 = FILL_AREA_STYLE_COLOUR ( '', #1419 ) ;
#2570 = ORIENTED_EDGE ( 'NONE', *, *, #1915, .F. ) ;
#2571 = ORIENTED_EDGE ( 'NONE', *, *, #3316, .F. ) ;
#2572 = CARTESIAN_POINT ( 'NONE',  ( -4.377547598680647100, 7.157156118639040400, 17.44927439813144000 ) ) ;
#2573 = PRESENTATION_LAYER_ASSIGNMENT (  '', '', ( #2329 ) ) ;
#2574 = LINE ( 'NONE', #2151, #3566 ) ;
#2575 = ORIENTED_EDGE ( 'NONE', *, *, #4474, .T. ) ;
#2576 = DIRECTION ( 'NONE',  ( 0.0000000000000000000, -0.0000000000000000000, 1.000000000000000000 ) ) ;
#2577 =( NAMED_UNIT ( * ) PLANE_ANGLE_UNIT ( ) SI_UNIT ( $, .RADIAN. ) );
#2578 = ADVANCED_FACE ( 'NONE', ( #4484 ), #2255, .F. ) ;
#2579 =( NAMED_UNIT ( * ) PLANE_ANGLE_UNIT ( ) SI_UNIT ( $, .RADIAN. ) );
#2580 = VECTOR ( 'NONE', #3532, 1000.000000000000000 ) ;
#2581 = MECHANICAL_DESIGN_GEOMETRIC_PRESENTATION_REPRESENTATION (  '', ( #2339 ), #621 ) ;
#2582 = DIRECTION ( 'NONE',  ( 0.0000000000000000000, 1.000000000000000000, 0.0000000000000000000 ) ) ;
#2583 = VECTOR ( 'NONE', #709, 1000.000000000000000 ) ;
#2584 = CARTESIAN_POINT ( 'NONE',  ( -0.7183957370472769900, 3.433728050141756000, 17.98565838564138600 ) ) ;
#2585 = LINE ( 'NONE', #4748, #451 ) ;
#2586 = FILL_AREA_STYLE ('',( #767 ) ) ;
#2587 = EDGE_CURVE ( 'NONE', #284, #3776, #685, .T. ) ;
#2588 = CARTESIAN_POINT ( 'NONE',  ( 2.461070877187443400, 3.433728050141748900, 17.82086502214356100 ) ) ;
#2589 = UNCERTAINTY_MEASURE_WITH_UNIT (LENGTH_MEASURE( 1.000000000000000100E-005 ), #4313, 'distance_accuracy_value', 'NONE');
#2590 = AXIS2_PLACEMENT_3D ( 'NONE', #2652, #770, #1554 ) ;
#2591 = SURFACE_STYLE_USAGE ( .BOTH. , #2882 ) ;
#2592 = SURFACE_STYLE_FILL_AREA ( #3372 ) ;
#2593 = EDGE_CURVE ( 'NONE', #3239, #2169, #2257, .T. ) ;
#2594 = CARTESIAN_POINT ( 'NONE',  ( 6.502624836615016300, 4.435229172654083600, 16.77613749244087400 ) ) ;
#2595 = CARTESIAN_POINT ( 'NONE',  ( 0.0000000000000000000, 3.433728050141762600, 0.0000000000000000000 ) ) ;
#2596 = SURFACE_STYLE_FILL_AREA ( #3915 ) ;
#2597 = CARTESIAN_POINT ( 'NONE',  ( -3.235533905932737500, 58.78999999999999200, -3.235533905932737500 ) ) ;
#2598 = DIRECTION ( 'NONE',  ( 0.0000000000000000000, 0.0000000000000000000, -1.000000000000000000 ) ) ;
#2599 = EDGE_CURVE ( 'NONE', #1899, #4538, #913, .T. ) ;
#2600 = ADVANCED_FACE ( 'NONE', ( #674 ), #3516, .F. ) ;
#2601 = SURFACE_STYLE_FILL_AREA ( #287 ) ;
#2602 = ORIENTED_EDGE ( 'NONE', *, *, #625, .T. ) ;
#2603 = VECTOR ( 'NONE', #1338, 1000.000000000000100 ) ;
#2604 = CARTESIAN_POINT ( 'NONE',  ( -7.953045987819741900, 4.107634845389434900, 16.13773302436651100 ) ) ;
#2605 = FILL_AREA_STYLE_COLOUR ( '', #2165 ) ;
#2606 = DIRECTION ( 'NONE',  ( 0.3431737628081504800, 3.854941057726238600E-016, 0.9392719353414619200 ) ) ;
#2607 = AXIS2_PLACEMENT_3D ( 'NONE', #3123, #4550, #3806 ) ;
#2608 = DIRECTION ( 'NONE',  ( -3.923779290899926400E-015, 0.0000000000000000000, 1.000000000000000000 ) ) ;
#2609 = DIRECTION ( 'NONE',  ( 0.0000000000000000000, 0.0000000000000000000, -1.000000000000000000 ) ) ;
#2610 = DIRECTION ( 'NONE',  ( -0.0000000000000000000, -1.000000000000000000, -0.0000000000000000000 ) ) ;
#2611 = VERTEX_POINT ( 'NONE', #4281 ) ;
#2612 = ORIENTED_EDGE ( 'NONE', *, *, #3581, .T. ) ;
#2613 = CARTESIAN_POINT ( 'NONE',  ( 3.077401617920657400, 7.157156118639040400, 17.73498235922492200 ) ) ;
#2614 = VERTEX_POINT ( 'NONE', #1710 ) ;
#2615 = VERTEX_POINT ( 'NONE', #1693 ) ;
#2616 = ORIENTED_EDGE ( 'NONE', *, *, #283, .T. ) ;
#2617 = CARTESIAN_POINT ( 'NONE',  ( 0.2740354441090586700, 3.433728050141748900, 17.99791389509828600 ) ) ;
#2618 = CARTESIAN_POINT ( 'NONE',  ( 5.980591205886637100, 6.443495864422721400, 16.96680962432452600 ) ) ;
#2619 = ORIENTED_EDGE ( 'NONE', *, *, #3956, .T. ) ;
#2620 = CARTESIAN_POINT ( 'NONE',  ( 0.0000000000000000000, 52.00000000000000000, -18.00000000000000000 ) ) ;
#2621 = STYLED_ITEM ( 'NONE', ( #527 ), #408 ) ;
#2622 = CARTESIAN_POINT ( 'NONE',  ( -3.235533905932737500, 52.48999999999999500, -3.835533905932737600 ) ) ;
#2623 = DIRECTION ( 'NONE',  ( 0.0000000000000000000, 0.0000000000000000000, 1.000000000000000000 ) ) ;
#2624 =( LENGTH_UNIT ( ) NAMED_UNIT ( * ) SI_UNIT ( .MILLI., .METRE. ) );
#2625 = EDGE_LOOP ( 'NONE', ( #351, #4621, #3908, #2750 ) ) ;
#2626 = EDGE_CURVE ( 'NONE', #485, #2113, #39, .T. ) ;
#2627 =( LENGTH_UNIT ( ) NAMED_UNIT ( * ) SI_UNIT ( .MILLI., .METRE. ) );
#2628 = STYLED_ITEM ( 'NONE', ( #2757 ), #1623 ) ;
#2629 = CARTESIAN_POINT ( 'NONE',  ( 8.306550644621379900, 6.438204403061254400, 15.97237269843360400 ) ) ;
#2630 = CIRCLE ( 'NONE', #3618, 18.00000000000000400 ) ;
#2631 = EDGE_LOOP ( 'NONE', ( #4632, #3425, #723, #2575 ) ) ;
#2632 = CARTESIAN_POINT ( 'NONE',  ( 1.445702375569673600, 5.654282984980114600, 17.95142005078770000 ) ) ;
#2633 = FACE_OUTER_BOUND ( 'NONE', #20, .T. ) ;
#2634 = CARTESIAN_POINT ( 'NONE',  ( -8.129798782473637100, 3.433728050141748900, 16.05946361982523400 ) ) ;
#2635 = MECHANICAL_DESIGN_GEOMETRIC_PRESENTATION_REPRESENTATION (  '', ( #921 ), #1966 ) ;
#2636 = FILL_AREA_STYLE_COLOUR ( '', #393 ) ;
#2637 =( NAMED_UNIT ( * ) SI_UNIT ( $, .STERADIAN. ) SOLID_ANGLE_UNIT ( ) );
#2638 =( NAMED_UNIT ( * ) SI_UNIT ( $, .STERADIAN. ) SOLID_ANGLE_UNIT ( ) );
#2639 = DIRECTION ( 'NONE',  ( -0.0000000000000000000, -1.000000000000000000, -0.0000000000000000000 ) ) ;
#2640 = LINE ( 'NONE', #468, #1759 ) ;
#2641 = CARTESIAN_POINT ( 'NONE',  ( 7.997718135403983900, 6.438231380337271000, 16.11448431153259600 ) ) ;
#2642 = B_SPLINE_CURVE_WITH_KNOTS ( 'NONE', 3,
 ( #1914, #6, #1225, #1267 ),
 .UNSPECIFIED., .F., .F.,
 ( 4, 4 ),
 ( 0.0000000000000000000, 1.000000000000000000 ),
 .UNSPECIFIED. ) ;
#2643 = CARTESIAN_POINT ( 'NONE',  ( 8.002163781949512600, 6.438231380337257700, 16.12344177918770100 ) ) ;
#2644 = AXIS2_PLACEMENT_3D ( 'NONE', #32, #15, #4813 ) ;
#2645 = FACE_OUTER_BOUND ( 'NONE', #660, .T. ) ;
#2646 = DIRECTION ( 'NONE',  ( 0.0000000000000000000, -0.9954954725939522100, -0.09480909262799541700 ) ) ;
#2647 = B_SPLINE_CURVE_WITH_KNOTS ( 'NONE', 3,
 ( #2617, #1675, #3188, #3878 ),
 .UNSPECIFIED., .F., .F.,
 ( 4, 4 ),
 ( 0.0000000000000000000, 1.000000000000000000 ),
 .UNSPECIFIED. ) ;
#2648 = CARTESIAN_POINT ( 'NONE',  ( -1.300406420591292600, 7.157156118639054700, 17.94293853139125300 ) ) ;
#2649 = ADVANCED_FACE ( 'NONE', ( #4764 ), #4252, .F. ) ;
#2650 = B_SPLINE_CURVE_WITH_KNOTS ( 'NONE', 3,
 ( #4544, #1211, #1176, #4225 ),
 .UNSPECIFIED., .F., .F.,
 ( 4, 4 ),
 ( 0.0000000000000000000, 1.000000000000000000 ),
 .UNSPECIFIED. ) ;
#2651 = CARTESIAN_POINT ( 'NONE',  ( 0.2738832021956647000, 3.433728050141748900, 17.98791505404545200 ) ) ;
#2652 = CARTESIAN_POINT ( 'NONE',  ( 0.0000000000000000000, 7.157156118639020000, 0.0000000000000000000 ) ) ;
#2653 = FACE_OUTER_BOUND ( 'NONE', #357, .T. ) ;
#2654 = AXIS2_PLACEMENT_3D ( 'NONE', #2622, #1532, #459 ) ;
#2655 = SURFACE_STYLE_USAGE ( .BOTH. , #1529 ) ;
#2656 = SURFACE_STYLE_FILL_AREA ( #3398 ) ;
#2657 = CARTESIAN_POINT ( 'NONE',  ( 2.204364238465235400E-015, 47.38456000000000800, 18.00000000000000400 ) ) ;
#2658 = EDGE_CURVE ( 'NONE', #4817, #2087, #4549, .T. ) ;
#2659 = CARTESIAN_POINT ( 'NONE',  ( 3.166505013218976900, 5.916013429139943500, 17.71272567121032900 ) ) ;
#2660 = CARTESIAN_POINT ( 'NONE',  ( -6.592235260511587000, 5.455448435884830100, 16.74940101227705500 ) ) ;
#2661 = CARTESIAN_POINT ( 'NONE',  ( -7.295152981814768900, 6.627884890414492200, 16.44517664619038300 ) ) ;
#2662 =( GEOMETRIC_REPRESENTATION_CONTEXT ( 3 ) GLOBAL_UNCERTAINTY_ASSIGNED_CONTEXT ( ( #2144 ) ) GLOBAL_UNIT_ASSIGNED_CONTEXT ( ( #2020, #153, #526 ) ) REPRESENTATION_CONTEXT ( 'NONE', 'WORKASPACE' ) );
#2663 = CARTESIAN_POINT ( 'NONE',  ( -3.613852291950599300, 6.217568360353945800, 17.63362084106878700 ) ) ;
#2664 = VERTEX_POINT ( 'NONE', #2092 ) ;
#2665 = CARTESIAN_POINT ( 'NONE',  ( 0.1401395366268234900, 4.497091266323513600, 17.98945415820819000 ) ) ;
#2666 = ORIENTED_EDGE ( 'NONE', *, *, #611, .F. ) ;
#2667 = STYLED_ITEM ( 'NONE', ( #2186 ), #2393 ) ;
#2668 = CARTESIAN_POINT ( 'NONE',  ( 0.0000000000000000000, 3.433728050141728000, 0.0000000000000000000 ) ) ;
#2669 = ORIENTED_EDGE ( 'NONE', *, *, #2419, .T. ) ;
#2670 = CARTESIAN_POINT ( 'NONE',  ( 8.902005596502483800, 6.438150448534705600, 15.64462515881535500 ) ) ;
#2671 =( GEOMETRIC_REPRESENTATION_CONTEXT ( 3 ) GLOBAL_UNCERTAINTY_ASSIGNED_CONTEXT ( ( #932 ) ) GLOBAL_UNIT_ASSIGNED_CONTEXT ( ( #1340, #987, #931 ) ) REPRESENTATION_CONTEXT ( 'NONE', 'WORKASPACE' ) );
#2672 = ORIENTED_EDGE ( 'NONE', *, *, #1042, .T. ) ;
#2673 = ADVANCED_FACE ( 'NONE', ( #2819 ), #2484, .F. ) ;
#2674 = ORIENTED_EDGE ( 'NONE', *, *, #4596, .T. ) ;
#2675 = ORIENTED_EDGE ( 'NONE', *, *, #2044, .F. ) ;
#2676 = CARTESIAN_POINT ( 'NONE',  ( -0.7179966283044729700, 3.433728050141748900, 17.97566635320491800 ) ) ;
#2677 = FILL_AREA_STYLE_COLOUR ( '', #2226 ) ;
#2678 = PRESENTATION_STYLE_ASSIGNMENT (( #2775 ) ) ;
#2679 = B_SPLINE_CURVE_WITH_KNOTS ( 'NONE', 3,
 ( #53, #2706, #2317, #3057 ),
 .UNSPECIFIED., .F., .F.,
 ( 4, 4 ),
 ( 0.0000000000000000000, 1.000000000000000000 ),
 .UNSPECIFIED. ) ;
#2680 = EDGE_CURVE ( 'NONE', #666, #3774, #1081, .T. ) ;
#2681 = ORIENTED_EDGE ( 'NONE', *, *, #2190, .F. ) ;
#2682 = CARTESIAN_POINT ( 'NONE',  ( -0.6565090902103312100, 4.538684763409457400, 17.98813030534065400 ) ) ;
#2683 = ORIENTED_EDGE ( 'NONE', *, *, #3143, .T. ) ;
#2684 = PRESENTATION_STYLE_ASSIGNMENT (( #1750 ) ) ;
#2685 =( GEOMETRIC_REPRESENTATION_CONTEXT ( 3 ) GLOBAL_UNCERTAINTY_ASSIGNED_CONTEXT ( ( #3576 ) ) GLOBAL_UNIT_ASSIGNED_CONTEXT ( ( #3676, #1055, #4367 ) ) REPRESENTATION_CONTEXT ( 'NONE', 'WORKASPACE' ) );
#2686 = CARTESIAN_POINT ( 'NONE',  ( 3.835533905932737100, 58.78999999999999200, 3.235533905932737500 ) ) ;
#2687 = EDGE_LOOP ( 'NONE', ( #3703, #1689, #2738, #4799 ) ) ;
#2688 = FILL_AREA_STYLE_COLOUR ( '', #1154 ) ;
#2689 = VERTEX_POINT ( 'NONE', #3591 ) ;
#2690 = AXIS2_PLACEMENT_3D ( 'NONE', #4311, #2453, #1734 ) ;
#2691 = CARTESIAN_POINT ( 'NONE',  ( -0.5327008188985686800, 6.748598189941224000, 17.99211576879008200 ) ) ;
#2692 = ORIENTED_EDGE ( 'NONE', *, *, #3290, .T. ) ;
#2693 = DIRECTION ( 'NONE',  ( -1.000000000000000000, 0.0000000000000000000, 0.0000000000000000000 ) ) ;
#2694 = SURFACE_SIDE_STYLE ('',( #3277 ) ) ;
#2695 = CARTESIAN_POINT ( 'NONE',  ( -6.053087407364875700, 6.022685098070953200, 16.96159901777813100 ) ) ;
#2696 = CARTESIAN_POINT ( 'NONE',  ( -1.803407421159157200E-033, 46.00000000000000700, 0.0000000000000000000 ) ) ;
#2697 = EDGE_CURVE ( 'NONE', #4110, #2888, #2585, .T. ) ;
#2698 = VERTEX_POINT ( 'NONE', #282 ) ;
#2699 = MECHANICAL_DESIGN_GEOMETRIC_PRESENTATION_REPRESENTATION (  '', ( #2531 ), #224 ) ;
#2700 = CARTESIAN_POINT ( 'NONE',  ( 3.075691950355146100, 7.157156118639054700, 17.72512959124757600 ) ) ;
#2701 = CARTESIAN_POINT ( 'NONE',  ( 7.997718135403983900, 6.438231380337271000, 16.11448431153259600 ) ) ;
#2702 = SURFACE_STYLE_FILL_AREA ( #2428 ) ;
#2703 = DIRECTION ( 'NONE',  ( -0.0000000000000000000, -1.000000000000000000, -0.0000000000000000000 ) ) ;
#2704 = COLOUR_RGB ( '',0.8980392156862745400, 0.9215686274509803400, 0.9294117647058823800 ) ;
#2705 = AXIS2_PLACEMENT_3D ( 'NONE', #2318, #795, #2358 ) ;
#2706 = CARTESIAN_POINT ( 'NONE',  ( 1.074861766371913800, 3.433728050141728000, 17.96120031143899400 ) ) ;
#2707 = B_SPLINE_CURVE_WITH_KNOTS ( 'NONE', 1,
 ( #1608, #4601 ),
 .UNSPECIFIED., .F., .F.,
 ( 2, 2 ),
 ( 0.0000000000000000000, 1.000000000000000000 ),
 .UNSPECIFIED. ) ;
#2708 = SURFACE_STYLE_USAGE ( .BOTH. , #4523 ) ;
#2709 =( NAMED_UNIT ( * ) SI_UNIT ( $, .STERADIAN. ) SOLID_ANGLE_UNIT ( ) );
#2710 = CARTESIAN_POINT ( 'NONE',  ( -6.112394054107641100, 7.157156118639027100, 16.93040575199866600 ) ) ;
#2711 = VECTOR ( 'NONE', #405, 1000.000000000000000 ) ;
#2712 = CARTESIAN_POINT ( 'NONE',  ( 8.306550644621379900, 6.438204403061254400, 15.97237269843360400 ) ) ;
#2713 = UNCERTAINTY_MEASURE_WITH_UNIT (LENGTH_MEASURE( 1.000000000000000100E-005 ), #3265, 'distance_accuracy_value', 'NONE');
#2714 = FILL_AREA_STYLE_COLOUR ( '', #2881 ) ;
#2715 = CARTESIAN_POINT ( 'NONE',  ( 0.0000000000000000000, 7.157156118639020000, 0.0000000000000000000 ) ) ;
#2716 = B_SPLINE_CURVE_WITH_KNOTS ( 'NONE', 3,
 ( #3237, #634, #3254, #971 ),
 .UNSPECIFIED., .F., .F.,
 ( 4, 4 ),
 ( 0.0000000000000000000, 1.000000000000000000 ),
 .UNSPECIFIED. ) ;
#2717 = CARTESIAN_POINT ( 'NONE',  ( 0.0000000000000000000, 5.067529549049550200, 0.0000000000000000000 ) ) ;
#2718 = STYLED_ITEM ( 'NONE', ( #3043 ), #437 ) ;
#2719 = CARTESIAN_POINT ( 'NONE',  ( -5.805581988862653200, 3.433728050141735100, 17.03805205328923800 ) ) ;
#2720 = SURFACE_SIDE_STYLE ('',( #510 ) ) ;
#2721 = EDGE_CURVE ( 'NONE', #2039, #4798, #4320, .T. ) ;
#2722 = VECTOR ( 'NONE', #1383, 1000.000000000000000 ) ;
#2723 = FILL_AREA_STYLE ('',( #1580 ) ) ;
#2724 =( NAMED_UNIT ( * ) SI_UNIT ( $, .STERADIAN. ) SOLID_ANGLE_UNIT ( ) );
#2725 = ADVANCED_FACE ( 'NONE', ( #567, #4423 ), #4827, .T. ) ;
#2726 = COLOUR_RGB ( '',0.8980392156862745400, 0.9215686274509803400, 0.9294117647058823800 ) ;
#2727 = CARTESIAN_POINT ( 'NONE',  ( -7.571058161591001800, 5.569342435477963700, 16.31928853577282000 ) ) ;
#2728 = STYLED_ITEM ( 'NONE', ( #4759 ), #1549 ) ;
#2729 = DIRECTION ( 'NONE',  ( 0.0000000000000000000, -0.9954954725939522100, 0.09480909262799541700 ) ) ;
#2730 = LINE ( 'NONE', #4229, #1673 ) ;
#2731 = CARTESIAN_POINT ( 'NONE',  ( 0.0000000000000000000, 7.157156118639020000, 0.0000000000000000000 ) ) ;
#2732 = CARTESIAN_POINT ( 'NONE',  ( 8.897060037837761100, 6.438150448534719800, 15.63593370039379200 ) ) ;
#2733 = CARTESIAN_POINT ( 'NONE',  ( 5.271956612608701900, 3.669901485588562600, 17.21078047504667600 ) ) ;
#2734 = DIRECTION ( 'NONE',  ( 1.000000000000000000, -0.0000000000000000000, 0.0000000000000000000 ) ) ;
#2735 = CARTESIAN_POINT ( 'NONE',  ( -4.191725886667518900, 4.142112498812883500, 17.49484307134652300 ) ) ;
#2736 = MECHANICAL_DESIGN_GEOMETRIC_PRESENTATION_REPRESENTATION (  '', ( #884 ), #1725 ) ;
#2737 = EDGE_LOOP ( 'NONE', ( #587, #3177, #1427, #74 ) ) ;
#2738 = ORIENTED_EDGE ( 'NONE', *, *, #1679, .F. ) ;
#2739 = DIRECTION ( 'NONE',  ( -1.000000000000000000, 0.0000000000000000000, 0.0000000000000000000 ) ) ;
#2740 = SURFACE_STYLE_USAGE ( .BOTH. , #3076 ) ;
#2741 = ORIENTED_EDGE ( 'NONE', *, *, #2530, .F. ) ;
#2742 = VERTEX_POINT ( 'NONE', #4787 ) ;
#2743 = ORIENTED_EDGE ( 'NONE', *, *, #2132, .F. ) ;
#2744 = CARTESIAN_POINT ( 'NONE',  ( 4.347806859457654700, 6.448296168183424500, 17.45670861052715500 ) ) ;
#2745 = SURFACE_STYLE_FILL_AREA ( #2920 ) ;
#2746 = B_SPLINE_CURVE_WITH_KNOTS ( 'NONE', 1,
 ( #1641, #3092 ),
 .UNSPECIFIED., .F., .F.,
 ( 2, 2 ),
 ( 0.0000000000000000000, 1.000000000000000000 ),
 .UNSPECIFIED. ) ;
#2747 = MECHANICAL_DESIGN_GEOMETRIC_PRESENTATION_REPRESENTATION (  '', ( #4461 ), #3035 ) ;
#2748 = CARTESIAN_POINT ( 'NONE',  ( -6.865750854611251300, 3.433728050141748900, 16.63915458196133200 ) ) ;
#2749 = SURFACE_STYLE_USAGE ( .BOTH. , #97 ) ;
#2750 = ORIENTED_EDGE ( 'NONE', *, *, #477, .F. ) ;
#2751 = CARTESIAN_POINT ( 'NONE',  ( -2.234536819075388700, 5.526418964576848200, 17.86088296251513400 ) ) ;
#2752 = ORIENTED_EDGE ( 'NONE', *, *, #2319, .F. ) ;
#2753 = DIRECTION ( 'NONE',  ( 0.3457323320025593700, 0.0000000000000000000, -0.9383331788912039300 ) ) ;
#2754 = CARTESIAN_POINT ( 'NONE',  ( 3.835533905932737100, 58.78999999999999200, 3.835533905932737600 ) ) ;
#2755 = MECHANICAL_DESIGN_GEOMETRIC_PRESENTATION_REPRESENTATION (  '', ( #171 ), #361 ) ;
#2756 = ADVANCED_FACE ( 'NONE', ( #4258 ), #858, .F. ) ;
#2757 = PRESENTATION_STYLE_ASSIGNMENT (( #1162 ) ) ;
#2758 = VERTEX_POINT ( 'NONE', #2284 ) ;
#2759 = EDGE_CURVE ( 'NONE', #773, #4250, #3829, .T. ) ;
#2760 = SURFACE_SIDE_STYLE ('',( #3735 ) ) ;
#2761 = CARTESIAN_POINT ( 'NONE',  ( -3.611844596230366900, 6.217568360362651700, 17.62382438504646800 ) ) ;
#2762 = AXIS2_PLACEMENT_3D ( 'NONE', #2731, #3021, #424 ) ;
#2763 =( NAMED_UNIT ( * ) SI_UNIT ( $, .STERADIAN. ) SOLID_ANGLE_UNIT ( ) );
#2764 = VECTOR ( 'NONE', #2774, 1000.000000000000000 ) ;
#2765 = CARTESIAN_POINT ( 'NONE',  ( 0.2738832021956647500, 3.433728050141762600, 17.98791505404545200 ) ) ;
#2766 = CARTESIAN_POINT ( 'NONE',  ( -4.585533905932739400, 52.48999999999999500, -1.199999999999995300 ) ) ;
#2767 = CARTESIAN_POINT ( 'NONE',  ( -4.020724532121773700, 4.759057198943021500, 17.53515299966621300 ) ) ;
#2768 = AXIS2_PLACEMENT_3D ( 'NONE', #3149, #1664, #2425 ) ;
#2769 = SURFACE_STYLE_USAGE ( .BOTH. , #2351 ) ;
#2770 = SURFACE_SIDE_STYLE ('',( #3191 ) ) ;
#2771 = UNCERTAINTY_MEASURE_WITH_UNIT (LENGTH_MEASURE( 1.000000000000000100E-005 ), #1764, 'distance_accuracy_value', 'NONE');
#2772 = SURFACE_SIDE_STYLE ('',( #1399 ) ) ;
#2773 = COLOUR_RGB ( '',0.8980392156862745400, 0.9215686274509803400, 0.9294117647058823800 ) ;
#2774 = DIRECTION ( 'NONE',  ( -0.0000000000000000000, -1.000000000000000000, -0.0000000000000000000 ) ) ;
#2775 = SURFACE_STYLE_USAGE ( .BOTH. , #3520 ) ;
#2776 = EDGE_CURVE ( 'NONE', #2348, #2888, #211, .T. ) ;
#2777 =( GEOMETRIC_REPRESENTATION_CONTEXT ( 3 ) GLOBAL_UNCERTAINTY_ASSIGNED_CONTEXT ( ( #3052 ) ) GLOBAL_UNIT_ASSIGNED_CONTEXT ( ( #311, #3691, #2939 ) ) REPRESENTATION_CONTEXT ( 'NONE', 'WORKASPACE' ) );
#2778 = CARTESIAN_POINT ( 'NONE',  ( 1.392751714390312800, 4.544005854837281300, 17.93883735563136400 ) ) ;
#2779 = EDGE_CURVE ( 'NONE', #1497, #2505, #4019, .T. ) ;
#2780 = CARTESIAN_POINT ( 'NONE',  ( -4.585533905932739400, 52.48999999999999500, -1.199999999999995300 ) ) ;
#2781 = AXIS2_PLACEMENT_3D ( 'NONE', #129, #3521, #1272 ) ;
#2782 = ORIENTED_EDGE ( 'NONE', *, *, #3166, .F. ) ;
#2783 = SURFACE_STYLE_USAGE ( .BOTH. , #4296 ) ;
#2784 = CARTESIAN_POINT ( 'NONE',  ( -9.054789877000294100, 3.433728050141748900, 15.54512400347366000 ) ) ;
#2785 = EDGE_CURVE ( 'NONE', #301, #1993, #1393, .T. ) ;
#2786 = CARTESIAN_POINT ( 'NONE',  ( -6.588572907589074200, 5.455448435884843400, 16.74009578949246100 ) ) ;
#2787 = ORIENTED_EDGE ( 'NONE', *, *, #2180, .F. ) ;
#2788 = CARTESIAN_POINT ( 'NONE',  ( 2.461070877187443400, 3.433728050141748900, 17.82086502214356100 ) ) ;
#2789 = PRESENTATION_LAYER_ASSIGNMENT (  '', '', ( #1567 ) ) ;
#2790 = FILL_AREA_STYLE ('',( #4259 ) ) ;
#2791 = VERTEX_POINT ( 'NONE', #2657 ) ;
#2792 = ORIENTED_EDGE ( 'NONE', *, *, #3563, .T. ) ;
#2793 = VERTEX_POINT ( 'NONE', #702 ) ;
#2794 = FILL_AREA_STYLE ('',( #2457 ) ) ;
#2795 = PRESENTATION_LAYER_ASSIGNMENT (  '', '', ( #4758 ) ) ;
#2796 = VERTEX_POINT ( 'NONE', #2973 ) ;
#2797 =( LENGTH_UNIT ( ) NAMED_UNIT ( * ) SI_UNIT ( .MILLI., .METRE. ) );
#2798 = ORIENTED_EDGE ( 'NONE', *, *, #2103, .F. ) ;
#2799 = SURFACE_STYLE_FILL_AREA ( #2481 ) ;
#2800 = B_SPLINE_CURVE_WITH_KNOTS ( 'NONE', 3,
 ( #4196, #2712, #783, #3790 ),
 .UNSPECIFIED., .F., .F.,
 ( 4, 4 ),
 ( 0.0000000000000000000, 1.000000000000000000 ),
 .UNSPECIFIED. ) ;
#2801 = CARTESIAN_POINT ( 'NONE',  ( -6.069992146039630200, 4.107634859643888500, 16.94795637560390500 ) ) ;
#2802 = ORIENTED_EDGE ( 'NONE', *, *, #1425, .F. ) ;
#2803 = CARTESIAN_POINT ( 'NONE',  ( -9.058145367041802800, 3.433728050141728000, 15.55088465717144300 ) ) ;
#2804 = ORIENTED_EDGE ( 'NONE', *, *, #4256, .T. ) ;
#2805 = MECHANICAL_DESIGN_GEOMETRIC_PRESENTATION_REPRESENTATION (  '', ( #1284 ), #3276 ) ;
#2806 = DIRECTION ( 'NONE',  ( 0.0000000000000000000, 1.000000000000000000, 0.0000000000000000000 ) ) ;
#2807 = SURFACE_STYLE_USAGE ( .BOTH. , #4255 ) ;
#2808 = CARTESIAN_POINT ( 'NONE',  ( -3.835533905932737100, 55.63999999999999300, -3.535533905932737300 ) ) ;
#2809 = ORIENTED_EDGE ( 'NONE', *, *, #2680, .F. ) ;
#2810 = ORIENTED_EDGE ( 'NONE', *, *, #3224, .F. ) ;
#2811 = FILL_AREA_STYLE ('',( #580 ) ) ;
#2812 = CIRCLE ( 'NONE', #4424, 17.99999999999999600 ) ;
#2813 = ORIENTED_EDGE ( 'NONE', *, *, #1959, .F. ) ;
#2814 =( LENGTH_UNIT ( ) NAMED_UNIT ( * ) SI_UNIT ( .MILLI., .METRE. ) );
#2815 = CARTESIAN_POINT ( 'NONE',  ( 2.026963865985461400, 6.764561464228359400, 17.87544453953493200 ) ) ;
#2816 = LINE ( 'NONE', #1268, #2580 ) ;
#2817 = EDGE_CURVE ( 'NONE', #2503, #894, #2863, .T. ) ;
#2818 = PRESENTATION_LAYER_ASSIGNMENT (  '', '', ( #779 ) ) ;
#2819 = FACE_OUTER_BOUND ( 'NONE', #4534, .T. ) ;
#2820 = CARTESIAN_POINT ( 'NONE',  ( -3.835533905932737100, 58.78999999999999200, -3.235533905932737500 ) ) ;
#2821 =( NAMED_UNIT ( * ) SI_UNIT ( $, .STERADIAN. ) SOLID_ANGLE_UNIT ( ) );
#2822 = SURFACE_STYLE_FILL_AREA ( #3039 ) ;
#2823 = MECHANICAL_DESIGN_GEOMETRIC_PRESENTATION_REPRESENTATION (  '', ( #2329 ), #448 ) ;
#2824 =( LENGTH_UNIT ( ) NAMED_UNIT ( * ) SI_UNIT ( .MILLI., .METRE. ) );
#2825 = CARTESIAN_POINT ( 'NONE',  ( 0.5799725414400541700, 5.383779705353399300, 17.99602812123520600 ) ) ;
#2826 = UNCERTAINTY_MEASURE_WITH_UNIT (LENGTH_MEASURE( 1.000000000000000100E-005 ), #598, 'distance_accuracy_value', 'NONE');
#2827 = CARTESIAN_POINT ( 'NONE',  ( 4.217422916393454500, 5.986591480176148400, 17.48879502100006200 ) ) ;
#2828 = AXIS2_PLACEMENT_3D ( 'NONE', #2717, #2703, #3512 ) ;
#2829 =( NAMED_UNIT ( * ) SI_UNIT ( $, .STERADIAN. ) SOLID_ANGLE_UNIT ( ) );
#2830 = SURFACE_STYLE_FILL_AREA ( #3318 ) ;
#2831 = PLANE ( 'NONE',  #1610 ) ;
#2832 = SURFACE_STYLE_USAGE ( .BOTH. , #1333 ) ;
#2833 = STYLED_ITEM ( 'NONE', ( #1489 ), #19 ) ;
#2834 = CIRCLE ( 'NONE', #2515, 17.98999999999999800 ) ;
#2835 = EDGE_LOOP ( 'NONE', ( #3650, #4411, #1310, #3885 ) ) ;
#2836 = VECTOR ( 'NONE', #1727, 1000.000000000000000 ) ;
#2837 = AXIS2_PLACEMENT_3D ( 'NONE', #4628, #3551, #1292 ) ;
#2838 = CARTESIAN_POINT ( 'NONE',  ( 1.457115210756047900, 7.157156118639040400, 17.93089276256436900 ) ) ;
#2839 = EDGE_CURVE ( 'NONE', #2993, #2793, #2952, .T. ) ;
#2840 = FACE_OUTER_BOUND ( 'NONE', #4133, .T. ) ;
#2841 = AXIS2_PLACEMENT_3D ( 'NONE', #4289, #4700, #368 ) ;
#2842 = CARTESIAN_POINT ( 'NONE',  ( 0.0000000000000000000, 3.433728050141728000, 0.0000000000000000000 ) ) ;
#2843 = EDGE_LOOP ( 'NONE', ( #2463, #2669, #145, #2570 ) ) ;
#2844 = ORIENTED_EDGE ( 'NONE', *, *, #1603, .T. ) ;
#2845 = EDGE_CURVE ( 'NONE', #3183, #4132, #3513, .T. ) ;
#2846 = CARTESIAN_POINT ( 'NONE',  ( 7.038968277664660700, 6.438231380346589800, 16.56662082580604400 ) ) ;
#2847 = FILL_AREA_STYLE ('',( #3929 ) ) ;
#2848 = ORIENTED_EDGE ( 'NONE', *, *, #1855, .F. ) ;
#2849 = B_SPLINE_CURVE_WITH_KNOTS ( 'NONE', 1,
 ( #1548, #3082 ),
 .UNSPECIFIED., .F., .F.,
 ( 2, 2 ),
 ( 0.0000000000000000000, 1.000000000000000000 ),
 .UNSPECIFIED. ) ;
#2850 = VERTEX_POINT ( 'NONE', #3079 ) ;
#2851 = COLOUR_RGB ( '',0.8980392156862745400, 0.9215686274509803400, 0.9294117647058823800 ) ;
#2852 = DIRECTION ( 'NONE',  ( 0.9383331788912039300, -0.0000000000000000000, 0.3457323320025593200 ) ) ;
#2853 = ORIENTED_EDGE ( 'NONE', *, *, #3326, .T. ) ;
#2854 = UNCERTAINTY_MEASURE_WITH_UNIT (LENGTH_MEASURE( 1.000000000000000100E-005 ), #2797, 'distance_accuracy_value', 'NONE');
#2855 = DIRECTION ( 'NONE',  ( -0.3457323320025580400, -0.0000000000000000000, -0.9383331788912043800 ) ) ;
#2856 = B_SPLINE_CURVE_WITH_KNOTS ( 'NONE', 3,
 ( #3607, #170, #1712, #1819 ),
 .UNSPECIFIED., .F., .F.,
 ( 4, 4 ),
 ( 0.0000000000000000000, 1.000000000000000000 ),
 .UNSPECIFIED. ) ;
#2857 = ORIENTED_EDGE ( 'NONE', *, *, #1224, .F. ) ;
#2858 = CARTESIAN_POINT ( 'NONE',  ( 0.1402174352019356600, 4.497091266323499400, 17.99945385479418600 ) ) ;
#2859 = VERTEX_POINT ( 'NONE', #2744 ) ;
#2860 = CARTESIAN_POINT ( 'NONE',  ( 1.711285563949736000, 5.654283638820472500, 17.92130457449456700 ) ) ;
#2861 = EDGE_CURVE ( 'NONE', #4243, #887, #3257, .T. ) ;
#2862 = AXIS2_PLACEMENT_3D ( 'NONE', #4441, #706, #4053 ) ;
#2863 = LINE ( 'NONE', #3739, #102 ) ;
#2864 = FILL_AREA_STYLE_COLOUR ( '', #4743 ) ;
#2865 = DIRECTION ( 'NONE',  ( 1.063582591085940900E-017, 1.000000000000000000, -0.0000000000000000000 ) ) ;
#2866 = EDGE_CURVE ( 'NONE', #3239, #1074, #3474, .T. ) ;
#2867 =( GEOMETRIC_REPRESENTATION_CONTEXT ( 3 ) GLOBAL_UNCERTAINTY_ASSIGNED_CONTEXT ( ( #4422 ) ) GLOBAL_UNIT_ASSIGNED_CONTEXT ( ( #1811, #1402, #4388 ) ) REPRESENTATION_CONTEXT ( 'NONE', 'WORKASPACE' ) );
#2868 = COLOUR_RGB ( '',0.8980392156862745400, 0.9215686274509803400, 0.9294117647058823800 ) ;
#2869 = DIRECTION ( 'NONE',  ( 0.0000000000000000000, 1.000000000000000000, 0.0000000000000000000 ) ) ;
#2870 = CARTESIAN_POINT ( 'NONE',  ( 0.0000000000000000000, 51.98999999999999500, 0.0000000000000000000 ) ) ;
#2871 = CARTESIAN_POINT ( 'NONE',  ( -1.300406420591292600, 7.157156118639054700, 17.94293853139125300 ) ) ;
#2872 = B_SPLINE_CURVE_WITH_KNOTS ( 'NONE', 3,
 ( #1061, #3329, #3354, #4843 ),
 .UNSPECIFIED., .F., .F.,
 ( 4, 4 ),
 ( 0.0000000000000000000, 1.000000000000000000 ),
 .UNSPECIFIED. ) ;
#2873 = CARTESIAN_POINT ( 'NONE',  ( 0.0000000000000000000, 3.433728050141728000, 0.0000000000000000000 ) ) ;
#2874 = CARTESIAN_POINT ( 'NONE',  ( -8.438067349264885700, 5.916013392829452000, 15.90365499317985100 ) ) ;
#2875 = CIRCLE ( 'NONE', #1334, 18.00000000000000000 ) ;
#2876 = CARTESIAN_POINT ( 'NONE',  ( 2.485533905932738800, 52.48999999999999500, -1.200000000000004000 ) ) ;
#2877 = DIRECTION ( 'NONE',  ( -0.0000000000000000000, -1.000000000000000000, -0.0000000000000000000 ) ) ;
#2878 = CYLINDRICAL_SURFACE ( 'NONE', #500, 18.00000000000000000 ) ;
#2879 = PRESENTATION_LAYER_ASSIGNMENT (  '', '', ( #201 ) ) ;
#2880 = ORIENTED_EDGE ( 'NONE', *, *, #4263, .T. ) ;
#2881 = COLOUR_RGB ( '',0.8980392156862745400, 0.9215686274509803400, 0.9294117647058823800 ) ;
#2882 = SURFACE_SIDE_STYLE ('',( #2478 ) ) ;
#2883 = ORIENTED_EDGE ( 'NONE', *, *, #1145, .T. ) ;
#2884 = DIRECTION ( 'NONE',  ( 0.0000000000000000000, 1.000000000000000000, 0.0000000000000000000 ) ) ;
#2885 = CARTESIAN_POINT ( 'NONE',  ( 4.585533905932739400, 52.48999999999999500, 1.199999999999995300 ) ) ;
#2886 = EDGE_CURVE ( 'NONE', #762, #1319, #735, .T. ) ;
#2887 =( LENGTH_UNIT ( ) NAMED_UNIT ( * ) SI_UNIT ( .MILLI., .METRE. ) );
#2888 = VERTEX_POINT ( 'NONE', #452 ) ;
#2889 = ORIENTED_EDGE ( 'NONE', *, *, #678, .T. ) ;
#2890 = ORIENTED_EDGE ( 'NONE', *, *, #3389, .T. ) ;
#2891 =( GEOMETRIC_REPRESENTATION_CONTEXT ( 3 ) GLOBAL_UNCERTAINTY_ASSIGNED_CONTEXT ( ( #3798 ) ) GLOBAL_UNIT_ASSIGNED_CONTEXT ( ( #1753, #1331, #4337 ) ) REPRESENTATION_CONTEXT ( 'NONE', 'WORKASPACE' ) );
#2892 = EDGE_LOOP ( 'NONE', ( #1792, #4177, #4581, #3127, #3558, #2612, #1059, #3299, #4235, #2215, #1443, #3184, #4736, #1309, #4466, #2350, #4254, #1640 ) ) ;
#2893 = VERTEX_POINT ( 'NONE', #4557 ) ;
#2894 = UNCERTAINTY_MEASURE_WITH_UNIT (LENGTH_MEASURE( 1.000000000000000100E-005 ), #2262, 'distance_accuracy_value', 'NONE');
#2895 = CARTESIAN_POINT ( 'NONE',  ( -5.410857978378484900, 3.433728050141735100, 17.16748717599107000 ) ) ;
#2896 = FILL_AREA_STYLE_COLOUR ( '', #3465 ) ;
#2897 = AXIS2_PLACEMENT_3D ( 'NONE', #4154, #3409, #45 ) ;
#2898 = ORIENTED_EDGE ( 'NONE', *, *, #4713, .F. ) ;
#2899 = DIRECTION ( 'NONE',  ( -0.0000000000000000000, -1.000000000000000000, -0.0000000000000000000 ) ) ;
#2900 = SURFACE_STYLE_USAGE ( .BOTH. , #2142 ) ;
#2901 = ADVANCED_FACE ( 'NONE', ( #1533 ), #3934, .F. ) ;
#2902 = DIRECTION ( 'NONE',  ( -0.0000000000000000000, 0.0000000000000000000, 1.000000000000000000 ) ) ;
#2903 = ORIENTED_EDGE ( 'NONE', *, *, #4104, .T. ) ;
#2904 = PLANE ( 'NONE',  #4352 ) ;
#2905 = ORIENTED_EDGE ( 'NONE', *, *, #2390, .F. ) ;
#2906 = STYLED_ITEM ( 'NONE', ( #529 ), #3448 ) ;
#2907 = PLANE ( 'NONE',  #3786 ) ;
#2908 = ORIENTED_EDGE ( 'NONE', *, *, #4139, .T. ) ;
#2909 = EDGE_CURVE ( 'NONE', #301, #9, #4825, .T. ) ;
#2910 = CARTESIAN_POINT ( 'NONE',  ( -3.235533905932737500, 58.78999999999999200, -3.835533905932737600 ) ) ;
#2911 = CARTESIAN_POINT ( 'NONE',  ( 0.1402174352019356600, 4.497091266323499400, 17.99945385479418600 ) ) ;
#2912 = DIRECTION ( 'NONE',  ( -0.0000000000000000000, -1.000000000000000000, -0.0000000000000000000 ) ) ;
#2913 = CIRCLE ( 'NONE', #4115, 17.99999999999999600 ) ;
#2914 =( NAMED_UNIT ( * ) SI_UNIT ( $, .STERADIAN. ) SOLID_ANGLE_UNIT ( ) );
#2915 = AXIS2_PLACEMENT_3D ( 'NONE', #4838, #3442, #1930 ) ;
#2916 = EDGE_CURVE ( 'NONE', #4298, #4817, #4702, .T. ) ;
#2917 = CARTESIAN_POINT ( 'NONE',  ( 5.399926603580065700, 4.142248356456962100, 17.17092870743886500 ) ) ;
#2918 = FILL_AREA_STYLE_COLOUR ( '', #1967 ) ;
#2919 = PRESENTATION_LAYER_ASSIGNMENT (  '', '', ( #4012 ) ) ;
#2920 = FILL_AREA_STYLE ('',( #637 ) ) ;
#2921 = EDGE_CURVE ( 'NONE', #258, #310, #1335, .T. ) ;
#2922 = DIRECTION ( 'NONE',  ( 0.0000000000000000000, -0.9954954725939522100, 0.09480909262799543100 ) ) ;
#2923 = AXIS2_PLACEMENT_3D ( 'NONE', #3944, #925, #3595 ) ;
#2924 = SURFACE_SIDE_STYLE ('',( #2601 ) ) ;
#2925 = UNCERTAINTY_MEASURE_WITH_UNIT (LENGTH_MEASURE( 1.000000000000000100E-005 ), #1135, 'distance_accuracy_value', 'NONE');
#2926 = DIRECTION ( 'NONE',  ( -1.000000000000000000, 0.0000000000000000000, 0.0000000000000000000 ) ) ;
#2927 = UNCERTAINTY_MEASURE_WITH_UNIT (LENGTH_MEASURE( 1.000000000000000100E-005 ), #3856, 'distance_accuracy_value', 'NONE');
#2928 =( GEOMETRIC_REPRESENTATION_CONTEXT ( 3 ) GLOBAL_UNCERTAINTY_ASSIGNED_CONTEXT ( ( #2977 ) ) GLOBAL_UNIT_ASSIGNED_CONTEXT ( ( #1014, #2942, #688 ) ) REPRESENTATION_CONTEXT ( 'NONE', 'WORKASPACE' ) );
#2929 = VECTOR ( 'NONE', #963, 1000.000000000000100 ) ;
#2930 = FILL_AREA_STYLE_COLOUR ( '', #2353 ) ;
#2931 = CARTESIAN_POINT ( 'NONE',  ( -3.547996104463899700, 6.448420704369954800, 17.64686158053915900 ) ) ;
#2932 = DIRECTION ( 'NONE',  ( 1.063582591085940900E-017, 1.000000000000000000, -0.0000000000000000000 ) ) ;
#2933 = DIRECTION ( 'NONE',  ( 1.063582591085940900E-017, 1.000000000000000000, -0.0000000000000000000 ) ) ;
#2934 =( LENGTH_UNIT ( ) NAMED_UNIT ( * ) SI_UNIT ( .MILLI., .METRE. ) );
#2935 = LINE ( 'NONE', #2374, #2444 ) ;
#2936 = ORIENTED_EDGE ( 'NONE', *, *, #3755, .T. ) ;
#2937 = EDGE_LOOP ( 'NONE', ( #4458, #4583, #4058, #1818 ) ) ;
#2938 = COLOUR_RGB ( '',0.8980392156862745400, 0.9215686274509803400, 0.9294117647058823800 ) ;
#2939 =( NAMED_UNIT ( * ) SI_UNIT ( $, .STERADIAN. ) SOLID_ANGLE_UNIT ( ) );
#2940 =( GEOMETRIC_REPRESENTATION_CONTEXT ( 3 ) GLOBAL_UNCERTAINTY_ASSIGNED_CONTEXT ( ( #1748 ) ) GLOBAL_UNIT_ASSIGNED_CONTEXT ( ( #916, #1295, #1634 ) ) REPRESENTATION_CONTEXT ( 'NONE', 'WORKASPACE' ) );
#2941 = CARTESIAN_POINT ( 'NONE',  ( 5.687594160713491200, 5.755739136159496300, 17.06726025649745900 ) ) ;
#2942 =( NAMED_UNIT ( * ) PLANE_ANGLE_UNIT ( ) SI_UNIT ( $, .RADIAN. ) );
#2943 = ADVANCED_FACE ( 'NONE', ( #3510, #1077 ), #318, .T. ) ;
#2944 = ORIENTED_EDGE ( 'NONE', *, *, #1632, .F. ) ;
#2945 = CARTESIAN_POINT ( 'NONE',  ( -1.482892159573039100, 3.433728050141748900, 17.93881352941371800 ) ) ;
#2946 = ORIENTED_EDGE ( 'NONE', *, *, #4692, .T. ) ;
#2947 = EDGE_CURVE ( 'NONE', #3951, #4169, #2963, .T. ) ;
#2948 = DIRECTION ( 'NONE',  ( -1.000000000000000000, -0.0000000000000000000, -0.0000000000000000000 ) ) ;
#2949 =( GEOMETRIC_REPRESENTATION_CONTEXT ( 3 ) GLOBAL_UNCERTAINTY_ASSIGNED_CONTEXT ( ( #103 ) ) GLOBAL_UNIT_ASSIGNED_CONTEXT ( ( #3613, #1351, #240 ) ) REPRESENTATION_CONTEXT ( 'NONE', 'WORKASPACE' ) );
#2950 =( LENGTH_UNIT ( ) NAMED_UNIT ( * ) SI_UNIT ( .MILLI., .METRE. ) );
#2951 = ORIENTED_EDGE ( 'NONE', *, *, #4269, .T. ) ;
#2952 = B_SPLINE_CURVE_WITH_KNOTS ( 'NONE', 1,
 ( #4099, #2991 ),
 .UNSPECIFIED., .F., .F.,
 ( 2, 2 ),
 ( 0.0000000000000000000, 1.000000000000000000 ),
 .UNSPECIFIED. ) ;
#2953 = CARTESIAN_POINT ( 'NONE',  ( 3.235533905932737500, 58.78999999999999200, 3.835533905932737600 ) ) ;
#2954 = VERTEX_POINT ( 'NONE', #4614 ) ;
#2955 =( NAMED_UNIT ( * ) PLANE_ANGLE_UNIT ( ) SI_UNIT ( $, .RADIAN. ) );
#2956 = AXIS2_PLACEMENT_3D ( 'NONE', #4163, #1577, #793 ) ;
#2957 = SURFACE_SIDE_STYLE ('',( #4430 ) ) ;
#2958 = DIRECTION ( 'NONE',  ( 0.0000000000000000000, 0.0000000000000000000, -1.000000000000000000 ) ) ;
#2959 = ORIENTED_EDGE ( 'NONE', *, *, #4416, .T. ) ;
#2960 =( NAMED_UNIT ( * ) PLANE_ANGLE_UNIT ( ) SI_UNIT ( $, .RADIAN. ) );
#2961 = CARTESIAN_POINT ( 'NONE',  ( -3.546024995516975100, 6.448420704369954800, 17.63705776854997300 ) ) ;
#2962 = PLANE ( 'NONE',  #4694 ) ;
#2963 = CIRCLE ( 'NONE', #3124, 1.384560000000000000 ) ;
#2964 = MECHANICAL_DESIGN_GEOMETRIC_PRESENTATION_REPRESENTATION (  '', ( #201 ), #2547 ) ;
#2965 = SURFACE_STYLE_USAGE ( .BOTH. , #4128 ) ;
#2966 = SURFACE_SIDE_STYLE ('',( #3968 ) ) ;
#2967 = B_SPLINE_SURFACE_WITH_KNOTS ( 'NONE', 1, 3, ( 
 ( #4489, #439, #58, #13 ),
 ( #2727, #815, #2661, #3410 ) ),
 .UNSPECIFIED., .F., .F., .F.,
 ( 2, 2 ),
 ( 4, 4 ),
 ( 0.0000000000000000000, 1.000000000000000000 ),
 ( 0.0000000000000000000, 1.000000000000000000 ),
 .UNSPECIFIED. ) ;
#2968 = ADVANCED_FACE ( 'NONE', ( #2633 ), #2381, .F. ) ;
#2969 = FILL_AREA_STYLE ('',( #4751 ) ) ;
#2970 = STYLED_ITEM ( 'NONE', ( #4783 ), #4789 ) ;
#2971 = CARTESIAN_POINT ( 'NONE',  ( 3.835533905932737600, 52.48999999999999500, 3.835533905932737600 ) ) ;
#2972 = CARTESIAN_POINT ( 'NONE',  ( 8.897060037837761100, 6.438150448534705600, 15.63593370039379200 ) ) ;
#2973 = CARTESIAN_POINT ( 'NONE',  ( 1.457925169183372100, 7.157156118639040400, 17.94085990695712200 ) ) ;
#2974 = EDGE_CURVE ( 'NONE', #1625, #4239, #2913, .T. ) ;
#2975 = FILL_AREA_STYLE ('',( #2269 ) ) ;
#2976 = CARTESIAN_POINT ( 'NONE',  ( 0.2355437270427608600, 6.270467834533544500, 17.98852119689501400 ) ) ;
#2977 = UNCERTAINTY_MEASURE_WITH_UNIT (LENGTH_MEASURE( 1.000000000000000100E-005 ), #1014, 'distance_accuracy_value', 'NONE');
#2978 =( LENGTH_UNIT ( ) NAMED_UNIT ( * ) SI_UNIT ( .MILLI., .METRE. ) );
#2979 = PRESENTATION_LAYER_ASSIGNMENT (  '', '', ( #3077 ) ) ;
#2980 = LINE ( 'NONE', #2820, #1479 ) ;
#2981 = CARTESIAN_POINT ( 'NONE',  ( 7.215693552927583600, 3.433728050141762600, 16.47949837071017100 ) ) ;
#2982 =( LENGTH_UNIT ( ) NAMED_UNIT ( * ) SI_UNIT ( .MILLI., .METRE. ) );
#2983 = B_SPLINE_CURVE_WITH_KNOTS ( 'NONE', 3,
 ( #2295, #1201, #2682, #835 ),
 .UNSPECIFIED., .F., .F.,
 ( 4, 4 ),
 ( 0.0000000000000000000, 1.000000000000000000 ),
 .UNSPECIFIED. ) ;
#2984 = STYLED_ITEM ( 'NONE', ( #4319 ), #1956 ) ;
#2985 = SURFACE_STYLE_FILL_AREA ( #3162 ) ;
#2986 = FILL_AREA_STYLE_COLOUR ( '', #1297 ) ;
#2987 = FACE_OUTER_BOUND ( 'NONE', #2687, .T. ) ;
#2988 =( NAMED_UNIT ( * ) SI_UNIT ( $, .STERADIAN. ) SOLID_ANGLE_UNIT ( ) );
#2989 = UNCERTAINTY_MEASURE_WITH_UNIT (LENGTH_MEASURE( 1.000000000000000100E-005 ), #2349, 'distance_accuracy_value', 'NONE');
#2990 = ORIENTED_EDGE ( 'NONE', *, *, #2626, .F. ) ;
#2991 = CARTESIAN_POINT ( 'NONE',  ( -3.745338183389229900, 5.755863672348045400, 17.60603424658848600 ) ) ;
#2992 = PRESENTATION_LAYER_ASSIGNMENT (  '', '', ( #2176 ) ) ;
#2993 = VERTEX_POINT ( 'NONE', #1694 ) ;
#2994 = CARTESIAN_POINT ( 'NONE',  ( -3.743257439954013500, 5.755863672348045400, 17.59625311645148900 ) ) ;
#2995 = CIRCLE ( 'NONE', #3525, 18.00000000000000400 ) ;
#2996 = FILL_AREA_STYLE ('',( #389 ) ) ;
#2997 = FILL_AREA_STYLE ('',( #3304 ) ) ;
#2998 = DIRECTION ( 'NONE',  ( 0.0000000000000000000, 0.0000000000000000000, -1.000000000000000000 ) ) ;
#2999 = EDGE_CURVE ( 'NONE', #659, #901, #965, .T. ) ;
#3000 = EDGE_LOOP ( 'NONE', ( #2450, #1203, #4687, #2324 ) ) ;
#3001 = PLANE ( 'NONE',  #2357 ) ;
#3002 = EDGE_LOOP ( 'NONE', ( #2413, #364 ) ) ;
#3003 = PRESENTATION_LAYER_ASSIGNMENT (  '', '', ( #2185 ) ) ;
#3004 = ORIENTED_EDGE ( 'NONE', *, *, #2658, .F. ) ;
#3005 = EDGE_LOOP ( 'NONE', ( #3539, #1123, #3883, #3126 ) ) ;
#3006 = CARTESIAN_POINT ( 'NONE',  ( 3.791160557074633600, 4.450675420687617600, 17.59644437332485000 ) ) ;
#3007 = CARTESIAN_POINT ( 'NONE',  ( -3.835533905932737100, 58.78999999999999200, -3.235533905932737500 ) ) ;
#3008 = EDGE_CURVE ( 'NONE', #3776, #428, #132, .T. ) ;
#3009 =( NAMED_UNIT ( * ) PLANE_ANGLE_UNIT ( ) SI_UNIT ( $, .RADIAN. ) );
#3010 = VERTEX_POINT ( 'NONE', #2451 ) ;
#3011 = EDGE_LOOP ( 'NONE', ( #2681, #2271, #2903, #4247 ) ) ;
#3012 = AXIS2_PLACEMENT_3D ( 'NONE', #175, #4300, #4646 ) ;
#3013 = DIRECTION ( 'NONE',  ( 0.0000000000000000000, 0.0000000000000000000, -1.000000000000000000 ) ) ;
#3014 = DIRECTION ( 'NONE',  ( -0.0000000000000000000, -1.000000000000000000, -0.0000000000000000000 ) ) ;
#3015 = SURFACE_STYLE_USAGE ( .BOTH. , #2694 ) ;
#3016 = SURFACE_SIDE_STYLE ('',( #454 ) ) ;
#3017 = ORIENTED_EDGE ( 'NONE', *, *, #1715, .T. ) ;
#3018 = B_SPLINE_CURVE_WITH_KNOTS ( 'NONE', 3,
 ( #4435, #2604, #740, #1883 ),
 .UNSPECIFIED., .F., .F.,
 ( 4, 4 ),
 ( 0.0000000000000000000, 1.000000000000000000 ),
 .UNSPECIFIED. ) ;
#3019 = EDGE_CURVE ( 'NONE', #3828, #948, #2816, .T. ) ;
#3020 = MECHANICAL_DESIGN_GEOMETRIC_PRESENTATION_REPRESENTATION (  '', ( #4818 ), #3263 ) ;
#3021 = DIRECTION ( 'NONE',  ( 0.0000000000000000000, 1.000000000000000000, 0.0000000000000000000 ) ) ;
#3022 = VERTEX_POINT ( 'NONE', #128 ) ;
#3023 = ORIENTED_EDGE ( 'NONE', *, *, #494, .F. ) ;
#3024 = CARTESIAN_POINT ( 'NONE',  ( 5.625453951458669400, 5.526335940448615400, 17.08796822520431000 ) ) ;
#3025 = CIRCLE ( 'NONE', #2199, 18.00000000000000000 ) ;
#3026 = ORIENTED_EDGE ( 'NONE', *, *, #1593, .T. ) ;
#3027 = MECHANICAL_DESIGN_GEOMETRIC_PRESENTATION_REPRESENTATION (  '', ( #4610 ), #4519 ) ;
#3028 = VECTOR ( 'NONE', #1537, 1000.000000000000100 ) ;
#3029 = CARTESIAN_POINT ( 'NONE',  ( 9.081006546073034300, 7.157156118639040400, 15.54140663228971200 ) ) ;
#3030 =( LENGTH_UNIT ( ) NAMED_UNIT ( * ) SI_UNIT ( .MILLI., .METRE. ) );
#3031 = PRESENTATION_STYLE_ASSIGNMENT (( #3500 ) ) ;
#3032 = DIRECTION ( 'NONE',  ( -0.07228495945476955100, 3.854941057726238100E-016, 0.9973840206443163000 ) ) ;
#3033 = FACE_OUTER_BOUND ( 'NONE', #4793, .T. ) ;
#3034 = DIRECTION ( 'NONE',  ( 0.0000000000000000000, -0.0000000000000000000, 1.000000000000000000 ) ) ;
#3035 =( GEOMETRIC_REPRESENTATION_CONTEXT ( 3 ) GLOBAL_UNCERTAINTY_ASSIGNED_CONTEXT ( ( #3919 ) ) GLOBAL_UNIT_ASSIGNED_CONTEXT ( ( #2544, #4041, #269 ) ) REPRESENTATION_CONTEXT ( 'NONE', 'WORKASPACE' ) );
#3036 = CARTESIAN_POINT ( 'NONE',  ( -7.111850766184331500, 4.107634857241710500, 16.52678945733958600 ) ) ;
#3037 = PRESENTATION_STYLE_ASSIGNMENT (( #3388 ) ) ;
#3038 = CARTESIAN_POINT ( 'NONE',  ( 0.0000000000000000000, 52.48999999999999500, 0.0000000000000000000 ) ) ;
#3039 = FILL_AREA_STYLE ('',( #809 ) ) ;
#3040 = VECTOR ( 'NONE', #2734, 1000.000000000000000 ) ;
#3041 = B_SPLINE_CURVE_WITH_KNOTS ( 'NONE', 1,
 ( #3647, #1787 ),
 .UNSPECIFIED., .F., .F.,
 ( 2, 2 ),
 ( 0.0000000000000000000, 1.000000000000000000 ),
 .UNSPECIFIED. ) ;
#3042 = CARTESIAN_POINT ( 'NONE',  ( -2.298274621335166600, 5.296974256828389300, 17.84271066823931300 ) ) ;
#3043 = PRESENTATION_STYLE_ASSIGNMENT (( #828 ) ) ;
#3044 = CARTESIAN_POINT ( 'NONE',  ( 0.0000000000000000000, 52.00000000000000000, 0.0000000000000000000 ) ) ;
#3045 = EDGE_CURVE ( 'NONE', #1306, #3905, #1709, .T. ) ;
#3046 =( NAMED_UNIT ( * ) SI_UNIT ( $, .STERADIAN. ) SOLID_ANGLE_UNIT ( ) );
#3047 = CARTESIAN_POINT ( 'NONE',  ( -7.575266643059368500, 5.569342435477963700, 16.32835984679881800 ) ) ;
#3048 = CARTESIAN_POINT ( 'NONE',  ( 3.159911496188699100E-016, 47.38456000000000800, 0.0000000000000000000 ) ) ;
#3049 = MECHANICAL_DESIGN_GEOMETRIC_PRESENTATION_REPRESENTATION (  '', ( #2728 ), #3295 ) ;
#3050 = COLOUR_RGB ( '',0.8980392156862745400, 0.9215686274509803400, 0.9294117647058823800 ) ;
#3051 = DIRECTION ( 'NONE',  ( -0.0000000000000000000, -1.000000000000000000, -0.0000000000000000000 ) ) ;
#3052 = UNCERTAINTY_MEASURE_WITH_UNIT (LENGTH_MEASURE( 1.000000000000000100E-005 ), #311, 'distance_accuracy_value', 'NONE');
#3053 =( NAMED_UNIT ( * ) SI_UNIT ( $, .STERADIAN. ) SOLID_ANGLE_UNIT ( ) );
#3054 = PRESENTATION_LAYER_ASSIGNMENT (  '', '', ( #4215 ) ) ;
#3055 = CARTESIAN_POINT ( 'NONE',  ( 2.725817726116711400, 5.916013392737285800, 17.79598974088208500 ) ) ;
#3056 = ORIENTED_EDGE ( 'NONE', *, *, #3461, .F. ) ;
#3057 = CARTESIAN_POINT ( 'NONE',  ( 1.075260010820365600, 3.433728050141735100, 17.96785507257698500 ) ) ;
#3058 = AXIS2_PLACEMENT_3D ( 'NONE', #1285, #2806, #4840 ) ;
#3059 = ORIENTED_EDGE ( 'NONE', *, *, #816, .F. ) ;
#3060 = FILL_AREA_STYLE ('',( #3729 ) ) ;
#3061 = ORIENTED_EDGE ( 'NONE', *, *, #2471, .F. ) ;
#3062 = EDGE_LOOP ( 'NONE', ( #892, #2145, #2164, #2035, #292 ) ) ;
#3063 = DIRECTION ( 'NONE',  ( 1.063582591085940900E-017, 1.000000000000000000, -0.0000000000000000000 ) ) ;
#3064 = CIRCLE ( 'NONE', #760, 18.00000000000000000 ) ;
#3065 = CARTESIAN_POINT ( 'NONE',  ( 5.500837962627832300, 5.067529549049550200, 17.12836482881283500 ) ) ;
#3066 = EDGE_CURVE ( 'NONE', #3715, #3067, #671, .T. ) ;
#3067 = VERTEX_POINT ( 'NONE', #160 ) ;
#3068 = CARTESIAN_POINT ( 'NONE',  ( -6.066619922591035800, 4.107634845389442000, 16.93854084618876900 ) ) ;
#3069 = ORIENTED_EDGE ( 'NONE', *, *, #3102, .F. ) ;
#3070 = ORIENTED_EDGE ( 'NONE', *, *, #3616, .F. ) ;
#3071 = LINE ( 'NONE', #1796, #1257 ) ;
#3072 = DIRECTION ( 'NONE',  ( 0.3457323320025580400, -0.0000000000000000000, 0.9383331788912043800 ) ) ;
#3073 = STYLED_ITEM ( 'NONE', ( #578 ), #4560 ) ;
#3074 = ORIENTED_EDGE ( 'NONE', *, *, #3194, .F. ) ;
#3075 = EDGE_CURVE ( 'NONE', #2850, #4800, #4119, .T. ) ;
#3076 = SURFACE_SIDE_STYLE ('',( #2822 ) ) ;
#3077 = STYLED_ITEM ( 'NONE', ( #614 ), #1150 ) ;
#3078 = PLANE ( 'NONE',  #1339 ) ;
#3079 = CARTESIAN_POINT ( 'NONE',  ( -9.054789877000294100, 3.433728050141748900, 15.54512400347366000 ) ) ;
#3080 = EDGE_LOOP ( 'NONE', ( #831, #4017, #2458, #4473 ) ) ;
#3081 = UNCERTAINTY_MEASURE_WITH_UNIT (LENGTH_MEASURE( 1.000000000000000100E-005 ), #474, 'distance_accuracy_value', 'NONE');
#3082 = CARTESIAN_POINT ( 'NONE',  ( 8.002163781949512600, 6.438231380337257700, 16.12344177918770100 ) ) ;
#3083 = CARTESIAN_POINT ( 'NONE',  ( 2.026963865985461400, 6.764561464228359400, 17.87544453953493200 ) ) ;
#3084 = CARTESIAN_POINT ( 'NONE',  ( -1.875829663433931800, 5.147127051399765600, 17.89426503819391500 ) ) ;
#3085 = CARTESIAN_POINT ( 'NONE',  ( 2.462438898797886900, 3.433728050141748900, 17.83077100603580300 ) ) ;
#3086 = EDGE_CURVE ( 'NONE', #417, #3828, #3720, .T. ) ;
#3087 = CARTESIAN_POINT ( 'NONE',  ( 0.0000000000000000000, 5.755739136159475000, 0.0000000000000000000 ) ) ;
#3088 = EDGE_LOOP ( 'NONE', ( #1803, #3567, #3070, #2810 ) ) ;
#3089 = PRESENTATION_LAYER_ASSIGNMENT (  '', '', ( #1056 ) ) ;
#3090 = CARTESIAN_POINT ( 'NONE',  ( -6.328786680185284100, 4.781541640637136000, 16.84234254609177100 ) ) ;
#3091 = SURFACE_SIDE_STYLE ('',( #3475 ) ) ;
#3092 = CARTESIAN_POINT ( 'NONE',  ( -5.805581988862653200, 3.433728050141735100, 17.03805205328923800 ) ) ;
#3093 = VECTOR ( 'NONE', #1227, 1000.000000000000000 ) ;
#3094 = CARTESIAN_POINT ( 'NONE',  ( 3.159911496188699100E-016, 47.38456000000000800, 0.0000000000000000000 ) ) ;
#3095 = DIRECTION ( 'NONE',  ( -1.000000000000000000, 0.0000000000000000000, 0.0000000000000000000 ) ) ;
#3096 = VECTOR ( 'NONE', #4455, 1000.000000000000000 ) ;
#3097 = PRESENTATION_LAYER_ASSIGNMENT (  '', '', ( #1139 ) ) ;
#3098 = CARTESIAN_POINT ( 'NONE',  ( -1.876872370302619600, 5.147127051412748100, 17.90421182254021900 ) ) ;
#3099 = DIRECTION ( 'NONE',  ( 0.05973666726779810300, 3.854941057726238600E-016, 0.9982141706987215400 ) ) ;
#3100 = CARTESIAN_POINT ( 'NONE',  ( 3.075691950355146100, 7.157156118639040400, 17.72512959124757600 ) ) ;
#3101 = CARTESIAN_POINT ( 'NONE',  ( 0.2740354441090586700, 3.433728050141748900, 17.99791389509828600 ) ) ;
#3102 = EDGE_CURVE ( 'NONE', #646, #2172, #918, .T. ) ;
#3103 = FILL_AREA_STYLE_COLOUR ( '', #3889 ) ;
#3104 = CARTESIAN_POINT ( 'NONE',  ( -2.364520464394884500, 5.067529549057189400, 17.84401980982586300 ) ) ;
#3105 =( NAMED_UNIT ( * ) PLANE_ANGLE_UNIT ( ) SI_UNIT ( $, .RADIAN. ) );
#3106 = DIRECTION ( 'NONE',  ( -1.000000000000000000, 0.0000000000000000000, 0.0000000000000000000 ) ) ;
#3107 = PRESENTATION_STYLE_ASSIGNMENT (( #2769 ) ) ;
#3108 = B_SPLINE_CURVE_WITH_KNOTS ( 'NONE', 1,
 ( #86, #2480 ),
 .UNSPECIFIED., .F., .F.,
 ( 2, 2 ),
 ( 0.0000000000000000000, 1.000000000000000000 ),
 .UNSPECIFIED. ) ;
#3109 = AXIS2_PLACEMENT_3D ( 'NONE', #4372, #2174, #3672 ) ;
#3110 = FACE_OUTER_BOUND ( 'NONE', #2148, .T. ) ;
#3111 = CARTESIAN_POINT ( 'NONE',  ( 1.457925169183372100, 7.157156118639040400, 17.94085990695712200 ) ) ;
#3112 = PRESENTATION_STYLE_ASSIGNMENT (( #1379 ) ) ;
#3113 = CARTESIAN_POINT ( 'NONE',  ( 0.0000000000000000000, 49.92639999999999400, 0.0000000000000000000 ) ) ;
#3114 = EDGE_CURVE ( 'NONE', #2331, #3776, #3041, .T. ) ;
#3115 = LINE ( 'NONE', #1460, #2139 ) ;
#3116 = B_SPLINE_CURVE_WITH_KNOTS ( 'NONE', 1,
 ( #3800, #493 ),
 .UNSPECIFIED., .F., .F.,
 ( 2, 2 ),
 ( 0.0000000000000000000, 1.000000000000000000 ),
 .UNSPECIFIED. ) ;
#3117 = DIRECTION ( 'NONE',  ( -0.0000000000000000000, -1.000000000000000000, -0.0000000000000000000 ) ) ;
#3118 = DIRECTION ( 'NONE',  ( -0.3457323320025593700, -0.0000000000000000000, 0.9383331788912039300 ) ) ;
#3119 = CARTESIAN_POINT ( 'NONE',  ( 3.235533905932737500, 52.48999999999999500, 3.235533905932737500 ) ) ;
#3120 = FACE_OUTER_BOUND ( 'NONE', #2892, .T. ) ;
#3121 = CARTESIAN_POINT ( 'NONE',  ( 5.207807196544419700, 3.433728050141748900, 17.23016959300227300 ) ) ;
#3122 = CARTESIAN_POINT ( 'NONE',  ( 0.1402174352019356600, 4.497091266323499400, 17.99945385479418600 ) ) ;
#3123 = CARTESIAN_POINT ( 'NONE',  ( 3.835533905932737100, 55.63999999999999300, 4.135533905932737400 ) ) ;
#3124 = AXIS2_PLACEMENT_3D ( 'NONE', #3868, #2043, #3913 ) ;
#3125 = ADVANCED_FACE ( 'NONE', ( #94 ), #4015, .T. ) ;
#3126 = ORIENTED_EDGE ( 'NONE', *, *, #1270, .F. ) ;
#3127 = ORIENTED_EDGE ( 'NONE', *, *, #4236, .F. ) ;
#3128 = ORIENTED_EDGE ( 'NONE', *, *, #2839, .T. ) ;
#3129 = VERTEX_POINT ( 'NONE', #261 ) ;
#3130 = CARTESIAN_POINT ( 'NONE',  ( -9.056467622021049400, 3.433728050141728000, 15.54800433032255000 ) ) ;
#3131 = PRESENTATION_LAYER_ASSIGNMENT (  '', '', ( #14 ) ) ;
#3132 = DIRECTION ( 'NONE',  ( 0.0000000000000000000, 0.0000000000000000000, -1.000000000000000000 ) ) ;
#3133 = CARTESIAN_POINT ( 'NONE',  ( -5.407851946168271700, 3.433728050141748900, 17.15794968311552200 ) ) ;
#3134 = EDGE_LOOP ( 'NONE', ( #3358, #4498, #2456, #356 ) ) ;
#3135 = B_SPLINE_CURVE_WITH_KNOTS ( 'NONE', 3,
 ( #3379, #4105, #3393, #336 ),
 .UNSPECIFIED., .F., .F.,
 ( 4, 4 ),
 ( 0.0000000000000000000, 1.000000000000000000 ),
 .UNSPECIFIED. ) ;
#3136 = CARTESIAN_POINT ( 'NONE',  ( -6.112394054107636700, 7.157156118639040400, 16.93040575199866600 ) ) ;
#3137 = ORIENTED_EDGE ( 'NONE', *, *, #2291, .F. ) ;
#3138 = MECHANICAL_DESIGN_GEOMETRIC_PRESENTATION_REPRESENTATION (  '', ( #3220 ), #1381 ) ;
#3139 = VERTEX_POINT ( 'NONE', #2534 ) ;
#3140 = DIRECTION ( 'NONE',  ( 0.0000000000000000000, -0.09480909262799543100, -0.9954954725939522100 ) ) ;
#3141 = ORIENTED_EDGE ( 'NONE', *, *, #335, .T. ) ;
#3142 = B_SPLINE_CURVE_WITH_KNOTS ( 'NONE', 3,
 ( #4038, #1869, #1898, #4476 ),
 .UNSPECIFIED., .F., .F.,
 ( 4, 4 ),
 ( 0.0000000000000000000, 1.000000000000000000 ),
 .UNSPECIFIED. ) ;
#3143 = EDGE_CURVE ( 'NONE', #2214, #11, #1398, .T. ) ;
#3144 = CARTESIAN_POINT ( 'NONE',  ( -4.585533905932739400, 52.48999999999999500, -1.199999999999995300 ) ) ;
#3145 = CARTESIAN_POINT ( 'NONE',  ( 5.207807196544419700, 3.433728050141748900, 17.23016959300227300 ) ) ;
#3146 = UNCERTAINTY_MEASURE_WITH_UNIT (LENGTH_MEASURE( 1.000000000000000100E-005 ), #908, 'distance_accuracy_value', 'NONE');
#3147 = FACE_OUTER_BOUND ( 'NONE', #3847, .T. ) ;
#3148 = EDGE_LOOP ( 'NONE', ( #3439, #4400, #3189, #140 ) ) ;
#3149 = CARTESIAN_POINT ( 'NONE',  ( 0.0000000000000000000, 7.157156118639020000, 0.0000000000000000000 ) ) ;
#3150 = B_SPLINE_CURVE_WITH_KNOTS ( 'NONE', 3,
 ( #3453, #1202, #2778, #1653 ),
 .UNSPECIFIED., .F., .F.,
 ( 4, 4 ),
 ( 0.0000000000000000000, 1.000000000000000000 ),
 .UNSPECIFIED. ) ;
#3151 = PRESENTATION_LAYER_ASSIGNMENT (  '', '', ( #2667 ) ) ;
#3152 = CARTESIAN_POINT ( 'NONE',  ( 5.396926644355814600, 4.142248356456969200, 17.16138930260141400 ) ) ;
#3153 = FILL_AREA_STYLE ('',( #3862 ) ) ;
#3154 = CARTESIAN_POINT ( 'NONE',  ( 0.0000000000000000000, 4.142112498812848800, 0.0000000000000000000 ) ) ;
#3155 = COLOUR_RGB ( '',0.1019607843137254900, 0.1019607843137254900, 0.1019607843137254900 ) ;
#3156 = CARTESIAN_POINT ( 'NONE',  ( -2.485533905932738400, 52.48999999999999500, -1.199999999999995700 ) ) ;
#3157 =( GEOMETRIC_REPRESENTATION_CONTEXT ( 3 ) GLOBAL_UNCERTAINTY_ASSIGNED_CONTEXT ( ( #2489 ) ) GLOBAL_UNIT_ASSIGNED_CONTEXT ( ( #219, #3215, #615 ) ) REPRESENTATION_CONTEXT ( 'NONE', 'WORKASPACE' ) );
#3158 = COLOUR_RGB ( '',0.8980392156862745400, 0.9215686274509803400, 0.9294117647058823800 ) ;
#3159 = CARTESIAN_POINT ( 'NONE',  ( -5.503688933846711400, 6.589919456452920900, 17.14774377346898900 ) ) ;
#3160 = FILL_AREA_STYLE_COLOUR ( '', #1034 ) ;
#3161 = EDGE_CURVE ( 'NONE', #4169, #488, #1073, .T. ) ;
#3162 = FILL_AREA_STYLE ('',( #1714 ) ) ;
#3163 = MECHANICAL_DESIGN_GEOMETRIC_PRESENTATION_REPRESENTATION (  '', ( #392 ), #2777 ) ;
#3164 = CARTESIAN_POINT ( 'NONE',  ( -2.142243894490854800, 3.433728050141735100, 17.87206734254648700 ) ) ;
#3165 = UNCERTAINTY_MEASURE_WITH_UNIT (LENGTH_MEASURE( 1.000000000000000100E-005 ), #1063, 'distance_accuracy_value', 'NONE');
#3166 = EDGE_CURVE ( 'NONE', #1506, #3764, #2290, .T. ) ;
#3167 = CARTESIAN_POINT ( 'NONE',  ( 6.236129580110771900, 3.433728050141735100, 16.88522098937610500 ) ) ;
#3168 = COLOUR_RGB ( '',0.8980392156862745400, 0.9215686274509803400, 0.9294117647058823800 ) ;
#3169 =( GEOMETRIC_REPRESENTATION_CONTEXT ( 3 ) GLOBAL_UNCERTAINTY_ASSIGNED_CONTEXT ( ( #4361 ) ) GLOBAL_UNIT_ASSIGNED_CONTEXT ( ( #4711, #1772, #2560 ) ) REPRESENTATION_CONTEXT ( 'NONE', 'WORKASPACE' ) );
#3170 = DIRECTION ( 'NONE',  ( -1.000000000000000000, 0.0000000000000000000, 0.0000000000000000000 ) ) ;
#3171 = EDGE_CURVE ( 'NONE', #659, #2505, #2574, .T. ) ;
#3172 = CARTESIAN_POINT ( 'NONE',  ( 5.983915603444105900, 6.443495864422721400, 16.97624086925188900 ) ) ;
#3173 = CARTESIAN_POINT ( 'NONE',  ( -1.482892159573039100, 3.433728050141748900, 17.93881352941371800 ) ) ;
#3174 = ORIENTED_EDGE ( 'NONE', *, *, #3858, .F. ) ;
#3175 = CARTESIAN_POINT ( 'NONE',  ( 5.447502315142572500, 6.445095969590843400, 17.16531993984731500 ) ) ;
#3176 = ORIENTED_EDGE ( 'NONE', *, *, #4692, .F. ) ;
#3177 = ORIENTED_EDGE ( 'NONE', *, *, #4350, .F. ) ;
#3178 = ORIENTED_EDGE ( 'NONE', *, *, #3245, .T. ) ;
#3179 = EDGE_LOOP ( 'NONE', ( #2502, #4396, #2275, #360, #2666 ) ) ;
#3180 = CARTESIAN_POINT ( 'NONE',  ( 3.235533905932737500, 51.98999999999999500, 3.835533905932737600 ) ) ;
#3181 = AXIS2_PLACEMENT_3D ( 'NONE', #633, #2884, #2576 ) ;
#3182 = CARTESIAN_POINT ( 'NONE',  ( -1.670934548573519900, 7.157156118639020000, 17.91892822814731200 ) ) ;
#3183 = VERTEX_POINT ( 'NONE', #1805 ) ;
#3184 = ORIENTED_EDGE ( 'NONE', *, *, #2909, .T. ) ;
#3185 = CARTESIAN_POINT ( 'NONE',  ( 4.285040880650865500, 6.217443824166738700, 17.48264673914572500 ) ) ;
#3186 = ORIENTED_EDGE ( 'NONE', *, *, #4040, .F. ) ;
#3187 = PRESENTATION_STYLE_ASSIGNMENT (( #4445 ) ) ;
#3188 = CARTESIAN_POINT ( 'NONE',  ( 1.445702375569673600, 5.654282984980114600, 17.95142005078770000 ) ) ;
#3189 = ORIENTED_EDGE ( 'NONE', *, *, #530, .F. ) ;
#3190 = SURFACE_STYLE_USAGE ( .BOTH. , #980 ) ;
#3191 = SURFACE_STYLE_FILL_AREA ( #1571 ) ;
#3192 = CARTESIAN_POINT ( 'NONE',  ( 2.204364238465235000E-015, 49.92639999999999400, 18.00000000000000000 ) ) ;
#3193 = VERTEX_POINT ( 'NONE', #4718 ) ;
#3194 = EDGE_CURVE ( 'NONE', #1364, #2213, #515, .T. ) ;
#3195 = CARTESIAN_POINT ( 'NONE',  ( 5.399926603580025700, 4.142248356456969200, 17.17092870743887900 ) ) ;
#3196 = FACE_OUTER_BOUND ( 'NONE', #604, .T. ) ;
#3197 = SURFACE_STYLE_FILL_AREA ( #4387 ) ;
#3198 = STYLED_ITEM ( 'NONE', ( #927 ), #620 ) ;
#3199 = ORIENTED_EDGE ( 'NONE', *, *, #505, .F. ) ;
#3200 = CARTESIAN_POINT ( 'NONE',  ( 0.0000000000000000000, 46.00000000000000700, 0.0000000000000000000 ) ) ;
#3201 = EDGE_CURVE ( 'NONE', #703, #2268, #3025, .T. ) ;
#3202 = B_SPLINE_CURVE_WITH_KNOTS ( 'NONE', 3,
 ( #3713, #1491, #345, #4100 ),
 .UNSPECIFIED., .F., .F.,
 ( 4, 4 ),
 ( 0.0000000000000000000, 1.000000000000000000 ),
 .UNSPECIFIED. ) ;
#3203 = AXIS2_PLACEMENT_3D ( 'NONE', #4347, #2877, #609 ) ;
#3204 = SURFACE_STYLE_USAGE ( .BOTH. , #234 ) ;
#3205 = FILL_AREA_STYLE_COLOUR ( '', #2314 ) ;
#3206 =( GEOMETRIC_REPRESENTATION_CONTEXT ( 3 ) GLOBAL_UNCERTAINTY_ASSIGNED_CONTEXT ( ( #547 ) ) GLOBAL_UNIT_ASSIGNED_CONTEXT ( ( #1046, #1871, #4442 ) ) REPRESENTATION_CONTEXT ( 'NONE', 'WORKASPACE' ) );
#3207 = APPLICATION_PROTOCOL_DEFINITION ( 'draft international standard', 'automotive_design', 1998, #2128 ) ;
#3208 = CARTESIAN_POINT ( 'NONE',  ( 3.702936794065946100, 4.142248356456976300, 17.60478227923176000 ) ) ;
#3209 = VECTOR ( 'NONE', #1499, 1000.000000000000100 ) ;
#3210 = AXIS2_PLACEMENT_3D ( 'NONE', #833, #3820, #1217 ) ;
#3211 = UNCERTAINTY_MEASURE_WITH_UNIT (LENGTH_MEASURE( 1.000000000000000100E-005 ), #1990, 'distance_accuracy_value', 'NONE');
#3212 = COLOUR_RGB ( '',0.8980392156862745400, 0.9215686274509803400, 0.9294117647058823800 ) ;
#3213 = FILL_AREA_STYLE ('',( #93 ) ) ;
#3214 = LINE ( 'NONE', #4607, #2081 ) ;
#3215 =( NAMED_UNIT ( * ) PLANE_ANGLE_UNIT ( ) SI_UNIT ( $, .RADIAN. ) );
#3216 = DIRECTION ( 'NONE',  ( 0.0000000000000000000, -0.0000000000000000000, 1.000000000000000000 ) ) ;
#3217 = CARTESIAN_POINT ( 'NONE',  ( 3.835533905932737100, 55.63999999999999300, 4.135533905932737400 ) ) ;
#3218 = B_SPLINE_CURVE_WITH_KNOTS ( 'NONE', 3,
 ( #803, #3437, #1587, #4599 ),
 .UNSPECIFIED., .F., .F.,
 ( 4, 4 ),
 ( 0.0000000000000000000, 1.000000000000000000 ),
 .UNSPECIFIED. ) ;
#3219 =( NAMED_UNIT ( * ) SI_UNIT ( $, .STERADIAN. ) SOLID_ANGLE_UNIT ( ) );
#3220 = STYLED_ITEM ( 'NONE', ( #1173 ), #4765 ) ;
#3221 = SURFACE_STYLE_FILL_AREA ( #2519 ) ;
#3222 = CARTESIAN_POINT ( 'NONE',  ( 3.835533905932737100, 55.63999999999999300, 3.535533905932737300 ) ) ;
#3223 = CARTESIAN_POINT ( 'NONE',  ( -5.805581988862653200, 3.433728050141735100, 17.03805205328923800 ) ) ;
#3224 = EDGE_CURVE ( 'NONE', #543, #4753, #3861, .T. ) ;
#3225 = ORIENTED_EDGE ( 'NONE', *, *, #776, .T. ) ;
#3226 = FACE_OUTER_BOUND ( 'NONE', #4517, .T. ) ;
#3227 = CARTESIAN_POINT ( 'NONE',  ( 3.235533905932737500, 52.48999999999999500, 3.235533905932737500 ) ) ;
#3228 = EDGE_LOOP ( 'NONE', ( #3756, #538, #1138, #4510 ) ) ;
#3229 = VERTEX_POINT ( 'NONE', #1348 ) ;
#3230 = CARTESIAN_POINT ( 'NONE',  ( 1.019601605700041200, 6.270467679609137000, 17.97647932312572600 ) ) ;
#3231 = CARTESIAN_POINT ( 'NONE',  ( -9.054789877000294100, 3.433728050141748900, 15.54512400347366000 ) ) ;
#3232 = ORIENTED_EDGE ( 'NONE', *, *, #2974, .T. ) ;
#3233 = AXIS2_PLACEMENT_3D ( 'NONE', #1626, #4553, #4219 ) ;
#3234 = VERTEX_POINT ( 'NONE', #3222 ) ;
#3235 = ORIENTED_EDGE ( 'NONE', *, *, #1078, .T. ) ;
#3236 = LINE ( 'NONE', #692, #4691 ) ;
#3237 = CARTESIAN_POINT ( 'NONE',  ( -8.115225693361415100, 7.157156118639040400, 16.05562866865719200 ) ) ;
#3238 = ORIENTED_EDGE ( 'NONE', *, *, #1054, .T. ) ;
#3239 = VERTEX_POINT ( 'NONE', #2732 ) ;
#3240 = SURFACE_STYLE_FILL_AREA ( #1729 ) ;
#3241 = MECHANICAL_DESIGN_GEOMETRIC_PRESENTATION_REPRESENTATION (  '', ( #1307 ), #3740 ) ;
#3242 = CARTESIAN_POINT ( 'NONE',  ( 4.154406793700010400, 5.755739136159496300, 17.51402021788427600 ) ) ;
#3243 = ORIENTED_EDGE ( 'NONE', *, *, #1982, .T. ) ;
#3244 =( NAMED_UNIT ( * ) PLANE_ANGLE_UNIT ( ) SI_UNIT ( $, .RADIAN. ) );
#3245 = EDGE_CURVE ( 'NONE', #2954, #4800, #3247, .T. ) ;
#3246 = ORIENTED_EDGE ( 'NONE', *, *, #1658, .F. ) ;
#3247 = B_SPLINE_CURVE_WITH_KNOTS ( 'NONE', 3,
 ( #18, #2874, #2201, #3681 ),
 .UNSPECIFIED., .F., .F.,
 ( 4, 4 ),
 ( 0.0000000000000000000, 1.000000000000000000 ),
 .UNSPECIFIED. ) ;
#3248 = CARTESIAN_POINT ( 'NONE',  ( -7.571058161590995500, 5.569342435477977900, 16.31928853577282400 ) ) ;
#3249 = ORIENTED_EDGE ( 'NONE', *, *, #1658, .T. ) ;
#3250 = AXIS2_PLACEMENT_3D ( 'NONE', #642, #2582, #4634 ) ;
#3251 = FACE_OUTER_BOUND ( 'NONE', #3005, .T. ) ;
#3252 = ORIENTED_EDGE ( 'NONE', *, *, #161, .T. ) ;
#3253 = FILL_AREA_STYLE_COLOUR ( '', #2064 ) ;
#3254 = CARTESIAN_POINT ( 'NONE',  ( -8.746752062761773400, 4.674870739640846700, 15.72455117828918200 ) ) ;
#3255 = DIRECTION ( 'NONE',  ( -7.228014483236692600E-016, 0.0000000000000000000, -1.000000000000000000 ) ) ;
#3256 = AXIS2_PLACEMENT_3D ( 'NONE', #568, #2869, #3216 ) ;
#3257 = CIRCLE ( 'NONE', #2705, 17.99999999999999600 ) ;
#3258 = DIRECTION ( 'NONE',  ( -7.228014483236692600E-016, 0.0000000000000000000, -1.000000000000000000 ) ) ;
#3259 = LINE ( 'NONE', #4137, #3517 ) ;
#3260 = EDGE_CURVE ( 'NONE', #1198, #646, #1583, .T. ) ;
#3261 = PRESENTATION_STYLE_ASSIGNMENT (( #2783 ) ) ;
#3262 = CARTESIAN_POINT ( 'NONE',  ( -3.835533905932737100, 55.63999999999999300, -3.535533905932737300 ) ) ;
#3263 =( GEOMETRIC_REPRESENTATION_CONTEXT ( 3 ) GLOBAL_UNCERTAINTY_ASSIGNED_CONTEXT ( ( #3949 ) ) GLOBAL_UNIT_ASSIGNED_CONTEXT ( ( #954, #176, #2821 ) ) REPRESENTATION_CONTEXT ( 'NONE', 'WORKASPACE' ) );
#3264 = ADVANCED_FACE ( 'NONE', ( #3147 ), #1810, .T. ) ;
#3265 =( LENGTH_UNIT ( ) NAMED_UNIT ( * ) SI_UNIT ( .MILLI., .METRE. ) );
#3266 = DIRECTION ( 'NONE',  ( 0.0000000000000000000, 1.000000000000000000, 0.0000000000000000000 ) ) ;
#3267 = MECHANICAL_DESIGN_GEOMETRIC_PRESENTATION_REPRESENTATION (  '', ( #1707 ), #655 ) ;
#3268 = FILL_AREA_STYLE ('',( #1000 ) ) ;
#3269 = VECTOR ( 'NONE', #2753, 1000.000000000000000 ) ;
#3270 = CARTESIAN_POINT ( 'NONE',  ( 5.687594160713491200, 5.755739136159496300, 17.06726025649745900 ) ) ;
#3271 = CARTESIAN_POINT ( 'NONE',  ( -3.235533905932737500, 55.63999999999999300, -3.535533905932737300 ) ) ;
#3272 = CARTESIAN_POINT ( 'NONE',  ( -3.835533905932737600, 52.48999999999999500, -3.835533905932737600 ) ) ;
#3273 = SURFACE_STYLE_FILL_AREA ( #112 ) ;
#3274 =( NAMED_UNIT ( * ) SI_UNIT ( $, .STERADIAN. ) SOLID_ANGLE_UNIT ( ) );
#3275 = FACE_OUTER_BOUND ( 'NONE', #3179, .T. ) ;
#3276 =( GEOMETRIC_REPRESENTATION_CONTEXT ( 3 ) GLOBAL_UNCERTAINTY_ASSIGNED_CONTEXT ( ( #3940 ) ) GLOBAL_UNIT_ASSIGNED_CONTEXT ( ( #1662, #2045, #4616 ) ) REPRESENTATION_CONTEXT ( 'NONE', 'WORKASPACE' ) );
#3277 = SURFACE_STYLE_FILL_AREA ( #3060 ) ;
#3278 = COLOUR_RGB ( '',0.1019607843137254900, 0.1019607843137254900, 0.1019607843137254900 ) ;
#3279 = SURFACE_STYLE_USAGE ( .BOTH. , #315 ) ;
#3280 = B_SPLINE_CURVE_WITH_KNOTS ( 'NONE', 1,
 ( #616, #3282 ),
 .UNSPECIFIED., .F., .F.,
 ( 2, 2 ),
 ( 0.0000000000000000000, 1.000000000000000000 ),
 .UNSPECIFIED. ) ;
#3281 = COLOUR_RGB ( '',0.8980392156862745400, 0.9215686274509803400, 0.9294117647058823800 ) ;
#3282 = CARTESIAN_POINT ( 'NONE',  ( 5.207807196544419700, 3.433728050141748900, 17.23016959300227300 ) ) ;
#3283 = CIRCLE ( 'NONE', #3585, 1.384560000000000000 ) ;
#3284 = ORIENTED_EDGE ( 'NONE', *, *, #1193, .T. ) ;
#3285 = SURFACE_SIDE_STYLE ('',( #2516 ) ) ;
#3286 = DIRECTION ( 'NONE',  ( -0.0000000000000000000, -1.000000000000000000, -0.0000000000000000000 ) ) ;
#3287 = ADVANCED_FACE ( 'NONE', ( #312 ), #2399, .F. ) ;
#3288 = PRESENTATION_STYLE_ASSIGNMENT (( #2445 ) ) ;
#3289 = CARTESIAN_POINT ( 'NONE',  ( 0.1878423708911819400, 5.383779550428997100, 17.98908254865123300 ) ) ;
#3290 = EDGE_CURVE ( 'NONE', #1133, #2213, #2812, .T. ) ;
#3291 = ORIENTED_EDGE ( 'NONE', *, *, #1224, .T. ) ;
#3292 = ORIENTED_EDGE ( 'NONE', *, *, #4509, .F. ) ;
#3293 = EDGE_LOOP ( 'NONE', ( #895, #3303, #1251, #434 ) ) ;
#3294 = CARTESIAN_POINT ( 'NONE',  ( -3.835533905932737600, 52.48999999999999500, -3.835533905932737600 ) ) ;
#3295 =( GEOMETRIC_REPRESENTATION_CONTEXT ( 3 ) GLOBAL_UNCERTAINTY_ASSIGNED_CONTEXT ( ( #966 ) ) GLOBAL_UNIT_ASSIGNED_CONTEXT ( ( #3802, #1600, #1582 ) ) REPRESENTATION_CONTEXT ( 'NONE', 'WORKASPACE' ) );
#3296 = ORIENTED_EDGE ( 'NONE', *, *, #4727, .F. ) ;
#3297 = DIRECTION ( 'NONE',  ( 1.000000000000000000, -0.0000000000000000000, 3.923779290899926400E-015 ) ) ;
#3298 = CARTESIAN_POINT ( 'NONE',  ( 0.0000000000000000000, 52.00000000000000000, 0.0000000000000000000 ) ) ;
#3299 = ORIENTED_EDGE ( 'NONE', *, *, #3979, .T. ) ;
#3300 = SURFACE_STYLE_USAGE ( .BOTH. , #1842 ) ;
#3301 = VECTOR ( 'NONE', #67, 1000.000000000000000 ) ;
#3302 = FILL_AREA_STYLE_COLOUR ( '', #1294 ) ;
#3303 = ORIENTED_EDGE ( 'NONE', *, *, #3008, .T. ) ;
#3304 = FILL_AREA_STYLE_COLOUR ( '', #1214 ) ;
#3305 = EDGE_LOOP ( 'NONE', ( #653, #372, #4639, #949, #3892, #2990, #2543, #2003, #1127, #1736, #2889 ) ) ;
#3306 = PRESENTATION_LAYER_ASSIGNMENT (  '', '', ( #601 ) ) ;
#3307 = CARTESIAN_POINT ( 'NONE',  ( 3.835533905932737600, 51.98999999999999500, 3.835533905932737600 ) ) ;
#3308 = SURFACE_SIDE_STYLE ('',( #1552 ) ) ;
#3309 = VERTEX_POINT ( 'NONE', #4772 ) ;
#3310 = EDGE_CURVE ( 'NONE', #700, #1364, #3668, .T. ) ;
#3311 = FILL_AREA_STYLE_COLOUR ( '', #4325 ) ;
#3312 = ADVANCED_FACE ( 'NONE', ( #3251 ), #3992, .F. ) ;
#3313 = MECHANICAL_DESIGN_GEOMETRIC_PRESENTATION_REPRESENTATION (  '', ( #3073 ), #3826 ) ;
#3314 = DIRECTION ( 'NONE',  ( 7.228014483236692600E-016, 0.0000000000000000000, 1.000000000000000000 ) ) ;
#3315 = SURFACE_STYLE_USAGE ( .BOTH. , #2245 ) ;
#3316 = EDGE_CURVE ( 'NONE', #4183, #4291, #4358, .T. ) ;
#3317 = CARTESIAN_POINT ( 'NONE',  ( 6.506239414070721600, 4.435229172666861800, 16.78546274952267200 ) ) ;
#3318 = FILL_AREA_STYLE ('',( #2234 ) ) ;
#3319 = CARTESIAN_POINT ( 'NONE',  ( 7.744314361180124200, 5.436730257836242000, 16.25141403997018600 ) ) ;
#3320 = MECHANICAL_DESIGN_GEOMETRIC_PRESENTATION_REPRESENTATION (  '', ( #3077 ), #3590 ) ;
#3321 =( LENGTH_UNIT ( ) NAMED_UNIT ( * ) SI_UNIT ( .MILLI., .METRE. ) );
#3322 = FILL_AREA_STYLE_COLOUR ( '', #2082 ) ;
#3323 = SURFACE_STYLE_USAGE ( .BOTH. , #3308 ) ;
#3324 = DIRECTION ( 'NONE',  ( 0.0000000000000000000, -0.0000000000000000000, 1.000000000000000000 ) ) ;
#3325 = VECTOR ( 'NONE', #2126, 1000.000000000000100 ) ;
#3326 = EDGE_CURVE ( 'NONE', #1371, #4538, #1208, .T. ) ;
#3327 =( GEOMETRIC_REPRESENTATION_CONTEXT ( 3 ) GLOBAL_UNCERTAINTY_ASSIGNED_CONTEXT ( ( #521 ) ) GLOBAL_UNIT_ASSIGNED_CONTEXT ( ( #2379, #520, #100 ) ) REPRESENTATION_CONTEXT ( 'NONE', 'WORKASPACE' ) );
#3328 = PRESENTATION_STYLE_ASSIGNMENT (( #4431 ) ) ;
#3329 = CARTESIAN_POINT ( 'NONE',  ( -7.157360295918589800, 7.157156118639020000, 16.50855045238232300 ) ) ;
#3330 = VECTOR ( 'NONE', #3632, 1000.000000000000100 ) ;
#3331 = PRESENTATION_LAYER_ASSIGNMENT (  '', '', ( #4642 ) ) ;
#3332 =( NAMED_UNIT ( * ) SI_UNIT ( $, .STERADIAN. ) SOLID_ANGLE_UNIT ( ) );
#3333 = LINE ( 'NONE', #1369, #276 ) ;
#3334 = FILL_AREA_STYLE_COLOUR ( '', #203 ) ;
#3335 = DIRECTION ( 'NONE',  ( 0.0000000000000000000, -0.0000000000000000000, 1.000000000000000000 ) ) ;
#3336 = ADVANCED_FACE ( 'NONE', ( #2227 ), #278, .T. ) ;
#3337 = SURFACE_SIDE_STYLE ('',( #575 ) ) ;
#3338 = B_SPLINE_CURVE_WITH_KNOTS ( 'NONE', 3,
 ( #471, #127, #1630, #1660 ),
 .UNSPECIFIED., .F., .F.,
 ( 4, 4 ),
 ( 0.0000000000000000000, 1.000000000000000000 ),
 .UNSPECIFIED. ) ;
#3339 = COLOUR_RGB ( '',0.8980392156862745400, 0.9215686274509803400, 0.9294117647058823800 ) ;
#3340 = CARTESIAN_POINT ( 'NONE',  ( -18.00000000000000400, 47.38456000000000800, 0.0000000000000000000 ) ) ;
#3341 = CARTESIAN_POINT ( 'NONE',  ( -2.363206841914657500, 5.067529549057203700, 17.83410646548707100 ) ) ;
#3342 = EDGE_CURVE ( 'NONE', #666, #700, #3643, .T. ) ;
#3343 = FACE_OUTER_BOUND ( 'NONE', #1511, .T. ) ;
#3344 = DIRECTION ( 'NONE',  ( -0.0000000000000000000, -1.000000000000000000, -0.0000000000000000000 ) ) ;
#3345 = CARTESIAN_POINT ( 'NONE',  ( 0.0000000000000000000, 3.433728050141748900, 0.0000000000000000000 ) ) ;
#3346 = FILL_AREA_STYLE ('',( #2552 ) ) ;
#3347 = UNCERTAINTY_MEASURE_WITH_UNIT (LENGTH_MEASURE( 1.000000000000000100E-005 ), #2950, 'distance_accuracy_value', 'NONE');
#3348 = CARTESIAN_POINT ( 'NONE',  ( 3.960881484385034800, 5.067529549049536000, 17.54854745745800300 ) ) ;
#3349 = ORIENTED_EDGE ( 'NONE', *, *, #2029, .F. ) ;
#3350 = B_SPLINE_SURFACE_WITH_KNOTS ( 'NONE', 1, 3, ( 
 ( #536, #206, #3175, #3917 ),
 ( #4323, #1699, #2123, #236 ) ),
 .UNSPECIFIED., .F., .F., .F.,
 ( 2, 2 ),
 ( 4, 4 ),
 ( 0.0000000000000000000, 1.000000000000000000 ),
 ( 0.0000000000000000000, 1.000000000000000000 ),
 .UNSPECIFIED. ) ;
#3351 = CARTESIAN_POINT ( 'NONE',  ( 3.704995124690774400, 4.142248356456976300, 17.61456815042644000 ) ) ;
#3352 = ORIENTED_EDGE ( 'NONE', *, *, #1326, .T. ) ;
#3353 = ORIENTED_EDGE ( 'NONE', *, *, #1836, .F. ) ;
#3354 = CARTESIAN_POINT ( 'NONE',  ( -7.158686224094935800, 7.157156118639020000, 16.51160872404819500 ) ) ;
#3355 =( GEOMETRIC_REPRESENTATION_CONTEXT ( 3 ) GLOBAL_UNCERTAINTY_ASSIGNED_CONTEXT ( ( #4069 ) ) GLOBAL_UNIT_ASSIGNED_CONTEXT ( ( #2624, #4074, #729 ) ) REPRESENTATION_CONTEXT ( 'NONE', 'WORKASPACE' ) );
#3356 = ORIENTED_EDGE ( 'NONE', *, *, #4295, .T. ) ;
#3357 =( NAMED_UNIT ( * ) SI_UNIT ( $, .STERADIAN. ) SOLID_ANGLE_UNIT ( ) );
#3358 = ORIENTED_EDGE ( 'NONE', *, *, #847, .T. ) ;
#3359 = ORIENTED_EDGE ( 'NONE', *, *, #3563, .F. ) ;
#3360 = CARTESIAN_POINT ( 'NONE',  ( 3.835533905932737100, 58.78999999999999200, 3.835533905932737600 ) ) ;
#3361 = EDGE_CURVE ( 'NONE', #1184, #3557, #2849, .T. ) ;
#3362 =( NAMED_UNIT ( * ) PLANE_ANGLE_UNIT ( ) SI_UNIT ( $, .RADIAN. ) );
#3363 =( LENGTH_UNIT ( ) NAMED_UNIT ( * ) SI_UNIT ( .MILLI., .METRE. ) );
#3364 = MECHANICAL_DESIGN_GEOMETRIC_PRESENTATION_REPRESENTATION (  '', ( #2323 ), #4209 ) ;
#3365 = FILL_AREA_STYLE_COLOUR ( '', #2773 ) ;
#3366 = ORIENTED_EDGE ( 'NONE', *, *, #558, .F. ) ;
#3367 = CARTESIAN_POINT ( 'NONE',  ( 5.563200647596559600, 5.296932744760418600, 17.10833682098161300 ) ) ;
#3368 = ADVANCED_FACE ( 'NONE', ( #3404 ), #2831, .F. ) ;
#3369 = ORIENTED_EDGE ( 'NONE', *, *, #3413, .F. ) ;
#3370 = PLANE ( 'NONE',  #509 ) ;
#3371 = AXIS2_PLACEMENT_3D ( 'NONE', #4222, #3836, #1613 ) ;
#3372 = FILL_AREA_STYLE ('',( #2636 ) ) ;
#3373 = PLANE ( 'NONE',  #2837 ) ;
#3374 = ORIENTED_EDGE ( 'NONE', *, *, #1488, .F. ) ;
#3375 = DIRECTION ( 'NONE',  ( 1.000000000000000000, 0.0000000000000000000, 3.923779290899926400E-015 ) ) ;
#3376 = CARTESIAN_POINT ( 'NONE',  ( -5.503688933846711400, 6.589919456452920900, 17.14774377346898900 ) ) ;
#3377 = B_SPLINE_CURVE_WITH_KNOTS ( 'NONE', 1,
 ( #3690, #1472 ),
 .UNSPECIFIED., .F., .F.,
 ( 2, 2 ),
 ( 0.0000000000000000000, 1.000000000000000000 ),
 .UNSPECIFIED. ) ;
#3378 = STYLED_ITEM ( 'NONE', ( #1865 ), #4095 ) ;
#3379 = CARTESIAN_POINT ( 'NONE',  ( 4.347806859457654700, 6.448296168183424500, 17.45670861052715500 ) ) ;
#3380 =( NAMED_UNIT ( * ) SI_UNIT ( $, .STERADIAN. ) SOLID_ANGLE_UNIT ( ) );
#3381 = SURFACE_STYLE_FILL_AREA ( #2997 ) ;
#3382 =( NAMED_UNIT ( * ) PLANE_ANGLE_UNIT ( ) SI_UNIT ( $, .RADIAN. ) );
#3383 = CARTESIAN_POINT ( 'NONE',  ( 1.019035236906132200, 6.270467834533860700, 17.96649238394836700 ) ) ;
#3384 = CARTESIAN_POINT ( 'NONE',  ( 2.017830816172706800, 3.433728050141748900, 17.88654127542001100 ) ) ;
#3385 =( NAMED_UNIT ( * ) PLANE_ANGLE_UNIT ( ) SI_UNIT ( $, .RADIAN. ) );
#3386 = DIRECTION ( 'NONE',  ( 0.0000000000000000000, 1.000000000000000000, 0.0000000000000000000 ) ) ;
#3387 = PRESENTATION_LAYER_ASSIGNMENT (  '', '', ( #930 ) ) ;
#3388 = SURFACE_STYLE_USAGE ( .BOTH. , #2957 ) ;
#3389 = EDGE_CURVE ( 'NONE', #1868, #12, #4380, .T. ) ;
#3390 = CARTESIAN_POINT ( 'NONE',  ( 0.0000000000000000000, 7.157156118639020000, 0.0000000000000000000 ) ) ;
#3391 = ADVANCED_FACE ( 'NONE', ( #4280 ), #1025, .F. ) ;
#3392 = CARTESIAN_POINT ( 'NONE',  ( 7.740011967512791600, 5.436730270272082800, 16.24238547502647400 ) ) ;
#3393 = CARTESIAN_POINT ( 'NONE',  ( 5.444477236540414800, 6.445095965676284100, 17.15578318867856200 ) ) ;
#3394 = CARTESIAN_POINT ( 'NONE',  ( -2.168273083208567300, 5.755863672348045400, 17.85885471794407000 ) ) ;
#3395 = LINE ( 'NONE', #2034, #2429 ) ;
#3396 = PLANE ( 'NONE',  #2762 ) ;
#3397 = LINE ( 'NONE', #44, #2533 ) ;
#3398 = FILL_AREA_STYLE ('',( #764 ) ) ;
#3399 = STYLED_ITEM ( 'NONE', ( #1344 ), #2550 ) ;
#3400 =( NAMED_UNIT ( * ) SI_UNIT ( $, .STERADIAN. ) SOLID_ANGLE_UNIT ( ) );
#3401 = DIRECTION ( 'NONE',  ( 0.0000000000000000000, -1.000000000000000000, 0.0000000000000000000 ) ) ;
#3402 = B_SPLINE_SURFACE_WITH_KNOTS ( 'NONE', 1, 3, ( 
 ( #321, #2629, #1071, #2209 ),
 ( #1877, #2241, #4814, #338 ) ),
 .UNSPECIFIED., .F., .F., .F.,
 ( 2, 2 ),
 ( 4, 4 ),
 ( 0.0000000000000000000, 1.000000000000000000 ),
 ( 0.0000000000000000000, 1.000000000000000000 ),
 .UNSPECIFIED. ) ;
#3403 = B_SPLINE_CURVE_WITH_KNOTS ( 'NONE', 1,
 ( #2735, #4214 ),
 .UNSPECIFIED., .F., .F.,
 ( 2, 2 ),
 ( 0.0000000000000000000, 1.000000000000000000 ),
 .UNSPECIFIED. ) ;
#3404 = FACE_OUTER_BOUND ( 'NONE', #792, .T. ) ;
#3405 = FILL_AREA_STYLE ('',( #3445 ) ) ;
#3406 = AXIS2_PLACEMENT_3D ( 'NONE', #1720, #3954, #2129 ) ;
#3407 = SURFACE_SIDE_STYLE ('',( #346 ) ) ;
#3408 = CARTESIAN_POINT ( 'NONE',  ( -1.301129270185848300, 7.157156118639040400, 17.95291237159769400 ) ) ;
#3409 = DIRECTION ( 'NONE',  ( 0.0000000000000000000, 1.000000000000000000, 0.0000000000000000000 ) ) ;
#3410 = CARTESIAN_POINT ( 'NONE',  ( -7.156034367742242900, 7.157156118639040400, 16.50549218071644800 ) ) ;
#3411 = FILL_AREA_STYLE_COLOUR ( '', #2938 ) ;
#3412 = CARTESIAN_POINT ( 'NONE',  ( 4.350223650374530000, 6.448296168183411200, 17.46641217284540200 ) ) ;
#3413 = EDGE_CURVE ( 'NONE', #2348, #1198, #2195, .T. ) ;
#3414 = ORIENTED_EDGE ( 'NONE', *, *, #156, .T. ) ;
#3415 = DIRECTION ( 'NONE',  ( 1.000000000000000000, -0.0000000000000000000, 1.224646799147353200E-016 ) ) ;
#3416 = UNCERTAINTY_MEASURE_WITH_UNIT (LENGTH_MEASURE( 1.000000000000000100E-005 ), #1681, 'distance_accuracy_value', 'NONE');
#3417 = ORIENTED_EDGE ( 'NONE', *, *, #3433, .F. ) ;
#3418 = AXIS2_PLACEMENT_3D ( 'NONE', #1391, #2211, #4749 ) ;
#3419 = ADVANCED_FACE ( 'NONE', ( #2382 ), #3901, .F. ) ;
#3420 = ORIENTED_EDGE ( 'NONE', *, *, #933, .T. ) ;
#3421 = ORIENTED_EDGE ( 'NONE', *, *, #3748, .T. ) ;
#3422 = SURFACE_SIDE_STYLE ('',( #3753 ) ) ;
#3423 = EDGE_CURVE ( 'NONE', #1191, #1870, #2834, .T. ) ;
#3424 = EDGE_LOOP ( 'NONE', ( #1504, #883, #1565, #1008 ) ) ;
#3425 = ORIENTED_EDGE ( 'NONE', *, *, #4605, .F. ) ;
#3426 = PRESENTATION_LAYER_ASSIGNMENT (  '', '', ( #1079 ) ) ;
#3427 =( NAMED_UNIT ( * ) PLANE_ANGLE_UNIT ( ) SI_UNIT ( $, .RADIAN. ) );
#3428 = DIRECTION ( 'NONE',  ( 0.0000000000000000000, 0.9954954725939522100, -0.09480909262799527800 ) ) ;
#3429 =( LENGTH_UNIT ( ) NAMED_UNIT ( * ) SI_UNIT ( .MILLI., .METRE. ) );
#3430 = FILL_AREA_STYLE_COLOUR ( '', #37 ) ;
#3431 = CARTESIAN_POINT ( 'NONE',  ( 0.0000000000000000000, 5.755863672348045400, 0.0000000000000000000 ) ) ;
#3432 = ORIENTED_EDGE ( 'NONE', *, *, #2587, .T. ) ;
#3433 = EDGE_CURVE ( 'NONE', #4682, #3715, #1785, .T. ) ;
#3434 = DIRECTION ( 'NONE',  ( 0.0000000000000000000, -0.0000000000000000000, 1.000000000000000000 ) ) ;
#3435 = PRESENTATION_STYLE_ASSIGNMENT (( #3279 ) ) ;
#3436 = MECHANICAL_DESIGN_GEOMETRIC_PRESENTATION_REPRESENTATION (  '', ( #1567 ), #3327 ) ;
#3437 = CARTESIAN_POINT ( 'NONE',  ( 4.902125314625492600, 6.446696063015289200, 17.32895431093611900 ) ) ;
#3438 = EDGE_LOOP ( 'NONE', ( #1813, #3788, #4645, #1433 ) ) ;
#3439 = ORIENTED_EDGE ( 'NONE', *, *, #1330, .T. ) ;
#3440 = DIRECTION ( 'NONE',  ( 0.0000000000000000000, 0.9954954725939522100, 0.09480909262799529200 ) ) ;
#3441 = B_SPLINE_CURVE_WITH_KNOTS ( 'NONE', 3,
 ( #3172, #2027, #3881, #3554 ),
 .UNSPECIFIED., .F., .F.,
 ( 4, 4 ),
 ( 0.0000000000000000000, 1.000000000000000000 ),
 .UNSPECIFIED. ) ;
#3442 = DIRECTION ( 'NONE',  ( -0.0000000000000000000, -1.000000000000000000, -0.0000000000000000000 ) ) ;
#3443 = EDGE_LOOP ( 'NONE', ( #1247, #2619, #1068, #942 ) ) ;
#3444 = AXIS2_PLACEMENT_3D ( 'NONE', #3113, #4002, #650 ) ;
#3445 = FILL_AREA_STYLE_COLOUR ( '', #4705 ) ;
#3446 = UNCERTAINTY_MEASURE_WITH_UNIT (LENGTH_MEASURE( 1.000000000000000100E-005 ), #426, 'distance_accuracy_value', 'NONE');
#3447 = DIRECTION ( 'NONE',  ( -0.9383331788912039300, 0.0000000000000000000, -0.3457323320025593200 ) ) ;
#3448 = ADVANCED_FACE ( 'NONE', ( #3813 ), #430, .F. ) ;
#3449 = COLOUR_RGB ( '',0.8980392156862745400, 0.9215686274509803400, 0.9294117647058823800 ) ;
#3450 =( NAMED_UNIT ( * ) PLANE_ANGLE_UNIT ( ) SI_UNIT ( $, .RADIAN. ) );
#3451 =( NAMED_UNIT ( * ) PLANE_ANGLE_UNIT ( ) SI_UNIT ( $, .RADIAN. ) );
#3452 = DIRECTION ( 'NONE',  ( 1.224646799147352700E-016, 0.0000000000000000000, -1.000000000000000000 ) ) ;
#3453 = CARTESIAN_POINT ( 'NONE',  ( 2.026963865985461400, 6.764561464228359400, 17.87544453953493200 ) ) ;
#3454 = DIRECTION ( 'NONE',  ( 0.0000000000000000000, 1.000000000000000000, 0.0000000000000000000 ) ) ;
#3455 = CARTESIAN_POINT ( 'NONE',  ( 8.002163781949512600, 6.438231380337257700, 16.12344177918770100 ) ) ;
#3456 = EDGE_CURVE ( 'NONE', #4298, #1636, #2346, .T. ) ;
#3457 = SURFACE_STYLE_FILL_AREA ( #385 ) ;
#3458 = PLANE ( 'NONE',  #3966 ) ;
#3459 = MECHANICAL_DESIGN_GEOMETRIC_PRESENTATION_REPRESENTATION (  '', ( #2621 ), #4436 ) ;
#3460 = CARTESIAN_POINT ( 'NONE',  ( -9.059823112062554500, 3.433728050141728000, 15.55376498402033500 ) ) ;
#3461 = EDGE_CURVE ( 'NONE', #1133, #1389, #2060, .T. ) ;
#3462 = PLANE ( 'NONE',  #4260 ) ;
#3463 = PLANE ( 'NONE',  #4348 ) ;
#3464 = CARTESIAN_POINT ( 'NONE',  ( 2.816078746444604900, 4.674870776138121200, 17.78193315619097700 ) ) ;
#3465 = COLOUR_RGB ( '',0.8980392156862745400, 0.9215686274509803400, 0.9294117647058823800 ) ;
#3466 =( GEOMETRIC_REPRESENTATION_CONTEXT ( 3 ) GLOBAL_UNCERTAINTY_ASSIGNED_CONTEXT ( ( #220 ) ) GLOBAL_UNIT_ASSIGNED_CONTEXT ( ( #4076, #334, #4089 ) ) REPRESENTATION_CONTEXT ( 'NONE', 'WORKASPACE' ) );
#3467 = VECTOR ( 'NONE', #1948, 1000.000000000000000 ) ;
#3468 = CARTESIAN_POINT ( 'NONE',  ( 4.585533905932739400, 51.98999999999999500, 1.199999999999995300 ) ) ;
#3469 = CARTESIAN_POINT ( 'NONE',  ( 0.0000000000000000000, 7.157156118639054700, 0.0000000000000000000 ) ) ;
#3470 = SURFACE_STYLE_FILL_AREA ( #4344 ) ;
#3471 = CARTESIAN_POINT ( 'NONE',  ( -2.363206841914665000, 5.067529549057189400, 17.83410646548706800 ) ) ;
#3472 =( GEOMETRIC_REPRESENTATION_CONTEXT ( 3 ) GLOBAL_UNCERTAINTY_ASSIGNED_CONTEXT ( ( #2826 ) ) GLOBAL_UNIT_ASSIGNED_CONTEXT ( ( #598, #4389, #3977 ) ) REPRESENTATION_CONTEXT ( 'NONE', 'WORKASPACE' ) );
#3473 = ADVANCED_FACE ( 'NONE', ( #4638 ), #3909, .F. ) ;
#3474 = B_SPLINE_CURVE_WITH_KNOTS ( 'NONE', 1,
 ( #4205, #41 ),
 .UNSPECIFIED., .F., .F.,
 ( 2, 2 ),
 ( 0.0000000000000000000, 1.000000000000000000 ),
 .UNSPECIFIED. ) ;
#3475 = SURFACE_STYLE_FILL_AREA ( #3527 ) ;
#3476 = DIRECTION ( 'NONE',  ( -0.0000000000000000000, -1.000000000000000000, -0.0000000000000000000 ) ) ;
#3477 = SURFACE_STYLE_FILL_AREA ( #3346 ) ;
#3478 = CARTESIAN_POINT ( 'NONE',  ( 3.077401617920657400, 7.157156118639040400, 17.73498235922492200 ) ) ;
#3479 = MECHANICAL_DESIGN_GEOMETRIC_PRESENTATION_REPRESENTATION (  '', ( #3378 ), #3816 ) ;
#3480 = CARTESIAN_POINT ( 'NONE',  ( 0.0000000000000000000, 3.433728050141728000, 0.0000000000000000000 ) ) ;
#3481 = ORIENTED_EDGE ( 'NONE', *, *, #161, .F. ) ;
#3482 = ORIENTED_EDGE ( 'NONE', *, *, #2437, .F. ) ;
#3483 = CARTESIAN_POINT ( 'NONE',  ( 2.814514258241477900, 4.674870776100695100, 17.77205430443900600 ) ) ;
#3484 = SURFACE_SIDE_STYLE ('',( #4578 ) ) ;
#3485 = ORIENTED_EDGE ( 'NONE', *, *, #4605, .T. ) ;
#3486 = EDGE_LOOP ( 'NONE', ( #4005, #3061, #1122, #2616 ) ) ;
#3487 = ORIENTED_EDGE ( 'NONE', *, *, #2886, .T. ) ;
#3488 = VERTEX_POINT ( 'NONE', #2648 ) ;
#3489 = CARTESIAN_POINT ( 'NONE',  ( 5.396926644355851900, 4.142248356456976300, 17.16138930260140000 ) ) ;
#3490 = PRESENTATION_STYLE_ASSIGNMENT (( #1004 ) ) ;
#3491 = CARTESIAN_POINT ( 'NONE',  ( 2.461070877187443400, 3.433728050141748900, 17.82086502214356100 ) ) ;
#3492 = PRESENTATION_LAYER_ASSIGNMENT (  '', '', ( #180 ) ) ;
#3493 = VERTEX_POINT ( 'NONE', #2352 ) ;
#3494 = FILL_AREA_STYLE_COLOUR ( '', #994 ) ;
#3495 = CIRCLE ( 'NONE', #1406, 17.99999999999999600 ) ;
#3496 = EDGE_CURVE ( 'NONE', #4515, #4393, #4273, .T. ) ;
#3497 = FILL_AREA_STYLE_COLOUR ( '', #4366 ) ;
#3498 = CARTESIAN_POINT ( 'NONE',  ( -3.235533905932737500, 51.98999999999999500, -3.835533905932737600 ) ) ;
#3499 = PRESENTATION_LAYER_ASSIGNMENT (  '', '', ( #4572 ) ) ;
#3500 = SURFACE_STYLE_USAGE ( .BOTH. , #912 ) ;
#3501 = ORIENTED_EDGE ( 'NONE', *, *, #4157, .T. ) ;
#3502 = DIRECTION ( 'NONE',  ( -0.0000000000000000000, -1.000000000000000000, -0.0000000000000000000 ) ) ;
#3503 = ADVANCED_FACE ( 'NONE', ( #4299 ), #2385, .T. ) ;
#3504 = VECTOR ( 'NONE', #4257, 1000.000000000000000 ) ;
#3505 = VERTEX_POINT ( 'NONE', #2313 ) ;
#3506 = PRESENTATION_LAYER_ASSIGNMENT (  '', '', ( #3807 ) ) ;
#3507 = B_SPLINE_CURVE_WITH_KNOTS ( 'NONE', 3,
 ( #854, #3863, #2022, #447 ),
 .UNSPECIFIED., .F., .F.,
 ( 4, 4 ),
 ( 0.0000000000000000000, 1.000000000000000000 ),
 .UNSPECIFIED. ) ;
#3508 = CARTESIAN_POINT ( 'NONE',  ( 3.835533905932737100, 55.63999999999999300, 3.535533905932737300 ) ) ;
#3509 = CARTESIAN_POINT ( 'NONE',  ( 2.028090582976003200, 6.764561464228345100, 17.88538086223617500 ) ) ;
#3510 = FACE_OUTER_BOUND ( 'NONE', #1863, .T. ) ;
#3511 = FACE_OUTER_BOUND ( 'NONE', #787, .T. ) ;
#3512 = DIRECTION ( 'NONE',  ( 0.0000000000000000000, 0.0000000000000000000, -1.000000000000000000 ) ) ;
#3513 = LINE ( 'NONE', #2302, #1592 ) ;
#3514 = B_SPLINE_CURVE_WITH_KNOTS ( 'NONE', 3,
 ( #844, #3854, #2761, #860 ),
 .UNSPECIFIED., .F., .F.,
 ( 4, 4 ),
 ( 0.0000000000000000000, 1.000000000000000000 ),
 .UNSPECIFIED. ) ;
#3515 = AXIS2_PLACEMENT_3D ( 'NONE', #4835, #2932, #1464 ) ;
#3516 = PLANE ( 'NONE',  #789 ) ;
#3517 = VECTOR ( 'NONE', #4469, 1000.000000000000000 ) ;
#3518 = B_SPLINE_CURVE_WITH_KNOTS ( 'NONE', 3,
 ( #2508, #1392, #2532, #1009 ),
 .UNSPECIFIED., .F., .F.,
 ( 4, 4 ),
 ( 0.0000000000000000000, 1.000000000000000000 ),
 .UNSPECIFIED. ) ;
#3519 = DIRECTION ( 'NONE',  ( 0.0000000000000000000, 0.0000000000000000000, -1.000000000000000000 ) ) ;
#3520 = SURFACE_SIDE_STYLE ('',( #3652 ) ) ;
#3521 = DIRECTION ( 'NONE',  ( 0.0000000000000000000, 0.09480909262799527800, -0.9954954725939522100 ) ) ;
#3522 =( LENGTH_UNIT ( ) NAMED_UNIT ( * ) SI_UNIT ( .MILLI., .METRE. ) );
#3523 = EDGE_CURVE ( 'NONE', #590, #4633, #1200, .T. ) ;
#3524 = UNCERTAINTY_MEASURE_WITH_UNIT (LENGTH_MEASURE( 1.000000000000000100E-005 ), #4831, 'distance_accuracy_value', 'NONE');
#3525 = AXIS2_PLACEMENT_3D ( 'NONE', #2567, #2865, #1524 ) ;
#3526 = B_SPLINE_SURFACE_WITH_KNOTS ( 'NONE', 1, 3, ( 
 ( #3695, #1886, #1516, #2931 ),
 ( #2994, #332, #1103, #2961 ) ),
 .UNSPECIFIED., .F., .F., .F.,
 ( 2, 2 ),
 ( 4, 4 ),
 ( 0.0000000000000000000, 1.000000000000000000 ),
 ( 0.0000000000000000000, 1.000000000000000000 ),
 .UNSPECIFIED. ) ;
#3527 = FILL_AREA_STYLE ('',( #2033 ) ) ;
#3528 = SURFACE_SIDE_STYLE ('',( #819 ) ) ;
#3529 = FACE_OUTER_BOUND ( 'NONE', #2835, .T. ) ;
#3530 =( NAMED_UNIT ( * ) PLANE_ANGLE_UNIT ( ) SI_UNIT ( $, .RADIAN. ) );
#3531 = STYLED_ITEM ( 'NONE', ( #4437 ), #358 ) ;
#3532 = DIRECTION ( 'NONE',  ( -0.0000000000000000000, -1.000000000000000000, -0.0000000000000000000 ) ) ;
#3533 = EDGE_CURVE ( 'NONE', #3828, #3598, #1697, .T. ) ;
#3534 = PLANE ( 'NONE',  #3058 ) ;
#3535 = VECTOR ( 'NONE', #647, 1000.000000000000000 ) ;
#3536 = CARTESIAN_POINT ( 'NONE',  ( 0.0000000000000000000, 6.448420704369962000, 0.0000000000000000000 ) ) ;
#3537 = MECHANICAL_DESIGN_GEOMETRIC_PRESENTATION_REPRESENTATION (  '', ( #1700 ), #4750 ) ;
#3538 = PRESENTATION_STYLE_ASSIGNMENT (( #1037 ) ) ;
#3539 = ORIENTED_EDGE ( 'NONE', *, *, #716, .T. ) ;
#3540 = SURFACE_STYLE_USAGE ( .BOTH. , #522 ) ;
#3541 = EDGE_LOOP ( 'NONE', ( #4179, #3291, #2061, #1435 ) ) ;
#3542 = CARTESIAN_POINT ( 'NONE',  ( 3.235533905932737500, 52.48999999999999500, 3.235533905932737500 ) ) ;
#3543 = CARTESIAN_POINT ( 'NONE',  ( 0.5796503344042194300, 5.383779705215470600, 17.98603032783504900 ) ) ;
#3544 = UNCERTAINTY_MEASURE_WITH_UNIT (LENGTH_MEASURE( 1.000000000000000100E-005 ), #1594, 'distance_accuracy_value', 'NONE');
#3545 = ORIENTED_EDGE ( 'NONE', *, *, #3916, .T. ) ;
#3546 = DIRECTION ( 'NONE',  ( -0.0000000000000000000, -1.000000000000000000, -0.0000000000000000000 ) ) ;
#3547 = ORIENTED_EDGE ( 'NONE', *, *, #2180, .T. ) ;
#3548 = DIRECTION ( 'NONE',  ( 1.000000000000000000, 0.0000000000000000000, 0.0000000000000000000 ) ) ;
#3549 = ORIENTED_EDGE ( 'NONE', *, *, #306, .F. ) ;
#3550 = ORIENTED_EDGE ( 'NONE', *, *, #1560, .F. ) ;
#3551 = DIRECTION ( 'NONE',  ( -0.9383331788912044900, 0.0000000000000000000, 0.3457323320025580400 ) ) ;
#3552 = CARTESIAN_POINT ( 'NONE',  ( 0.0000000000000000000, 7.157156118639040400, 0.0000000000000000000 ) ) ;
#3553 = AXIS2_PLACEMENT_3D ( 'NONE', #4462, #2610, #3717 ) ;
#3554 = CARTESIAN_POINT ( 'NONE',  ( 7.038968277664660700, 6.438231380346589800, 16.56662082580604400 ) ) ;
#3555 = CARTESIAN_POINT ( 'NONE',  ( 0.0000000000000000000, 52.00000000000000000, 0.0000000000000000000 ) ) ;
#3556 =( NAMED_UNIT ( * ) SI_UNIT ( $, .STERADIAN. ) SOLID_ANGLE_UNIT ( ) );
#3557 = VERTEX_POINT ( 'NONE', #3455 ) ;
#3558 = ORIENTED_EDGE ( 'NONE', *, *, #2246, .T. ) ;
#3559 = CARTESIAN_POINT ( 'NONE',  ( -1.738052784594925200, 6.920910980540873500, 17.91601726774530000 ) ) ;
#3560 = ORIENTED_EDGE ( 'NONE', *, *, #4543, .F. ) ;
#3561 = EDGE_LOOP ( 'NONE', ( #235, #237, #4794, #2809 ) ) ;
#3562 = ORIENTED_EDGE ( 'NONE', *, *, #2095, .F. ) ;
#3563 = EDGE_CURVE ( 'NONE', #3772, #2395, #4063, .T. ) ;
#3564 = DIRECTION ( 'NONE',  ( 0.0000000000000000000, 0.0000000000000000000, 1.000000000000000000 ) ) ;
#3565 =( GEOMETRIC_REPRESENTATION_CONTEXT ( 3 ) GLOBAL_UNCERTAINTY_ASSIGNED_CONTEXT ( ( #1082 ) ) GLOBAL_UNIT_ASSIGNED_CONTEXT ( ( #4693, #3244, #231 ) ) REPRESENTATION_CONTEXT ( 'NONE', 'WORKASPACE' ) );
#3566 = VECTOR ( 'NONE', #1414, 1000.000000000000100 ) ;
#3567 = ORIENTED_EDGE ( 'NONE', *, *, #1855, .T. ) ;
#3568 = CARTESIAN_POINT ( 'NONE',  ( 2.028090582976003200, 6.764561464228345100, 17.88538086223617500 ) ) ;
#3569 = DIRECTION ( 'NONE',  ( -0.5033235062256975500, 3.854941057726238600E-016, 0.8640980546677965400 ) ) ;
#3570 = B_SPLINE_CURVE_WITH_KNOTS ( 'NONE', 3,
 ( #4363, #2162, #4725, #4374 ),
 .UNSPECIFIED., .F., .F.,
 ( 4, 4 ),
 ( 0.0000000000000000000, 1.000000000000000000 ),
 .UNSPECIFIED. ) ;
#3571 = SURFACE_STYLE_FILL_AREA ( #4189 ) ;
#3572 = CARTESIAN_POINT ( 'NONE',  ( 1.950421478194040600E-015, 49.92639999999999400, -15.92640000000000100 ) ) ;
#3573 = AXIS2_PLACEMENT_3D ( 'NONE', #210, #2852, #957 ) ;
#3574 = MECHANICAL_DESIGN_GEOMETRIC_PRESENTATION_REPRESENTATION (  '', ( #1206 ), #3472 ) ;
#3575 = COLOUR_RGB ( '',0.8980392156862745400, 0.9215686274509803400, 0.9294117647058823800 ) ;
#3576 = UNCERTAINTY_MEASURE_WITH_UNIT (LENGTH_MEASURE( 1.000000000000000100E-005 ), #3676, 'distance_accuracy_value', 'NONE');
#3577 = CARTESIAN_POINT ( 'NONE',  ( 0.0000000000000000000, 3.433728050141728000, 0.0000000000000000000 ) ) ;
#3578 =( GEOMETRIC_REPRESENTATION_CONTEXT ( 3 ) GLOBAL_UNCERTAINTY_ASSIGNED_CONTEXT ( ( #652 ) ) GLOBAL_UNIT_ASSIGNED_CONTEXT ( ( #2627, #3362, #349 ) ) REPRESENTATION_CONTEXT ( 'NONE', 'WORKASPACE' ) );
#3579 = DIRECTION ( 'NONE',  ( -0.0000000000000000000, 1.000000000000000000, -0.0000000000000000000 ) ) ;
#3580 = B_SPLINE_CURVE_WITH_KNOTS ( 'NONE', 3,
 ( #4037, #2493, #608, #3270 ),
 .UNSPECIFIED., .F., .F.,
 ( 4, 4 ),
 ( 0.0000000000000000000, 1.000000000000000000 ),
 .UNSPECIFIED. ) ;
#3581 = EDGE_CURVE ( 'NONE', #1184, #3239, #786, .T. ) ;
#3582 = SURFACE_SIDE_STYLE ('',( #229 ) ) ;
#3583 = DIRECTION ( 'NONE',  ( 1.000000000000000000, -0.0000000000000000000, 1.224646799147353200E-016 ) ) ;
#3584 = PLANE ( 'NONE',  #2654 ) ;
#3585 = AXIS2_PLACEMENT_3D ( 'NONE', #1752, #979, #4704 ) ;
#3586 = COLOUR_RGB ( '',0.8980392156862745400, 0.9215686274509803400, 0.9294117647058823800 ) ;
#3587 = EDGE_CURVE ( 'NONE', #4679, #2615, #2707, .T. ) ;
#3588 = CARTESIAN_POINT ( 'NONE',  ( -1.671244038210225400, 7.157156118639027100, 17.92224716280708900 ) ) ;
#3589 =( NAMED_UNIT ( * ) SI_UNIT ( $, .STERADIAN. ) SOLID_ANGLE_UNIT ( ) );
#3590 =( GEOMETRIC_REPRESENTATION_CONTEXT ( 3 ) GLOBAL_UNCERTAINTY_ASSIGNED_CONTEXT ( ( #2229 ) ) GLOBAL_UNIT_ASSIGNED_CONTEXT ( ( #1470, #4803, #3707 ) ) REPRESENTATION_CONTEXT ( 'NONE', 'WORKASPACE' ) );
#3591 = CARTESIAN_POINT ( 'NONE',  ( 2.204364238465235400E-015, 2.073600000000001700, -18.00000000000000400 ) ) ;
#3592 = DIRECTION ( 'NONE',  ( 0.0000000000000000000, 1.000000000000000000, 0.0000000000000000000 ) ) ;
#3593 = COLOUR_RGB ( '',0.2980392156862745100, 0.2980392156862745100, 0.2980392156862745100 ) ;
#3594 = EDGE_CURVE ( 'NONE', #3774, #1364, #3403, .T. ) ;
#3595 = DIRECTION ( 'NONE',  ( 0.0000000000000000000, -0.0000000000000000000, 1.000000000000000000 ) ) ;
#3596 = AXIS2_PLACEMENT_3D ( 'NONE', #3536, #848, #2030 ) ;
#3597 = B_SPLINE_CURVE_WITH_KNOTS ( 'NONE', 1,
 ( #4083, #1509 ),
 .UNSPECIFIED., .F., .F.,
 ( 2, 2 ),
 ( 0.0000000000000000000, 1.000000000000000000 ),
 .UNSPECIFIED. ) ;
#3598 = VERTEX_POINT ( 'NONE', #2407 ) ;
#3599 = ORIENTED_EDGE ( 'NONE', *, *, #914, .F. ) ;
#3600 = CARTESIAN_POINT ( 'NONE',  ( 5.207807196544419700, 3.433728050141748900, 17.23016959300227300 ) ) ;
#3601 = AXIS2_PLACEMENT_3D ( 'NONE', #3154, #2069, #1758 ) ;
#3602 = DIRECTION ( 'NONE',  ( -0.0000000000000000000, -1.000000000000000000, -0.0000000000000000000 ) ) ;
#3603 = ORIENTED_EDGE ( 'NONE', *, *, #466, .F. ) ;
#3604 = ORIENTED_EDGE ( 'NONE', *, *, #4543, .T. ) ;
#3605 = ORIENTED_EDGE ( 'NONE', *, *, #2419, .F. ) ;
#3606 = EDGE_CURVE ( 'NONE', #4633, #3951, #1325, .T. ) ;
#3607 = CARTESIAN_POINT ( 'NONE',  ( 3.075691950355146100, 7.157156118639054700, 17.72512959124757600 ) ) ;
#3608 = ORIENTED_EDGE ( 'NONE', *, *, #3433, .T. ) ;
#3609 = FILL_AREA_STYLE_COLOUR ( '', #4090 ) ;
#3610 = CARTESIAN_POINT ( 'NONE',  ( -4.379980921414766500, 7.157156118639040400, 17.45897382803590100 ) ) ;
#3611 = VERTEX_POINT ( 'NONE', #4232 ) ;
#3612 = DIRECTION ( 'NONE',  ( 0.0000000000000000000, 0.0000000000000000000, 1.000000000000000000 ) ) ;
#3613 =( LENGTH_UNIT ( ) NAMED_UNIT ( * ) SI_UNIT ( .MILLI., .METRE. ) );
#3614 =( GEOMETRIC_REPRESENTATION_CONTEXT ( 3 ) GLOBAL_UNCERTAINTY_ASSIGNED_CONTEXT ( ( #1609 ) ) GLOBAL_UNIT_ASSIGNED_CONTEXT ( ( #3429, #814, #2724 ) ) REPRESENTATION_CONTEXT ( 'NONE', 'WORKASPACE' ) );
#3615 = ORIENTED_EDGE ( 'NONE', *, *, #991, .F. ) ;
#3616 = EDGE_CURVE ( 'NONE', #4753, #181, #3507, .T. ) ;
#3617 =( NAMED_UNIT ( * ) PLANE_ANGLE_UNIT ( ) SI_UNIT ( $, .RADIAN. ) );
#3618 = AXIS2_PLACEMENT_3D ( 'NONE', #3048, #3063, #456 ) ;
#3619 = UNCERTAINTY_MEASURE_WITH_UNIT (LENGTH_MEASURE( 1.000000000000000100E-005 ), #433, 'distance_accuracy_value', 'NONE');
#3620 = FILL_AREA_STYLE ('',( #1359 ) ) ;
#3621 = CARTESIAN_POINT ( 'NONE',  ( 3.963083197272411900, 5.067529549049522700, 17.55830206971895900 ) ) ;
#3622 = COLOUR_RGB ( '',0.8980392156862745400, 0.9215686274509803400, 0.9294117647058823800 ) ;
#3623 = AXIS2_PLACEMENT_3D ( 'NONE', #3044, #1210, #4167 ) ;
#3624 = PLANE ( 'NONE',  #90 ) ;
#3625 = PRESENTATION_STYLE_ASSIGNMENT (( #3190 ) ) ;
#3626 = CARTESIAN_POINT ( 'NONE',  ( 4.219767231522083300, 5.986591480176166200, 17.49851641901062000 ) ) ;
#3627 = PRESENTATION_STYLE_ASSIGNMENT (( #4464 ) ) ;
#3628 = PRESENTATION_LAYER_ASSIGNMENT (  '', '', ( #796 ) ) ;
#3629 = SURFACE_STYLE_USAGE ( .BOTH. , #4784 ) ;
#3630 = FACE_OUTER_BOUND ( 'NONE', #1557, .T. ) ;
#3631 = COLOUR_RGB ( '',0.8980392156862745400, 0.9215686274509803400, 0.9294117647058823800 ) ;
#3632 = DIRECTION ( 'NONE',  ( 0.0000000000000000000, 0.9954954725939522100, -0.09480909262799529200 ) ) ;
#3633 = DIRECTION ( 'NONE',  ( 0.0000000000000000000, 1.000000000000000000, 0.0000000000000000000 ) ) ;
#3634 = LINE ( 'NONE', #1144, #2929 ) ;
#3635 = CARTESIAN_POINT ( 'NONE',  ( 0.0000000000000000000, 5.067529549057169000, 0.0000000000000000000 ) ) ;
#3636 = CARTESIAN_POINT ( 'NONE',  ( 4.585533905932739400, 52.48999999999999500, 1.199999999999995300 ) ) ;
#3637 = ADVANCED_FACE ( 'NONE', ( #307 ), #4199, .F. ) ;
#3638 = CARTESIAN_POINT ( 'NONE',  ( 9.075961542436331800, 7.157156118639040400, 15.53277251749399000 ) ) ;
#3639 = CARTESIAN_POINT ( 'NONE',  ( -2.485533905932738800, 52.48999999999999500, 1.200000000000004000 ) ) ;
#3640 = PRESENTATION_STYLE_ASSIGNMENT (( #4000 ) ) ;
#3641 = EDGE_CURVE ( 'NONE', #2268, #2491, #4351, .T. ) ;
#3642 = FACE_OUTER_BOUND ( 'NONE', #1114, .T. ) ;
#3643 = B_SPLINE_CURVE_WITH_KNOTS ( 'NONE', 3,
 ( #1867, #4191, #2359, #173 ),
 .UNSPECIFIED., .F., .F.,
 ( 4, 4 ),
 ( 0.0000000000000000000, 1.000000000000000000 ),
 .UNSPECIFIED. ) ;
#3644 = STYLED_ITEM ( 'NONE', ( #3627 ), #829 ) ;
#3645 = ORIENTED_EDGE ( 'NONE', *, *, #3581, .F. ) ;
#3646 = B_SPLINE_CURVE_WITH_KNOTS ( 'NONE', 3,
 ( #1651, #4608, #900, #3133 ),
 .UNSPECIFIED., .F., .F.,
 ( 4, 4 ),
 ( 0.0000000000000000000, 1.000000000000000000 ),
 .UNSPECIFIED. ) ;
#3647 = CARTESIAN_POINT ( 'NONE',  ( -6.588572907589074200, 5.455448435884843400, 16.74009578949246100 ) ) ;
#3648 = ORIENTED_EDGE ( 'NONE', *, *, #2886, .F. ) ;
#3649 =( NAMED_UNIT ( * ) SI_UNIT ( $, .STERADIAN. ) SOLID_ANGLE_UNIT ( ) );
#3650 = ORIENTED_EDGE ( 'NONE', *, *, #3171, .T. ) ;
#3651 = ORIENTED_EDGE ( 'NONE', *, *, #3830, .T. ) ;
#3652 = SURFACE_STYLE_FILL_AREA ( #2415 ) ;
#3653 = SURFACE_STYLE_USAGE ( .BOTH. , #4722 ) ;
#3654 = ORIENTED_EDGE ( 'NONE', *, *, #2599, .F. ) ;
#3655 = VERTEX_POINT ( 'NONE', #2401 ) ;
#3656 = CARTESIAN_POINT ( 'NONE',  ( 0.0000000000000000000, 5.067529549049515600, 0.0000000000000000000 ) ) ;
#3657 = MECHANICAL_DESIGN_GEOMETRIC_PRESENTATION_REPRESENTATION (  '', ( #2024 ), #2118 ) ;
#3658 = DIRECTION ( 'NONE',  ( 0.0000000000000000000, 1.000000000000000000, 0.0000000000000000000 ) ) ;
#3659 = ORIENTED_EDGE ( 'NONE', *, *, #3587, .T. ) ;
#3660 = EDGE_CURVE ( 'NONE', #3067, #1453, #4129, .T. ) ;
#3661 = ADVANCED_FACE ( 'NONE', ( #83 ), #3914, .F. ) ;
#3662 = EDGE_LOOP ( 'NONE', ( #2674, #1878, #3765, #1620 ) ) ;
#3663 = ORIENTED_EDGE ( 'NONE', *, *, #873, .F. ) ;
#3664 = CARTESIAN_POINT ( 'NONE',  ( -1.803407421159157200E-033, 46.00000000000000700, 0.0000000000000000000 ) ) ;
#3665 = PRESENTATION_LAYER_ASSIGNMENT (  '', '', ( #1765 ) ) ;
#3666 = DIRECTION ( 'NONE',  ( 0.0000000000000000000, -0.0000000000000000000, 1.000000000000000000 ) ) ;
#3667 = COLOUR_RGB ( '',0.8980392156862745400, 0.9215686274509803400, 0.9294117647058823800 ) ;
#3668 = CIRCLE ( 'NONE', #1791, 18.00000000000000000 ) ;
#3669 = ORIENTED_EDGE ( 'NONE', *, *, #1593, .F. ) ;
#3670 = EDGE_CURVE ( 'NONE', #3841, #12, #1513, .T. ) ;
#3671 = CARTESIAN_POINT ( 'NONE',  ( -3.835533905932737100, 58.78999999999999200, -3.235533905932737500 ) ) ;
#3672 = DIRECTION ( 'NONE',  ( 0.0000000000000000000, 0.0000000000000000000, 1.000000000000000000 ) ) ;
#3673 = PRESENTATION_STYLE_ASSIGNMENT (( #2708 ) ) ;
#3674 = CARTESIAN_POINT ( 'NONE',  ( -0.5327008188985686800, 6.748598189941231100, 17.99211576879008200 ) ) ;
#3675 = EDGE_CURVE ( 'NONE', #1870, #1733, #2642, .T. ) ;
#3676 =( LENGTH_UNIT ( ) NAMED_UNIT ( * ) SI_UNIT ( .MILLI., .METRE. ) );
#3677 = AXIS2_PLACEMENT_3D ( 'NONE', #2715, #446, #1607 ) ;
#3678 = SURFACE_STYLE_FILL_AREA ( #3620 ) ;
#3679 = CARTESIAN_POINT ( 'NONE',  ( 0.0000000000000000000, 46.00000000000000700, 0.0000000000000000000 ) ) ;
#3680 =( NAMED_UNIT ( * ) SI_UNIT ( $, .STERADIAN. ) SOLID_ANGLE_UNIT ( ) );
#3681 = CARTESIAN_POINT ( 'NONE',  ( -9.059823112062554500, 3.433728050141728000, 15.55376498402033500 ) ) ;
#3682 = SURFACE_STYLE_FILL_AREA ( #4026 ) ;
#3683 = PLANE ( 'NONE',  #2862 ) ;
#3684 = FILL_AREA_STYLE ('',( #4057 ) ) ;
#3685 = CARTESIAN_POINT ( 'NONE',  ( 2.485533905932738800, 51.98999999999999500, -1.200000000000004000 ) ) ;
#3686 = FILL_AREA_STYLE_COLOUR ( '', #811 ) ;
#3687 =( NAMED_UNIT ( * ) SI_UNIT ( $, .STERADIAN. ) SOLID_ANGLE_UNIT ( ) );
#3688 = DIRECTION ( 'NONE',  ( 0.0000000000000000000, 0.0000000000000000000, 1.000000000000000000 ) ) ;
#3689 = PRESENTATION_STYLE_ASSIGNMENT (( #3300 ) ) ;
#3690 = CARTESIAN_POINT ( 'NONE',  ( 3.702936794065946100, 4.142248356456990500, 17.60478227923176000 ) ) ;
#3691 =( NAMED_UNIT ( * ) PLANE_ANGLE_UNIT ( ) SI_UNIT ( $, .RADIAN. ) );
#3692 =( GEOMETRIC_REPRESENTATION_CONTEXT ( 3 ) GLOBAL_UNCERTAINTY_ASSIGNED_CONTEXT ( ( #4217 ) ) GLOBAL_UNIT_ASSIGNED_CONTEXT ( ( #1245, #519, #2028 ) ) REPRESENTATION_CONTEXT ( 'NONE', 'WORKASPACE' ) );
#3693 = FILL_AREA_STYLE ('',( #383 ) ) ;
#3694 = FACE_OUTER_BOUND ( 'NONE', #1278, .T. ) ;
#3695 = CARTESIAN_POINT ( 'NONE',  ( -3.745338183389229900, 5.755863672348045400, 17.60603424658848600 ) ) ;
#3696 = EDGE_CURVE ( 'NONE', #4391, #1012, #3338, .T. ) ;
#3697 = ORIENTED_EDGE ( 'NONE', *, *, #3894, .F. ) ;
#3698 = ORIENTED_EDGE ( 'NONE', *, *, #4315, .F. ) ;
#3699 = AXIS2_PLACEMENT_3D ( 'NONE', #2842, #3592, #1345 ) ;
#3700 = SURFACE_SIDE_STYLE ('',( #516 ) ) ;
#3701 = ADVANCED_FACE ( 'NONE', ( #717 ), #3078, .F. ) ;
#3702 = ORIENTED_EDGE ( 'NONE', *, *, #734, .F. ) ;
#3703 = ORIENTED_EDGE ( 'NONE', *, *, #1887, .T. ) ;
#3704 = UNCERTAINTY_MEASURE_WITH_UNIT (LENGTH_MEASURE( 1.000000000000000100E-005 ), #322, 'distance_accuracy_value', 'NONE');
#3705 = FILL_AREA_STYLE ('',( #2569 ) ) ;
#3706 = ORIENTED_EDGE ( 'NONE', *, *, #2916, .T. ) ;
#3707 =( NAMED_UNIT ( * ) SI_UNIT ( $, .STERADIAN. ) SOLID_ANGLE_UNIT ( ) );
#3708 = MECHANICAL_DESIGN_GEOMETRIC_PRESENTATION_REPRESENTATION (  '', ( #3963 ), #3206 ) ;
#3709 = CARTESIAN_POINT ( 'NONE',  ( 6.339777383674398700, 6.441741035559273200, 16.85080397920125300 ) ) ;
#3710 = ORIENTED_EDGE ( 'NONE', *, *, #2517, .T. ) ;
#3711 =( LENGTH_UNIT ( ) NAMED_UNIT ( * ) SI_UNIT ( .MILLI., .METRE. ) );
#3712 = FACE_OUTER_BOUND ( 'NONE', #1671, .T. ) ;
#3713 = CARTESIAN_POINT ( 'NONE',  ( 4.152098789925732400, 5.755739136159510500, 17.50429020665211900 ) ) ;
#3714 = CARTESIAN_POINT ( 'NONE',  ( 0.1879467857721675000, 5.383779550429016700, 17.99908203867271800 ) ) ;
#3715 = VERTEX_POINT ( 'NONE', #1367 ) ;
#3716 = MECHANICAL_DESIGN_GEOMETRIC_PRESENTATION_REPRESENTATION (  '', ( #601 ), #4060 ) ;
#3717 = DIRECTION ( 'NONE',  ( -0.2080743435216240700, 3.854941057726238100E-016, 0.9781130136993603200 ) ) ;
#3718 = DIRECTION ( 'NONE',  ( -0.0000000000000000000, -1.000000000000000000, -0.0000000000000000000 ) ) ;
#3719 = EDGE_LOOP ( 'NONE', ( #4244, #1052, #200, #3886 ) ) ;
#3720 = LINE ( 'NONE', #1283, #4078 ) ;
#3721 = DIRECTION ( 'NONE',  ( -0.0000000000000000000, -1.000000000000000000, -0.0000000000000000000 ) ) ;
#3722 = AXIS2_PLACEMENT_3D ( 'NONE', #581, #1728, #179 ) ;
#3723 = CARTESIAN_POINT ( 'NONE',  ( 7.997718135403983900, 6.438231380337271000, 16.11448431153259600 ) ) ;
#3724 = CARTESIAN_POINT ( 'NONE',  ( -8.125282227594448500, 3.433728050141748900, 16.05054169559201300 ) ) ;
#3725 = DIRECTION ( 'NONE',  ( -0.0000000000000000000, 1.000000000000000000, -0.0000000000000000000 ) ) ;
#3726 = PRESENTATION_STYLE_ASSIGNMENT (( #3315 ) ) ;
#3727 = EDGE_CURVE ( 'NONE', #887, #4709, #3495, .T. ) ;
#3728 = CARTESIAN_POINT ( 'NONE',  ( 0.0000000000000000000, 3.433728050141728000, 0.0000000000000000000 ) ) ;
#3729 = FILL_AREA_STYLE_COLOUR ( '', #172 ) ;
#3730 = CARTESIAN_POINT ( 'NONE',  ( 7.035057739732624600, 6.438231380346604000, 16.55741714756948500 ) ) ;
#3731 = FILL_AREA_STYLE ('',( #4428 ) ) ;
#3732 =( GEOMETRIC_REPRESENTATION_CONTEXT ( 3 ) GLOBAL_UNCERTAINTY_ASSIGNED_CONTEXT ( ( #366 ) ) GLOBAL_UNIT_ASSIGNED_CONTEXT ( ( #953, #2110, #221 ) ) REPRESENTATION_CONTEXT ( 'NONE', 'WORKASPACE' ) );
#3733 = UNCERTAINTY_MEASURE_WITH_UNIT (LENGTH_MEASURE( 1.000000000000000100E-005 ), #369, 'distance_accuracy_value', 'NONE');
#3734 = CARTESIAN_POINT ( 'NONE',  ( -6.861936548580911400, 3.433728050141748900, 16.62991060719358000 ) ) ;
#3735 = SURFACE_STYLE_FILL_AREA ( #2387 ) ;
#3736 = FACE_OUTER_BOUND ( 'NONE', #715, .T. ) ;
#3737 = PRESENTATION_LAYER_ASSIGNMENT (  '', '', ( #3963 ) ) ;
#3738 = DIRECTION ( 'NONE',  ( -1.000000000000000000, 0.0000000000000000000, 7.228014483236692600E-016 ) ) ;
#3739 = CARTESIAN_POINT ( 'NONE',  ( 4.585533905932739400, 52.48999999999999500, 1.199999999999995300 ) ) ;
#3740 =( GEOMETRIC_REPRESENTATION_CONTEXT ( 3 ) GLOBAL_UNCERTAINTY_ASSIGNED_CONTEXT ( ( #576 ) ) GLOBAL_UNIT_ASSIGNED_CONTEXT ( ( #3780, #4555, #1934 ) ) REPRESENTATION_CONTEXT ( 'NONE', 'WORKASPACE' ) );
#3741 = CARTESIAN_POINT ( 'NONE',  ( 2.016709799052610800, 3.433728050141762600, 17.87660430804477900 ) ) ;
#3742 = SURFACE_STYLE_USAGE ( .BOTH. , #4426 ) ;
#3743 = CARTESIAN_POINT ( 'NONE',  ( -1.301129270185848300, 7.157156118639040400, 17.95291237159769400 ) ) ;
#3744 = CARTESIAN_POINT ( 'NONE',  ( -1.482068330595490500, 3.433728050141762600, 17.92884752189738200 ) ) ;
#3745 = FACE_OUTER_BOUND ( 'NONE', #3541, .T. ) ;
#3746 = CARTESIAN_POINT ( 'NONE',  ( -7.115803990627776800, 4.107634857253054300, 16.53597611073269700 ) ) ;
#3747 = CARTESIAN_POINT ( 'NONE',  ( -3.937195492529642800, 5.067529549057176100, 17.56412513202989300 ) ) ;
#3748 = EDGE_CURVE ( 'NONE', #186, #444, #2551, .T. ) ;
#3749 = VECTOR ( 'NONE', #2191, 1000.000000000000100 ) ;
#3750 = CARTESIAN_POINT ( 'NONE',  ( -0.5942793461577353700, 5.643641476673533200, 17.98028820305895100 ) ) ;
#3751 = MECHANICAL_DESIGN_GEOMETRIC_PRESENTATION_REPRESENTATION (  '', ( #1252 ), #464 ) ;
#3752 = ADVANCED_FACE ( 'NONE', ( #3712 ), #656, .F. ) ;
#3753 = SURFACE_STYLE_FILL_AREA ( #1194 ) ;
#3754 = CARTESIAN_POINT ( 'NONE',  ( -4.943845336485917800, 7.157156118639054700, 17.29735509518453500 ) ) ;
#3755 = EDGE_CURVE ( 'NONE', #846, #762, #3999, .T. ) ;
#3756 = ORIENTED_EDGE ( 'NONE', *, *, #2721, .T. ) ;
#3757 = CIRCLE ( 'NONE', #2828, 17.98999999999999800 ) ;
#3758 = UNCERTAINTY_MEASURE_WITH_UNIT (LENGTH_MEASURE( 1.000000000000000100E-005 ), #1822, 'distance_accuracy_value', 'NONE');
#3759 = PRESENTATION_LAYER_ASSIGNMENT (  '', '', ( #2621 ) ) ;
#3760 = CARTESIAN_POINT ( 'NONE',  ( 5.689701848006699000, 5.755739136159475000, 17.07358497773388700 ) ) ;
#3761 = ORIENTED_EDGE ( 'NONE', *, *, #3921, .F. ) ;
#3762 = MECHANICAL_DESIGN_GEOMETRIC_PRESENTATION_REPRESENTATION (  '', ( #1130 ), #2130 ) ;
#3763 =( LENGTH_UNIT ( ) NAMED_UNIT ( * ) SI_UNIT ( .MILLI., .METRE. ) );
#3764 = VERTEX_POINT ( 'NONE', #213 ) ;
#3765 = ORIENTED_EDGE ( 'NONE', *, *, #1887, .F. ) ;
#3766 = SURFACE_STYLE_USAGE ( .BOTH. , #3016 ) ;
#3767 = DIRECTION ( 'NONE',  ( 0.0000000000000000000, 0.09480909262799543100, -0.9954954725939522100 ) ) ;
#3768 = EDGE_CURVE ( 'NONE', #488, #1519, #2563, .T. ) ;
#3769 = FILL_AREA_STYLE ('',( #2309 ) ) ;
#3770 = CARTESIAN_POINT ( 'NONE',  ( -3.835533905932737100, 52.48999999999999500, -3.235533905932737500 ) ) ;
#3771 = PRESENTATION_LAYER_ASSIGNMENT (  '', '', ( #1784 ) ) ;
#3772 = VERTEX_POINT ( 'NONE', #4316 ) ;
#3773 = CARTESIAN_POINT ( 'NONE',  ( -1.737087199712200800, 6.920910980549343200, 17.90606392481899800 ) ) ;
#3774 = VERTEX_POINT ( 'NONE', #3935 ) ;
#3775 = SURFACE_STYLE_USAGE ( .BOTH. , #406 ) ;
#3776 = VERTEX_POINT ( 'NONE', #2119 ) ;
#3777 =( NAMED_UNIT ( * ) SI_UNIT ( $, .STERADIAN. ) SOLID_ANGLE_UNIT ( ) );
#3778 = PRESENTATION_LAYER_ASSIGNMENT (  '', '', ( #4699 ) ) ;
#3779 = ORIENTED_EDGE ( 'NONE', *, *, #585, .F. ) ;
#3780 =( LENGTH_UNIT ( ) NAMED_UNIT ( * ) SI_UNIT ( .MILLI., .METRE. ) );
#3781 = CARTESIAN_POINT ( 'NONE',  ( 5.204913970324117400, 3.433728050141762600, 17.22059727656171500 ) ) ;
#3782 = ORIENTED_EDGE ( 'NONE', *, *, #3290, .F. ) ;
#3783 = ADVANCED_FACE ( 'NONE', ( #1003 ), #3844, .F. ) ;
#3784 = COLOUR_RGB ( '',0.8980392156862745400, 0.9215686274509803400, 0.9294117647058823800 ) ;
#3785 = SURFACE_STYLE_FILL_AREA ( #3268 ) ;
#3786 = AXIS2_PLACEMENT_3D ( 'NONE', #1021, #3658, #2222 ) ;
#3787 = CARTESIAN_POINT ( 'NONE',  ( -3.745338183389229900, 5.755863672348045400, 17.60603424658848600 ) ) ;
#3788 = ORIENTED_EDGE ( 'NONE', *, *, #3389, .F. ) ;
#3789 = LINE ( 'NONE', #1958, #3028 ) ;
#3790 = CARTESIAN_POINT ( 'NONE',  ( 8.902005596502483800, 6.438150448534705600, 15.64462515881535500 ) ) ;
#3791 = SURFACE_STYLE_FILL_AREA ( #55 ) ;
#3792 = DIRECTION ( 'NONE',  ( 1.063582591085940900E-017, 1.000000000000000000, -0.0000000000000000000 ) ) ;
#3793 = CIRCLE ( 'NONE', #4297, 2.073600000000001700 ) ;
#3794 =( NAMED_UNIT ( * ) PLANE_ANGLE_UNIT ( ) SI_UNIT ( $, .RADIAN. ) );
#3795 = VECTOR ( 'NONE', #4716, 1000.000000000000000 ) ;
#3796 =( NAMED_UNIT ( * ) PLANE_ANGLE_UNIT ( ) SI_UNIT ( $, .RADIAN. ) );
#3797 = CARTESIAN_POINT ( 'NONE',  ( -4.585533905932739400, 52.48999999999999500, -1.199999999999995300 ) ) ;
#3798 = UNCERTAINTY_MEASURE_WITH_UNIT (LENGTH_MEASURE( 1.000000000000000100E-005 ), #1753, 'distance_accuracy_value', 'NONE');
#3799 = EDGE_CURVE ( 'NONE', #1319, #3067, #3071, .T. ) ;
#3800 = CARTESIAN_POINT ( 'NONE',  ( -4.377547598680640000, 7.157156118639054700, 17.44927439813144000 ) ) ;
#3801 = UNCERTAINTY_MEASURE_WITH_UNIT (LENGTH_MEASURE( 1.000000000000000100E-005 ), #2233, 'distance_accuracy_value', 'NONE');
#3802 =( LENGTH_UNIT ( ) NAMED_UNIT ( * ) SI_UNIT ( .MILLI., .METRE. ) );
#3803 = AXIS2_PLACEMENT_3D ( 'NONE', #1242, #3386, #1910 ) ;
#3804 = CARTESIAN_POINT ( 'NONE',  ( -4.194055917732934600, 4.142112498812869200, 17.50456783125277100 ) ) ;
#3805 = DIRECTION ( 'NONE',  ( -0.0000000000000000000, -1.000000000000000000, -0.0000000000000000000 ) ) ;
#3806 = DIRECTION ( 'NONE',  ( 0.0000000000000000000, -0.9954954725939522100, 0.09480909262799527800 ) ) ;
#3807 = STYLED_ITEM ( 'NONE', ( #2179 ), #2578 ) ;
#3808 = ADVANCED_FACE ( 'NONE', ( #3948 ), #1060, .T. ) ;
#3809 = CARTESIAN_POINT ( 'NONE',  ( 3.077401617920657400, 7.157156118639040400, 17.73498235922492200 ) ) ;
#3810 = PRESENTATION_STYLE_ASSIGNMENT (( #4301 ) ) ;
#3811 = PRESENTATION_STYLE_ASSIGNMENT (( #4405 ) ) ;
#3812 = DIRECTION ( 'NONE',  ( 0.0000000000000000000, 0.0000000000000000000, -1.000000000000000000 ) ) ;
#3813 = FACE_OUTER_BOUND ( 'NONE', #4451, .T. ) ;
#3814 = CARTESIAN_POINT ( 'NONE',  ( 5.396926644355851900, 4.142248356456976300, 17.16138930260140000 ) ) ;
#3815 = CARTESIAN_POINT ( 'NONE',  ( -4.585533905932739400, 52.48999999999999500, 1.200000000000004400 ) ) ;
#3816 =( GEOMETRIC_REPRESENTATION_CONTEXT ( 3 ) GLOBAL_UNCERTAINTY_ASSIGNED_CONTEXT ( ( #596 ) ) GLOBAL_UNIT_ASSIGNED_CONTEXT ( ( #1199, #1604, #114 ) ) REPRESENTATION_CONTEXT ( 'NONE', 'WORKASPACE' ) );
#3817 =( NAMED_UNIT ( * ) PLANE_ANGLE_UNIT ( ) SI_UNIT ( $, .RADIAN. ) );
#3818 = CARTESIAN_POINT ( 'NONE',  ( 0.2832420957262649100, 7.157156118639040400, 17.98777012070169300 ) ) ;
#3819 = PLANE ( 'NONE',  #247 ) ;
#3820 = DIRECTION ( 'NONE',  ( -0.0000000000000000000, -1.000000000000000000, -0.0000000000000000000 ) ) ;
#3821 = EDGE_CURVE ( 'NONE', #780, #4291, #3570, .T. ) ;
#3822 = SURFACE_STYLE_FILL_AREA ( #822 ) ;
#3823 = SURFACE_SIDE_STYLE ('',( #2076 ) ) ;
#3824 = SURFACE_STYLE_FILL_AREA ( #2059 ) ;
#3825 = DIRECTION ( 'NONE',  ( 0.0000000000000000000, -0.0000000000000000000, 1.000000000000000000 ) ) ;
#3826 =( GEOMETRIC_REPRESENTATION_CONTEXT ( 3 ) GLOBAL_UNCERTAINTY_ASSIGNED_CONTEXT ( ( #2146 ) ) GLOBAL_UNIT_ASSIGNED_CONTEXT ( ( #271, #4030, #4730 ) ) REPRESENTATION_CONTEXT ( 'NONE', 'WORKASPACE' ) );
#3827 = ORIENTED_EDGE ( 'NONE', *, *, #4321, .T. ) ;
#3828 = VERTEX_POINT ( 'NONE', #1049 ) ;
#3829 = B_SPLINE_CURVE_WITH_KNOTS ( 'NONE', 3,
 ( #1487, #1473, #365, #4071 ),
 .UNSPECIFIED., .F., .F.,
 ( 4, 4 ),
 ( 0.0000000000000000000, 1.000000000000000000 ),
 .UNSPECIFIED. ) ;
#3830 = EDGE_CURVE ( 'NONE', #948, #1682, #77, .T. ) ;
#3831 = CARTESIAN_POINT ( 'NONE',  ( 6.177127730546712500, 7.157156118639027100, 16.90689483614631100 ) ) ;
#3832 = ORIENTED_EDGE ( 'NONE', *, *, #232, .T. ) ;
#3833 = ORIENTED_EDGE ( 'NONE', *, *, #1232, .F. ) ;
#3834 = ORIENTED_EDGE ( 'NONE', *, *, #2437, .T. ) ;
#3835 = AXIS2_PLACEMENT_3D ( 'NONE', #2971, #3738, #3314 ) ;
#3836 = DIRECTION ( 'NONE',  ( -0.0000000000000000000, -1.000000000000000000, -0.0000000000000000000 ) ) ;
#3837 = CIRCLE ( 'NONE', #3880, 17.98999999999999800 ) ;
#3838 = CARTESIAN_POINT ( 'NONE',  ( 0.2355437270427778500, 6.270467834533860700, 17.98852119689501400 ) ) ;
#3839 = ADVANCED_FACE ( 'NONE', ( #2337 ), #2907, .T. ) ;
#3840 = CARTESIAN_POINT ( 'NONE',  ( 2.204364238465235000E-015, 52.00000000000000000, 18.00000000000000000 ) ) ;
#3841 = VERTEX_POINT ( 'NONE', #3685 ) ;
#3842 = EDGE_CURVE ( 'NONE', #4169, #2557, #2156, .T. ) ;
#3843 = FILL_AREA_STYLE ('',( #3411 ) ) ;
#3844 = TOROIDAL_SURFACE ( 'NONE', #257, 18.00000000000000000, 1.384560000000000000 ) ;
#3845 = PRESENTATION_LAYER_ASSIGNMENT (  '', '', ( #1700 ) ) ;
#3846 =( LENGTH_UNIT ( ) NAMED_UNIT ( * ) SI_UNIT ( .MILLI., .METRE. ) );
#3847 = EDGE_LOOP ( 'NONE', ( #1129, #2802, #4136, #3501 ) ) ;
#3848 = CARTESIAN_POINT ( 'NONE',  ( -0.5327008188985686800, 6.748598189941231100, 17.99211576879008200 ) ) ;
#3849 =( NAMED_UNIT ( * ) PLANE_ANGLE_UNIT ( ) SI_UNIT ( $, .RADIAN. ) );
#3850 = SURFACE_STYLE_FILL_AREA ( #2289 ) ;
#3851 = ORIENTED_EDGE ( 'NONE', *, *, #1035, .F. ) ;
#3852 = PRESENTATION_LAYER_ASSIGNMENT (  '', '', ( #2906 ) ) ;
#3853 = CARTESIAN_POINT ( 'NONE',  ( 9.075961542436326500, 7.157156118639040400, 15.53277251749399600 ) ) ;
#3854 = CARTESIAN_POINT ( 'NONE',  ( -3.677590117809055800, 5.986716016355347700, 17.61022255020277100 ) ) ;
#3855 = SURFACE_STYLE_USAGE ( .BOTH. , #2720 ) ;
#3856 =( LENGTH_UNIT ( ) NAMED_UNIT ( * ) SI_UNIT ( .MILLI., .METRE. ) );
#3857 = DIRECTION ( 'NONE',  ( 0.0000000000000000000, 0.0000000000000000000, -1.000000000000000000 ) ) ;
#3858 = EDGE_CURVE ( 'NONE', #3493, #4183, #1305, .T. ) ;
#3859 = PRESENTATION_STYLE_ASSIGNMENT (( #4333 ) ) ;
#3860 = DIRECTION ( 'NONE',  ( 0.0000000000000000000, 0.0000000000000000000, 1.000000000000000000 ) ) ;
#3861 = B_SPLINE_CURVE_WITH_KNOTS ( 'NONE', 3,
 ( #4397, #784, #2477, #2492 ),
 .UNSPECIFIED., .F., .F.,
 ( 4, 4 ),
 ( 0.0000000000000000000, 1.000000000000000000 ),
 .UNSPECIFIED. ) ;
#3862 = FILL_AREA_STYLE_COLOUR ( '', #2080 ) ;
#3863 = CARTESIAN_POINT ( 'NONE',  ( 3.961615388680829900, 5.067529549049515600, 17.55179899487832200 ) ) ;
#3864 = PRESENTATION_LAYER_ASSIGNMENT (  '', '', ( #3198 ) ) ;
#3865 = UNCERTAINTY_MEASURE_WITH_UNIT (LENGTH_MEASURE( 1.000000000000000100E-005 ), #589, 'distance_accuracy_value', 'NONE');
#3866 = CARTESIAN_POINT ( 'NONE',  ( -7.575266643059368500, 5.569342435477963700, 16.32835984679881800 ) ) ;
#3867 = B_SPLINE_CURVE_WITH_KNOTS ( 'NONE', 1,
 ( #110, #1953 ),
 .UNSPECIFIED., .F., .F.,
 ( 2, 2 ),
 ( 0.0000000000000000000, 1.000000000000000000 ),
 .UNSPECIFIED. ) ;
#3868 = CARTESIAN_POINT ( 'NONE',  ( -18.00000000000000000, 46.00000000000000700, 0.0000000000000000000 ) ) ;
#3869 = EDGE_CURVE ( 'NONE', #490, #1389, #2288, .T. ) ;
#3870 = FILL_AREA_STYLE ('',( #1244 ) ) ;
#3871 = PRESENTATION_LAYER_ASSIGNMENT (  '', '', ( #2628 ) ) ;
#3872 = PRESENTATION_STYLE_ASSIGNMENT (( #2749 ) ) ;
#3873 = PRESENTATION_STYLE_ASSIGNMENT (( #4357 ) ) ;
#3874 = DIRECTION ( 'NONE',  ( -1.000000000000000000, 0.0000000000000000000, 0.0000000000000000000 ) ) ;
#3875 = DIRECTION ( 'NONE',  ( -0.0000000000000000000, -1.000000000000000000, -0.0000000000000000000 ) ) ;
#3876 = PRESENTATION_LAYER_ASSIGNMENT (  '', '', ( #921 ) ) ;
#3877 = CARTESIAN_POINT ( 'NONE',  ( 4.585533905932739400, 52.48999999999999500, 1.199999999999995300 ) ) ;
#3878 = CARTESIAN_POINT ( 'NONE',  ( 2.028090582976003200, 6.764561464228345100, 17.88538086223617500 ) ) ;
#3879 = CARTESIAN_POINT ( 'NONE',  ( -4.946593443954788500, 7.157156118639040400, 17.30697007856151300 ) ) ;
#3880 = AXIS2_PLACEMENT_3D ( 'NONE', #2292, #1164, #2998 ) ;
#3881 = CARTESIAN_POINT ( 'NONE',  ( 6.691693093194956500, 6.439986209210037900, 16.71417409166547000 ) ) ;
#3882 = CARTESIAN_POINT ( 'NONE',  ( 8.961869406159916500, 6.677819005245906300, 15.61056183270887100 ) ) ;
#3883 = ORIENTED_EDGE ( 'NONE', *, *, #52, .F. ) ;
#3884 = CARTESIAN_POINT ( 'NONE',  ( 3.518375102477673700, 7.157156118639040400, 17.65279118548296800 ) ) ;
#3885 = ORIENTED_EDGE ( 'NONE', *, *, #2999, .F. ) ;
#3886 = ORIENTED_EDGE ( 'NONE', *, *, #961, .F. ) ;
#3887 = ORIENTED_EDGE ( 'NONE', *, *, #914, .T. ) ;
#3888 = SURFACE_SIDE_STYLE ('',( #3822 ) ) ;
#3889 = COLOUR_RGB ( '',0.8980392156862745400, 0.9215686274509803400, 0.9294117647058823800 ) ;
#3890 = CARTESIAN_POINT ( 'NONE',  ( 1.457925169183372100, 7.157156118639040400, 17.94085990695712200 ) ) ;
#3891 = ORIENTED_EDGE ( 'NONE', *, *, #3161, .T. ) ;
#3892 = ORIENTED_EDGE ( 'NONE', *, *, #4401, .F. ) ;
#3893 = DIRECTION ( 'NONE',  ( 0.0000000000000000000, 0.9954954725939522100, -0.09480909262799543100 ) ) ;
#3894 = EDGE_CURVE ( 'NONE', #996, #2042, #64, .T. ) ;
#3895 = FILL_AREA_STYLE ('',( #4603 ) ) ;
#3896 = CARTESIAN_POINT ( 'NONE',  ( 0.0000000000000000000, 2.073600000000001700, 18.00000000000000400 ) ) ;
#3897 = PRESENTATION_LAYER_ASSIGNMENT (  '', '', ( #3644 ) ) ;
#3898 = CARTESIAN_POINT ( 'NONE',  ( 0.0000000000000000000, 3.433728050141728000, 0.0000000000000000000 ) ) ;
#3899 = ORIENTED_EDGE ( 'NONE', *, *, #3956, .F. ) ;
#3900 = PRESENTATION_STYLE_ASSIGNMENT (( #104 ) ) ;
#3901 = B_SPLINE_SURFACE_WITH_KNOTS ( 'NONE', 1, 3, ( 
 ( #3351, #3006, #2120, #4689 ),
 ( #3208, #990, #1005, #1372 ) ),
 .UNSPECIFIED., .F., .F., .F.,
 ( 2, 2 ),
 ( 4, 4 ),
 ( 0.0000000000000000000, 1.000000000000000000 ),
 ( 0.0000000000000000000, 1.000000000000000000 ),
 .UNSPECIFIED. ) ;
#3902 = CARTESIAN_POINT ( 'NONE',  ( 0.0000000000000000000, 7.157156118639040400, 0.0000000000000000000 ) ) ;
#3903 = DIRECTION ( 'NONE',  ( -0.0000000000000000000, -1.000000000000000000, -0.0000000000000000000 ) ) ;
#3904 = ORIENTED_EDGE ( 'NONE', *, *, #4444, .T. ) ;
#3905 = VERTEX_POINT ( 'NONE', #2189 ) ;
#3906 =( GEOMETRIC_REPRESENTATION_CONTEXT ( 3 ) GLOBAL_UNCERTAINTY_ASSIGNED_CONTEXT ( ( #849 ) ) GLOBAL_UNIT_ASSIGNED_CONTEXT ( ( #4625, #2433, #2829 ) ) REPRESENTATION_CONTEXT ( 'NONE', 'WORKASPACE' ) );
#3907 = CARTESIAN_POINT ( 'NONE',  ( -7.608679787506400100, 5.455448435884808800, 16.31281679818637200 ) ) ;
#3908 = ORIENTED_EDGE ( 'NONE', *, *, #1163, .F. ) ;
#3909 = B_SPLINE_SURFACE_WITH_KNOTS ( 'NONE', 1, 3, ( 
 ( #4310, #4729, #669, #2279 ),
 ( #4853, #3367, #3024, #4516 ) ),
 .UNSPECIFIED., .F., .F., .F.,
 ( 2, 2 ),
 ( 4, 4 ),
 ( 0.0000000000000000000, 1.000000000000000000 ),
 ( 0.0000000000000000000, 1.000000000000000000 ),
 .UNSPECIFIED. ) ;
#3910 = DIRECTION ( 'NONE',  ( 0.0000000000000000000, 1.000000000000000000, 0.0000000000000000000 ) ) ;
#3911 = STYLED_ITEM ( 'NONE', ( #2684 ), #3701 ) ;
#3912 = SURFACE_STYLE_USAGE ( .BOTH. , #2772 ) ;
#3913 = DIRECTION ( 'NONE',  ( -1.000000000000000000, 0.0000000000000000000, 0.0000000000000000000 ) ) ;
#3914 = B_SPLINE_SURFACE_WITH_KNOTS ( 'NONE', 1, 3, ( 
 ( #1029, #4501, #24, #2691 ),
 ( #2336, #1116, #415, #4120 ) ),
 .UNSPECIFIED., .F., .F., .F.,
 ( 2, 2 ),
 ( 4, 4 ),
 ( 0.0000000000000000000, 1.000000000000000000 ),
 ( 0.0000000000000000000, 1.000000000000000000 ),
 .UNSPECIFIED. ) ;
#3915 = FILL_AREA_STYLE ('',( #3609 ) ) ;
#3916 = EDGE_CURVE ( 'NONE', #4190, #3022, #998, .T. ) ;
#3917 = CARTESIAN_POINT ( 'NONE',  ( 5.983915603444074800, 6.443495864422721400, 16.97624086925190000 ) ) ;
#3918 = COLOUR_RGB ( '',0.8980392156862745400, 0.9215686274509803400, 0.9294117647058823800 ) ;
#3919 = UNCERTAINTY_MEASURE_WITH_UNIT (LENGTH_MEASURE( 1.000000000000000100E-005 ), #2544, 'distance_accuracy_value', 'NONE');
#3920 = LINE ( 'NONE', #40, #4662 ) ;
#3921 = EDGE_CURVE ( 'NONE', #2793, #4291, #4056, .T. ) ;
#3922 = B_SPLINE_CURVE_WITH_KNOTS ( 'NONE', 1,
 ( #3083, #78 ),
 .UNSPECIFIED., .F., .F.,
 ( 2, 2 ),
 ( 0.0000000000000000000, 1.000000000000000000 ),
 .UNSPECIFIED. ) ;
#3923 = DIRECTION ( 'NONE',  ( 0.0000000000000000000, -0.0000000000000000000, 1.000000000000000000 ) ) ;
#3924 = PRESENTATION_LAYER_ASSIGNMENT (  '', '', ( #1746 ) ) ;
#3925 = SURFACE_STYLE_FILL_AREA ( #2790 ) ;
#3926 = EDGE_CURVE ( 'NONE', #2087, #3183, #712, .T. ) ;
#3927 = FACE_OUTER_BOUND ( 'NONE', #1006, .T. ) ;
#3928 = VECTOR ( 'NONE', #643, 1000.000000000000000 ) ;
#3929 = FILL_AREA_STYLE_COLOUR ( '', #3667 ) ;
#3930 =( GEOMETRIC_REPRESENTATION_CONTEXT ( 3 ) GLOBAL_UNCERTAINTY_ASSIGNED_CONTEXT ( ( #1944 ) ) GLOBAL_UNIT_ASSIGNED_CONTEXT ( ( #4677, #1347, #3971 ) ) REPRESENTATION_CONTEXT ( 'NONE', 'WORKASPACE' ) );
#3931 = VECTOR ( 'NONE', #3286, 1000.000000000000000 ) ;
#3932 = PLANE ( 'NONE',  #3573 ) ;
#3933 = AXIS2_PLACEMENT_3D ( 'NONE', #2231, #1102, #2606 ) ;
#3934 = B_SPLINE_SURFACE_WITH_KNOTS ( 'NONE', 1, 3, ( 
 ( #1158, #4541, #1631, #3478 ),
 ( #775, #1192, #398, #3100 ) ),
 .UNSPECIFIED., .F., .F., .F.,
 ( 2, 2 ),
 ( 4, 4 ),
 ( 0.0000000000000000000, 1.000000000000000000 ),
 ( 0.0000000000000000000, 1.000000000000000000 ),
 .UNSPECIFIED. ) ;
#3935 = CARTESIAN_POINT ( 'NONE',  ( -4.191725886667518900, 4.142112498812883500, 17.49484307134652300 ) ) ;
#3936 = FILL_AREA_STYLE ('',( #3322 ) ) ;
#3937 = CARTESIAN_POINT ( 'NONE',  ( 4.152098789925732400, 5.755739136159510500, 17.50429020665211900 ) ) ;
#3938 = ORIENTED_EDGE ( 'NONE', *, *, #1743, .T. ) ;
#3939 = EDGE_LOOP ( 'NONE', ( #3482, #4117, #3199, #3296, #1316, #1450, #699, #4339, #1452, #4334, #1885, #4284, #1999, #1986, #3349 ) ) ;
#3940 = UNCERTAINTY_MEASURE_WITH_UNIT (LENGTH_MEASURE( 1.000000000000000100E-005 ), #1662, 'distance_accuracy_value', 'NONE');
#3941 = CARTESIAN_POINT ( 'NONE',  ( 3.235533905932737500, 52.48999999999999500, 3.835533905932737600 ) ) ;
#3942 = B_SPLINE_SURFACE_WITH_KNOTS ( 'NONE', 1, 3, ( 
 ( #3890, #4654, #2825, #1324 ),
 ( #2838, #3952, #3543, #3964 ) ),
 .UNSPECIFIED., .F., .F., .F.,
 ( 2, 2 ),
 ( 4, 4 ),
 ( 0.0000000000000000000, 1.000000000000000000 ),
 ( 0.0000000000000000000, 1.000000000000000000 ),
 .UNSPECIFIED. ) ;
#3943 = CARTESIAN_POINT ( 'NONE',  ( 7.035057739732624600, 6.438231380346604000, 16.55741714756948500 ) ) ;
#3944 = CARTESIAN_POINT ( 'NONE',  ( 0.0000000000000000000, 7.157156118639020000, 0.0000000000000000000 ) ) ;
#3945 = ORIENTED_EDGE ( 'NONE', *, *, #435, .T. ) ;
#3946 = ORIENTED_EDGE ( 'NONE', *, *, #899, .F. ) ;
#3947 = ORIENTED_EDGE ( 'NONE', *, *, #3260, .F. ) ;
#3948 = FACE_OUTER_BOUND ( 'NONE', #244, .T. ) ;
#3949 = UNCERTAINTY_MEASURE_WITH_UNIT (LENGTH_MEASURE( 1.000000000000000100E-005 ), #954, 'distance_accuracy_value', 'NONE');
#3950 = CARTESIAN_POINT ( 'NONE',  ( 5.269027747823916900, 3.669901485588553700, 17.20121893033831400 ) ) ;
#3951 = VERTEX_POINT ( 'NONE', #3340 ) ;
#3952 = CARTESIAN_POINT ( 'NONE',  ( 1.019035160431686300, 6.270467679747065800, 17.96649239016289500 ) ) ;
#3953 = STYLED_ITEM ( 'NONE', ( #3872 ), #677 ) ;
#3954 = DIRECTION ( 'NONE',  ( -1.224646799147353200E-016, 1.302513015802245800E-033, 1.000000000000000000 ) ) ;
#3955 = ORIENTED_EDGE ( 'NONE', *, *, #3675, .F. ) ;
#3956 = EDGE_CURVE ( 'NONE', #1389, #2793, #2405, .T. ) ;
#3957 =( NAMED_UNIT ( * ) SI_UNIT ( $, .STERADIAN. ) SOLID_ANGLE_UNIT ( ) );
#3958 = STYLED_ITEM ( 'NONE', ( #3859 ), #1412 ) ;
#3959 = CARTESIAN_POINT ( 'NONE',  ( -0.7183957370472805500, 3.433728050141735100, 17.98565838564138300 ) ) ;
#3960 = LINE ( 'NONE', #3840, #3504 ) ;
#3961 = ORIENTED_EDGE ( 'NONE', *, *, #2779, .T. ) ;
#3962 = FILL_AREA_STYLE ('',( #4338 ) ) ;
#3963 = STYLED_ITEM ( 'NONE', ( #4212 ), #2212 ) ;
#3964 = CARTESIAN_POINT ( 'NONE',  ( 0.1401395366268234900, 4.497091266323499400, 17.98945415820818600 ) ) ;
#3965 = FILL_AREA_STYLE_COLOUR ( '', #4245 ) ;
#3966 = AXIS2_PLACEMENT_3D ( 'NONE', #1980, #4552, #1262 ) ;
#3967 = SURFACE_SIDE_STYLE ('',( #1879 ) ) ;
#3968 = SURFACE_STYLE_FILL_AREA ( #4109 ) ;
#3969 = DIRECTION ( 'NONE',  ( 0.0000000000000000000, 1.000000000000000000, 0.0000000000000000000 ) ) ;
#3970 = CARTESIAN_POINT ( 'NONE',  ( 9.075961542436331800, 7.157156118639040400, 15.53277251749399000 ) ) ;
#3971 =( NAMED_UNIT ( * ) SI_UNIT ( $, .STERADIAN. ) SOLID_ANGLE_UNIT ( ) );
#3972 = PRESENTATION_STYLE_ASSIGNMENT (( #1812 ) ) ;
#3973 = PRESENTATION_STYLE_ASSIGNMENT (( #3204 ) ) ;
#3974 = MECHANICAL_DESIGN_GEOMETRIC_PRESENTATION_REPRESENTATION (  '', ( #2970 ), #1719 ) ;
#3975 = CIRCLE ( 'NONE', #3677, 18.00000000000000000 ) ;
#3976 = DIRECTION ( 'NONE',  ( 0.0000000000000000000, 1.000000000000000000, 0.0000000000000000000 ) ) ;
#3977 =( NAMED_UNIT ( * ) SI_UNIT ( $, .STERADIAN. ) SOLID_ANGLE_UNIT ( ) );
#3978 = SURFACE_STYLE_USAGE ( .BOTH. , #2188 ) ;
#3979 = EDGE_CURVE ( 'NONE', #2169, #659, #3837, .T. ) ;
#3980 = SURFACE_STYLE_FILL_AREA ( #465 ) ;
#3981 =( GEOMETRIC_REPRESENTATION_CONTEXT ( 3 ) GLOBAL_UNCERTAINTY_ASSIGNED_CONTEXT ( ( #4443 ) ) GLOBAL_UNIT_ASSIGNED_CONTEXT ( ( #1109, #3382, #1451 ) ) REPRESENTATION_CONTEXT ( 'NONE', 'WORKASPACE' ) );
#3982 = COLOUR_RGB ( '',0.8980392156862745400, 0.9215686274509803400, 0.9294117647058823800 ) ;
#3983 = B_SPLINE_SURFACE_WITH_KNOTS ( 'NONE', 1, 3, ( 
 ( #1422, #266, #4760, #984 ),
 ( #2143, #239, #2160, #4723 ) ),
 .UNSPECIFIED., .F., .F., .F.,
 ( 2, 2 ),
 ( 4, 4 ),
 ( 0.0000000000000000000, 1.000000000000000000 ),
 ( 0.0000000000000000000, 1.000000000000000000 ),
 .UNSPECIFIED. ) ;
#3984 = PLANE ( 'NONE',  #4511 ) ;
#3985 = MECHANICAL_DESIGN_GEOMETRIC_PRESENTATION_REPRESENTATION (  '', ( #2667 ), #36 ) ;
#3986 = COLOUR_RGB ( '',0.8980392156862745400, 0.9215686274509803400, 0.9294117647058823800 ) ;
#3987 = ORIENTED_EDGE ( 'NONE', *, *, #2776, .T. ) ;
#3988 = DIRECTION ( 'NONE',  ( 0.0000000000000000000, -0.9954954725939522100, -0.09480909262799541700 ) ) ;
#3989 = SURFACE_STYLE_FILL_AREA ( #1223 ) ;
#3990 = VERTEX_POINT ( 'NONE', #2597 ) ;
#3991 = MECHANICAL_DESIGN_GEOMETRIC_PRESENTATION_REPRESENTATION (  '', ( #2176 ), #3157 ) ;
#3992 = B_SPLINE_SURFACE_WITH_KNOTS ( 'NONE', 1, 3, ( 
 ( #1844, #1459, #3317, #2219 ),
 ( #2524, #4788, #2594, #2173 ) ),
 .UNSPECIFIED., .F., .F., .F.,
 ( 2, 2 ),
 ( 4, 4 ),
 ( 0.0000000000000000000, 1.000000000000000000 ),
 ( 0.0000000000000000000, 1.000000000000000000 ),
 .UNSPECIFIED. ) ;
#3993 = CARTESIAN_POINT ( 'NONE',  ( -3.235533905932737500, 51.98999999999999500, -3.235533905932737500 ) ) ;
#3994 = ORIENTED_EDGE ( 'NONE', *, *, #367, .T. ) ;
#3995 = EDGE_LOOP ( 'NONE', ( #2449, #4681, #3706, #707, #1754, #1180 ) ) ;
#3996 = ORIENTED_EDGE ( 'NONE', *, *, #2947, .T. ) ;
#3997 = EDGE_CURVE ( 'NONE', #2443, #245, #3236, .T. ) ;
#3998 = ORIENTED_EDGE ( 'NONE', *, *, #1291, .F. ) ;
#3999 = LINE ( 'NONE', #3993, #648 ) ;
#4000 = SURFACE_STYLE_USAGE ( .BOTH. , #1648 ) ;
#4001 = UNCERTAINTY_MEASURE_WITH_UNIT (LENGTH_MEASURE( 1.000000000000000100E-005 ), #80, 'distance_accuracy_value', 'NONE');
#4002 = DIRECTION ( 'NONE',  ( 0.0000000000000000000, 1.000000000000000000, 0.0000000000000000000 ) ) ;
#4003 = AXIS2_PLACEMENT_3D ( 'NONE', #4207, #2340, #2360 ) ;
#4004 = CARTESIAN_POINT ( 'NONE',  ( 3.518375102477673700, 7.157156118639040400, 17.65279118548296800 ) ) ;
#4005 = ORIENTED_EDGE ( 'NONE', *, *, #3997, .T. ) ;
#4006 = EDGE_CURVE ( 'NONE', #3022, #4393, #1998, .T. ) ;
#4007 = CARTESIAN_POINT ( 'NONE',  ( -5.805581988862651400, 3.433728050141748900, 17.03805205328923500 ) ) ;
#4008 = MANIFOLD_SOLID_BREP ( 'Wrap1', #4240 ) ;
#4009 = CARTESIAN_POINT ( 'NONE',  ( 2.485533905932738400, 52.48999999999999500, -4.171734828359475000E-015 ) ) ;
#4010 = ORIENTED_EDGE ( 'NONE', *, *, #4444, .F. ) ;
#4011 =( LENGTH_UNIT ( ) NAMED_UNIT ( * ) SI_UNIT ( .MILLI., .METRE. ) );
#4012 = STYLED_ITEM ( 'NONE', ( #1546 ), #645 ) ;
#4013 = ORIENTED_EDGE ( 'NONE', *, *, #2626, .T. ) ;
#4014 = B_SPLINE_SURFACE_WITH_KNOTS ( 'NONE', 1, 3, ( 
 ( #1919, #3709, #1099, #772 ),
 ( #2618, #4068, #4084, #754 ) ),
 .UNSPECIFIED., .F., .F., .F.,
 ( 2, 2 ),
 ( 4, 4 ),
 ( 0.0000000000000000000, 1.000000000000000000 ),
 ( 0.0000000000000000000, 1.000000000000000000 ),
 .UNSPECIFIED. ) ;
#4015 = TOROIDAL_SURFACE ( 'NONE', #3444, 15.92640000000000100, 2.073599999999999900 ) ;
#4016 = EDGE_CURVE ( 'NONE', #2859, #3309, #3135, .T. ) ;
#4017 = ORIENTED_EDGE ( 'NONE', *, *, #2921, .T. ) ;
#4018 = MECHANICAL_DESIGN_GEOMETRIC_PRESENTATION_REPRESENTATION (  '', ( #1784 ), #3930 ) ;
#4019 = CIRCLE ( 'NONE', #3933, 17.99999999999999600 ) ;
#4020 = CARTESIAN_POINT ( 'NONE',  ( 1.075260010820361600, 3.433728050141748900, 17.96785507257698800 ) ) ;
#4021 = CARTESIAN_POINT ( 'NONE',  ( -5.407851946168271700, 3.433728050141748900, 17.15794968311552200 ) ) ;
#4022 = STYLED_ITEM ( 'NONE', ( #2232 ), #2901 ) ;
#4023 =( NAMED_UNIT ( * ) SI_UNIT ( $, .STERADIAN. ) SOLID_ANGLE_UNIT ( ) );
#4024 = DIRECTION ( 'NONE',  ( 0.0000000000000000000, 0.0000000000000000000, -1.000000000000000000 ) ) ;
#4025 = ADVANCED_FACE ( 'NONE', ( #1447 ), #668, .F. ) ;
#4026 = FILL_AREA_STYLE ('',( #1017 ) ) ;
#4027 = CARTESIAN_POINT ( 'NONE',  ( -3.835533905932737100, 51.98999999999999500, -3.235533905932737500 ) ) ;
#4028 = UNCERTAINTY_MEASURE_WITH_UNIT (LENGTH_MEASURE( 1.000000000000000100E-005 ), #1343, 'distance_accuracy_value', 'NONE');
#4029 =( GEOMETRIC_REPRESENTATION_CONTEXT ( 3 ) GLOBAL_UNCERTAINTY_ASSIGNED_CONTEXT ( ( #4761 ) ) GLOBAL_UNIT_ASSIGNED_CONTEXT ( ( #3321, #2528, #2204 ) ) REPRESENTATION_CONTEXT ( 'NONE', 'WORKASPACE' ) );
#4030 =( NAMED_UNIT ( * ) PLANE_ANGLE_UNIT ( ) SI_UNIT ( $, .RADIAN. ) );
#4031 =( NAMED_UNIT ( * ) SI_UNIT ( $, .STERADIAN. ) SOLID_ANGLE_UNIT ( ) );
#4032 = VECTOR ( 'NONE', #2424, 1000.000000000000000 ) ;
#4033 = FILL_AREA_STYLE ('',( #1394 ) ) ;
#4034 = CARTESIAN_POINT ( 'NONE',  ( 3.835533905932737100, 58.78999999999999200, 3.835533905932737600 ) ) ;
#4035 = SURFACE_STYLE_FILL_AREA ( #1040 ) ;
#4036 =( NAMED_UNIT ( * ) SI_UNIT ( $, .STERADIAN. ) SOLID_ANGLE_UNIT ( ) );
#4037 = CARTESIAN_POINT ( 'NONE',  ( 5.500837962627832300, 5.067529549049550200, 17.12836482881283500 ) ) ;
#4038 = CARTESIAN_POINT ( 'NONE',  ( -4.379980921414766500, 7.157156118639040400, 17.45897382803590100 ) ) ;
#4039 = SURFACE_SIDE_STYLE ('',( #4773 ) ) ;
#4040 = EDGE_CURVE ( 'NONE', #2172, #4132, #1687, .T. ) ;
#4041 =( NAMED_UNIT ( * ) PLANE_ANGLE_UNIT ( ) SI_UNIT ( $, .RADIAN. ) );
#4042 = FACE_OUTER_BOUND ( 'NONE', #432, .T. ) ;
#4043 = STYLED_ITEM ( 'NONE', ( #209 ), #1469 ) ;
#4044 = CARTESIAN_POINT ( 'NONE',  ( 0.0000000000000000000, 44.61544000000000700, -18.00000000000000000 ) ) ;
#4045 = ORIENTED_EDGE ( 'NONE', *, *, #4073, .T. ) ;
#4046 = ADVANCED_FACE ( 'NONE', ( #4394 ), #1617, .F. ) ;
#4047 = CARTESIAN_POINT ( 'NONE',  ( 0.0000000000000000000, 0.0000000000000000000, 0.0000000000000000000 ) ) ;
#4048 = VERTEX_POINT ( 'NONE', #422 ) ;
#4049 = MECHANICAL_DESIGN_GEOMETRIC_PRESENTATION_REPRESENTATION (  '', ( #539 ), #4305 ) ;
#4050 = ORIENTED_EDGE ( 'NONE', *, *, #4263, .F. ) ;
#4051 = VERTEX_POINT ( 'NONE', #1520 ) ;
#4052 =( NAMED_UNIT ( * ) PLANE_ANGLE_UNIT ( ) SI_UNIT ( $, .RADIAN. ) );
#4053 = DIRECTION ( 'NONE',  ( 1.000000000000000000, 0.0000000000000000000, -0.0000000000000000000 ) ) ;
#4054 = ORIENTED_EDGE ( 'NONE', *, *, #3606, .F. ) ;
#4055 = ORIENTED_EDGE ( 'NONE', *, *, #4092, .T. ) ;
#4056 = B_SPLINE_CURVE_WITH_KNOTS ( 'NONE', 3,
 ( #3787, #2273, #2663, #781 ),
 .UNSPECIFIED., .F., .F.,
 ( 4, 4 ),
 ( 0.0000000000000000000, 1.000000000000000000 ),
 .UNSPECIFIED. ) ;
#4057 = FILL_AREA_STYLE_COLOUR ( '', #4823 ) ;
#4058 = ORIENTED_EDGE ( 'NONE', *, *, #3869, .F. ) ;
#4059 = SURFACE_STYLE_FILL_AREA ( #662 ) ;
#4060 =( GEOMETRIC_REPRESENTATION_CONTEXT ( 3 ) GLOBAL_UNCERTAINTY_ASSIGNED_CONTEXT ( ( #4420 ) ) GLOBAL_UNIT_ASSIGNED_CONTEXT ( ( #450, #4589, #824 ) ) REPRESENTATION_CONTEXT ( 'NONE', 'WORKASPACE' ) );
#4061 = CARTESIAN_POINT ( 'NONE',  ( -2.168273083208567300, 5.755863672348045400, 17.85885471794407000 ) ) ;
#4062 = EDGE_LOOP ( 'NONE', ( #2501, #3420, #3137, #23 ) ) ;
#4063 = LINE ( 'NONE', #2754, #3301 ) ;
#4064 = EDGE_CURVE ( 'NONE', #192, #11, #3064, .T. ) ;
#4065 = PLANE ( 'NONE',  #4802 ) ;
#4066 = ORIENTED_EDGE ( 'NONE', *, *, #4006, .T. ) ;
#4067 =( GEOMETRIC_REPRESENTATION_CONTEXT ( 3 ) GLOBAL_UNCERTAINTY_ASSIGNED_CONTEXT ( ( #2927 ) ) GLOBAL_UNIT_ASSIGNED_CONTEXT ( ( #3856, #56, #3046 ) ) REPRESENTATION_CONTEXT ( 'NONE', 'WORKASPACE' ) );
#4068 = CARTESIAN_POINT ( 'NONE',  ( 6.336255285127911900, 6.441741035559273200, 16.84144242143503000 ) ) ;
#4069 = UNCERTAINTY_MEASURE_WITH_UNIT (LENGTH_MEASURE( 1.000000000000000100E-005 ), #2624, 'distance_accuracy_value', 'NONE');
#4070 = SURFACE_STYLE_FILL_AREA ( #4122 ) ;
#4071 = CARTESIAN_POINT ( 'NONE',  ( 2.026963865985461400, 6.764561464228359400, 17.87544453953493200 ) ) ;
#4072 = ORIENTED_EDGE ( 'NONE', *, *, #2845, .F. ) ;
#4073 = EDGE_CURVE ( 'NONE', #3505, #1682, #2210, .T. ) ;
#4074 =( NAMED_UNIT ( * ) PLANE_ANGLE_UNIT ( ) SI_UNIT ( $, .RADIAN. ) );
#4075 = ADVANCED_FACE ( 'NONE', ( #1989 ), #675, .F. ) ;
#4076 =( LENGTH_UNIT ( ) NAMED_UNIT ( * ) SI_UNIT ( .MILLI., .METRE. ) );
#4077 = MECHANICAL_DESIGN_GEOMETRIC_PRESENTATION_REPRESENTATION (  '', ( #1746 ), #2891 ) ;
#4078 = VECTOR ( 'NONE', #503, 1000.000000000000000 ) ;
#4079 = CARTESIAN_POINT ( 'NONE',  ( 0.1402174352019356600, 4.497091266323499400, 17.99945385479418600 ) ) ;
#4080 = CARTESIAN_POINT ( 'NONE',  ( -3.935737271976854900, 5.067529549057169000, 17.55761990049951400 ) ) ;
#4081 = DIRECTION ( 'NONE',  ( -1.000000000000000000, 0.0000000000000000000, 0.0000000000000000000 ) ) ;
#4082 = EDGE_CURVE ( 'NONE', #773, #3229, #2332, .T. ) ;
#4083 = CARTESIAN_POINT ( 'NONE',  ( -7.604452743180000400, 5.455448435884823000, 16.30375412218738500 ) ) ;
#4084 = CARTESIAN_POINT ( 'NONE',  ( 6.687975485920960100, 6.439986209210037900, 16.70488843939232000 ) ) ;
#4085 = CIRCLE ( 'NONE', #1495, 17.98999999999999800 ) ;
#4086 = MECHANICAL_DESIGN_GEOMETRIC_PRESENTATION_REPRESENTATION (  '', ( #2090 ), #4251 ) ;
#4087 = FACE_OUTER_BOUND ( 'NONE', #1685, .T. ) ;
#4088 = PLANE ( 'NONE',  #2216 ) ;
#4089 =( NAMED_UNIT ( * ) SI_UNIT ( $, .STERADIAN. ) SOLID_ANGLE_UNIT ( ) );
#4090 = COLOUR_RGB ( '',0.8980392156862745400, 0.9215686274509803400, 0.9294117647058823800 ) ;
#4091 = B_SPLINE_CURVE_WITH_KNOTS ( 'NONE', 3,
 ( #3970, #205, #1698, #2094 ),
 .UNSPECIFIED., .F., .F.,
 ( 4, 4 ),
 ( 0.0000000000000000000, 1.000000000000000000 ),
 .UNSPECIFIED. ) ;
#4092 = EDGE_CURVE ( 'NONE', #133, #2330, #4796, .T. ) ;
#4093 = DIRECTION ( 'NONE',  ( 0.0000000000000000000, 0.0000000000000000000, -1.000000000000000000 ) ) ;
#4094 = FACE_OUTER_BOUND ( 'NONE', #4342, .T. ) ;
#4095 = ADVANCED_FACE ( 'NONE', ( #1311 ), #696, .F. ) ;
#4096 = CARTESIAN_POINT ( 'NONE',  ( -7.604452743180007500, 5.455448435884808800, 16.30375412218737800 ) ) ;
#4097 = DIRECTION ( 'NONE',  ( -0.0000000000000000000, -1.000000000000000000, -0.0000000000000000000 ) ) ;
#4098 = MECHANICAL_DESIGN_GEOMETRIC_PRESENTATION_REPRESENTATION (  '', ( #3953 ), #396 ) ;
#4099 = CARTESIAN_POINT ( 'NONE',  ( -3.743257439954006400, 5.755863672348058700, 17.59625311645149600 ) ) ;
#4100 = CARTESIAN_POINT ( 'NONE',  ( 4.347806859457654700, 6.448296168183424500, 17.45670861052715500 ) ) ;
#4101 = CIRCLE ( 'NONE', #2590, 18.00000000000000000 ) ;
#4102 = CARTESIAN_POINT ( 'NONE',  ( 0.2356746574079862900, 6.270467834533522300, 17.99852037488106000 ) ) ;
#4103 = ORIENTED_EDGE ( 'NONE', *, *, #232, .F. ) ;
#4104 = EDGE_CURVE ( 'NONE', #1985, #3611, #3441, .T. ) ;
#4105 = CARTESIAN_POINT ( 'NONE',  ( 4.899400562229700100, 6.446696066929847600, 17.31932745019205600 ) ) ;
#4106 = DIRECTION ( 'NONE',  ( -0.0000000000000000000, -1.000000000000000000, -0.0000000000000000000 ) ) ;
#4107 = ORIENTED_EDGE ( 'NONE', *, *, #3066, .F. ) ;
#4108 = MECHANICAL_DESIGN_GEOMETRIC_PRESENTATION_REPRESENTATION (  '', ( #2628 ), #4609 ) ;
#4109 = FILL_AREA_STYLE ('',( #353 ) ) ;
#4110 = VERTEX_POINT ( 'NONE', #897 ) ;
#4111 =( NAMED_UNIT ( * ) SI_UNIT ( $, .STERADIAN. ) SOLID_ANGLE_UNIT ( ) );
#4112 = ORIENTED_EDGE ( 'NONE', *, *, #4623, .F. ) ;
#4113 = ORIENTED_EDGE ( 'NONE', *, *, #4395, .F. ) ;
#4114 = CARTESIAN_POINT ( 'NONE',  ( 0.2832420957262649100, 7.157156118639040400, 17.98777012070169300 ) ) ;
#4115 = AXIS2_PLACEMENT_3D ( 'NONE', #3898, #2077, #4644 ) ;
#4116 = CARTESIAN_POINT ( 'NONE',  ( -7.433508988459644600, 6.098613663198323200, 16.38310215041499200 ) ) ;
#4117 = ORIENTED_EDGE ( 'NONE', *, *, #2274, .T. ) ;
#4118 = ORIENTED_EDGE ( 'NONE', *, *, #2364, .T. ) ;
#4119 = B_SPLINE_CURVE_WITH_KNOTS ( 'NONE', 3,
 ( #3231, #3130, #2803, #1661 ),
 .UNSPECIFIED., .F., .F.,
 ( 4, 4 ),
 ( 0.0000000000000000000, 1.000000000000000000 ),
 .UNSPECIFIED. ) ;
#4120 = CARTESIAN_POINT ( 'NONE',  ( -0.5324048739991806800, 6.748598189941224000, 17.98212014891853300 ) ) ;
#4121 = DIRECTION ( 'NONE',  ( -0.0000000000000000000, -1.000000000000000000, -0.0000000000000000000 ) ) ;
#4122 = FILL_AREA_STYLE ('',( #3334 ) ) ;
#4123 = CARTESIAN_POINT ( 'NONE',  ( -2.163656463653875300, 4.142112498812869200, 17.86948770131054000 ) ) ;
#4124 = ADVANCED_FACE ( 'NONE', ( #4731 ), #3534, .F. ) ;
#4125 =( NAMED_UNIT ( * ) PLANE_ANGLE_UNIT ( ) SI_UNIT ( $, .RADIAN. ) );
#4126 = DIRECTION ( 'NONE',  ( -0.0000000000000000000, -1.000000000000000000, -0.0000000000000000000 ) ) ;
#4127 = VERTEX_POINT ( 'NONE', #518 ) ;
#4128 = SURFACE_SIDE_STYLE ('',( #1373 ) ) ;
#4129 = LINE ( 'NONE', #1018, #146 ) ;
#4130 = CARTESIAN_POINT ( 'NONE',  ( -2.233295409729310500, 5.526418964584427100, 17.85096024975844400 ) ) ;
#4131 =( NAMED_UNIT ( * ) PLANE_ANGLE_UNIT ( ) SI_UNIT ( $, .RADIAN. ) );
#4132 = VERTEX_POINT ( 'NONE', #1555 ) ;
#4133 = EDGE_LOOP ( 'NONE', ( #944, #3945, #4349, #3955 ) ) ;
#4134 = CARTESIAN_POINT ( 'NONE',  ( -3.835533905932737100, 58.78999999999999200, -3.835533905932737600 ) ) ;
#4135 = CARTESIAN_POINT ( 'NONE',  ( 6.770191727986486700, 5.436730270278309800, 16.66995569566062200 ) ) ;
#4136 = ORIENTED_EDGE ( 'NONE', *, *, #3587, .F. ) ;
#4137 = CARTESIAN_POINT ( 'NONE',  ( 1.950421478194040200E-015, 51.98999999999999500, -15.92640000000000100 ) ) ;
#4138 = CARTESIAN_POINT ( 'NONE',  ( -7.571058161590995500, 5.569342435477977900, 16.31928853577282400 ) ) ;
#4139 = EDGE_CURVE ( 'NONE', #2417, #4051, #63, .T. ) ;
#4140 = CARTESIAN_POINT ( 'NONE',  ( -7.575266643059368500, 5.569342435477963700, 16.32835984679881800 ) ) ;
#4141 = VECTOR ( 'NONE', #3579, 1000.000000000000000 ) ;
#4142 = CARTESIAN_POINT ( 'NONE',  ( -4.943845336485924900, 7.157156118639040400, 17.29735509518453500 ) ) ;
#4143 = DIRECTION ( 'NONE',  ( 1.063582591085940900E-017, 1.000000000000000000, -0.0000000000000000000 ) ) ;
#4144 = PRESENTATION_LAYER_ASSIGNMENT (  '', '', ( #2446 ) ) ;
#4145 = FACE_OUTER_BOUND ( 'NONE', #3000, .T. ) ;
#4146 = MECHANICAL_DESIGN_GEOMETRIC_PRESENTATION_REPRESENTATION (  '', ( #1824 ), #4246 ) ;
#4147 = UNCERTAINTY_MEASURE_WITH_UNIT (LENGTH_MEASURE( 1.000000000000000100E-005 ), #101, 'distance_accuracy_value', 'NONE');
#4148 = CIRCLE ( 'NONE', #1327, 18.00000000000000000 ) ;
#4149 = DIRECTION ( 'NONE',  ( 0.0000000000000000000, 1.000000000000000000, 0.0000000000000000000 ) ) ;
#4150 = B_SPLINE_CURVE_WITH_KNOTS ( 'NONE', 3,
 ( #4340, #4421, #651, #3621 ),
 .UNSPECIFIED., .F., .F.,
 ( 4, 4 ),
 ( 0.0000000000000000000, 1.000000000000000000 ),
 .UNSPECIFIED. ) ;
#4151 = MECHANICAL_DESIGN_GEOMETRIC_PRESENTATION_REPRESENTATION (  '', ( #4642 ), #728 ) ;
#4152 = FILL_AREA_STYLE ('',( #1633 ) ) ;
#4153 = CARTESIAN_POINT ( 'NONE',  ( -7.096777331776744200, 6.098614144212130700, 16.55034687751276900 ) ) ;
#4154 = CARTESIAN_POINT ( 'NONE',  ( 0.0000000000000000000, 3.433728050141728000, 0.0000000000000000000 ) ) ;
#4155 =( NAMED_UNIT ( * ) SI_UNIT ( $, .STERADIAN. ) SOLID_ANGLE_UNIT ( ) );
#4156 = CARTESIAN_POINT ( 'NONE',  ( -4.108582713489700400, 4.450584848927063000, 17.52504702282835000 ) ) ;
#4157 = EDGE_CURVE ( 'NONE', #4679, #4753, #3757, .T. ) ;
#4158 = LINE ( 'NONE', #2953, #3535 ) ;
#4159 = FILL_AREA_STYLE_COLOUR ( '', #1601 ) ;
#4160 = LINE ( 'NONE', #2876, #1106 ) ;
#4161 = EDGE_CURVE ( 'NONE', #3505, #133, #2935, .T. ) ;
#4162 = ORIENTED_EDGE ( 'NONE', *, *, #1522, .F. ) ;
#4163 = CARTESIAN_POINT ( 'NONE',  ( 2.865392713725909100E-016, 44.61544000000000700, 0.0000000000000000000 ) ) ;
#4164 = FACE_OUTER_BOUND ( 'NONE', #2631, .T. ) ;
#4165 = STYLED_ITEM ( 'NONE', ( #1730 ), #98 ) ;
#4166 =( GEOMETRIC_REPRESENTATION_CONTEXT ( 3 ) GLOBAL_UNCERTAINTY_ASSIGNED_CONTEXT ( ( #2498 ) ) GLOBAL_UNIT_ASSIGNED_CONTEXT ( ( #4439, #4830, #2709 ) ) REPRESENTATION_CONTEXT ( 'NONE', 'WORKASPACE' ) );
#4167 = DIRECTION ( 'NONE',  ( 0.0000000000000000000, 0.0000000000000000000, -1.000000000000000000 ) ) ;
#4168 = DIRECTION ( 'NONE',  ( 0.0000000000000000000, 1.000000000000000000, 0.0000000000000000000 ) ) ;
#4169 = VERTEX_POINT ( 'NONE', #4216 ) ;
#4170 = ADVANCED_FACE ( 'NONE', ( #1249 ), #3458, .F. ) ;
#4171 = EDGE_LOOP ( 'NONE', ( #3827, #1628 ) ) ;
#4172 = ORIENTED_EDGE ( 'NONE', *, *, #3670, .F. ) ;
#4173 = CARTESIAN_POINT ( 'NONE',  ( 0.0000000000000000000, 3.433728050141728000, 0.0000000000000000000 ) ) ;
#4174 = EDGE_CURVE ( 'NONE', #3139, #2263, #2036, .T. ) ;
#4175 = SURFACE_STYLE_USAGE ( .BOTH. , #3484 ) ;
#4176 = STYLED_ITEM ( 'NONE', ( #1767 ), #2167 ) ;
#4177 = ORIENTED_EDGE ( 'NONE', *, *, #2190, .T. ) ;
#4178 = CARTESIAN_POINT ( 'NONE',  ( -3.835533905932737100, 52.48999999999999500, -3.235533905932737500 ) ) ;
#4179 = ORIENTED_EDGE ( 'NONE', *, *, #551, .T. ) ;
#4180 = ORIENTED_EDGE ( 'NONE', *, *, #1386, .T. ) ;
#4181 = CARTESIAN_POINT ( 'NONE',  ( 2.865392713725909100E-016, 44.61544000000000700, 0.0000000000000000000 ) ) ;
#4182 = CARTESIAN_POINT ( 'NONE',  ( -7.608679787506400100, 5.455448435884808800, 16.31281679818637200 ) ) ;
#4183 = VERTEX_POINT ( 'NONE', #4611 ) ;
#4184 = CARTESIAN_POINT ( 'NONE',  ( -5.802356665535498300, 3.433728050141748900, 17.02858646881518800 ) ) ;
#4185 = B_SPLINE_CURVE_WITH_KNOTS ( 'NONE', 3,
 ( #2526, #4346, #1517, #3730 ),
 .UNSPECIFIED., .F., .F.,
 ( 4, 4 ),
 ( 0.0000000000000000000, 1.000000000000000000 ),
 .UNSPECIFIED. ) ;
#4186 = COLOUR_RGB ( '',0.8980392156862745400, 0.9215686274509803400, 0.9294117647058823800 ) ;
#4187 =( NAMED_UNIT ( * ) SI_UNIT ( $, .STERADIAN. ) SOLID_ANGLE_UNIT ( ) );
#4188 = SURFACE_STYLE_USAGE ( .BOTH. , #76 ) ;
#4189 = FILL_AREA_STYLE ('',( #1596 ) ) ;
#4190 = VERTEX_POINT ( 'NONE', #4184 ) ;
#4191 = CARTESIAN_POINT ( 'NONE',  ( -2.162855109408075900, 4.142112498812848800, 17.86286937253228000 ) ) ;
#4192 = CARTESIAN_POINT ( 'NONE',  ( 3.835533905932737100, 55.63999999999999300, 3.535533905932737300 ) ) ;
#4193 = COLOUR_RGB ( '',0.8980392156862745400, 0.9215686274509803400, 0.9294117647058823800 ) ;
#4194 = CARTESIAN_POINT ( 'NONE',  ( -3.937195492529640600, 5.067529549057189400, 17.56412513202989700 ) ) ;
#4195 = ORIENTED_EDGE ( 'NONE', *, *, #390, .F. ) ;
#4196 = CARTESIAN_POINT ( 'NONE',  ( 8.002163781949512600, 6.438231380337257700, 16.12344177918770100 ) ) ;
#4197 = CARTESIAN_POINT ( 'NONE',  ( 2.485533905932738400, 51.98999999999999500, 1.199999999999995700 ) ) ;
#4198 = FILL_AREA_STYLE_COLOUR ( '', #3212 ) ;
#4199 = PLANE ( 'NONE',  #3601 ) ;
#4200 = ADVANCED_FACE ( 'NONE', ( #1559 ), #106, .T. ) ;
#4201 = PRESENTATION_STYLE_ASSIGNMENT (( #1872 ) ) ;
#4202 = PRESENTATION_LAYER_ASSIGNMENT (  '', '', ( #1264 ) ) ;
#4203 = CARTESIAN_POINT ( 'NONE',  ( -18.00000000000000000, 44.61544000000000700, 0.0000000000000000000 ) ) ;
#4204 = COLOUR_RGB ( '',0.8980392156862745400, 0.9215686274509803400, 0.9294117647058823800 ) ;
#4205 = CARTESIAN_POINT ( 'NONE',  ( 8.897060037837761100, 6.438150448534719800, 15.63593370039379200 ) ) ;
#4206 = EDGE_CURVE ( 'NONE', #2615, #4798, #1946, .T. ) ;
#4207 = CARTESIAN_POINT ( 'NONE',  ( 0.0000000000000000000, 7.157156118639020000, 0.0000000000000000000 ) ) ;
#4208 = FILL_AREA_STYLE_COLOUR ( '', #3631 ) ;
#4209 =( GEOMETRIC_REPRESENTATION_CONTEXT ( 3 ) GLOBAL_UNCERTAINTY_ASSIGNED_CONTEXT ( ( #661 ) ) GLOBAL_UNIT_ASSIGNED_CONTEXT ( ( #3522, #2047, #3556 ) ) REPRESENTATION_CONTEXT ( 'NONE', 'WORKASPACE' ) );
#4210 = PRESENTATION_STYLE_ASSIGNMENT (( #4532 ) ) ;
#4211 = DIRECTION ( 'NONE',  ( -0.0000000000000000000, -1.000000000000000000, -0.0000000000000000000 ) ) ;
#4212 = PRESENTATION_STYLE_ASSIGNMENT (( #1085 ) ) ;
#4213 = DIRECTION ( 'NONE',  ( 0.0000000000000000000, 0.0000000000000000000, 1.000000000000000000 ) ) ;
#4214 = CARTESIAN_POINT ( 'NONE',  ( -4.194055917732934600, 4.142112498812869200, 17.50456783125277100 ) ) ;
#4215 = STYLED_ITEM ( 'NONE', ( #3037 ), #2342 ) ;
#4216 = CARTESIAN_POINT ( 'NONE',  ( -16.61544000000000000, 46.00000000000000700, 0.0000000000000000000 ) ) ;
#4217 = UNCERTAINTY_MEASURE_WITH_UNIT (LENGTH_MEASURE( 1.000000000000000100E-005 ), #1245, 'distance_accuracy_value', 'NONE');
#4218 = FACE_OUTER_BOUND ( 'NONE', #2558, .T. ) ;
#4219 = DIRECTION ( 'NONE',  ( 0.0000000000000000000, -0.0000000000000000000, 1.000000000000000000 ) ) ;
#4220 = DIRECTION ( 'NONE',  ( -0.0000000000000000000, -1.000000000000000000, -0.0000000000000000000 ) ) ;
#4221 = UNCERTAINTY_MEASURE_WITH_UNIT (LENGTH_MEASURE( 1.000000000000000100E-005 ), #4774, 'distance_accuracy_value', 'NONE');
#4222 = CARTESIAN_POINT ( 'NONE',  ( 0.0000000000000000000, 4.142248356456955000, 0.0000000000000000000 ) ) ;
#4223 = CARTESIAN_POINT ( 'NONE',  ( 5.690755691653301100, 5.755739136159482100, 17.07674733835209900 ) ) ;
#4224 = STYLED_ITEM ( 'NONE', ( #3288 ), #4200 ) ;
#4225 = CARTESIAN_POINT ( 'NONE',  ( -6.861936548580904300, 3.433728050141762600, 16.62991060719358000 ) ) ;
#4226 = DIRECTION ( 'NONE',  ( -0.3457323320025593700, -0.0000000000000000000, 0.9383331788912039300 ) ) ;
#4227 = ADVANCED_FACE ( 'NONE', ( #4164 ), #168, .T. ) ;
#4228 = FILL_AREA_STYLE ('',( #1939 ) ) ;
#4229 = CARTESIAN_POINT ( 'NONE',  ( 3.235533905932737500, 51.98999999999999500, 3.235533905932737500 ) ) ;
#4230 = SURFACE_SIDE_STYLE ('',( #2702 ) ) ;
#4231 = CARTESIAN_POINT ( 'NONE',  ( -0.5324048739991725800, 6.748598189941244400, 17.98212014891853300 ) ) ;
#4232 = CARTESIAN_POINT ( 'NONE',  ( 7.038968277664660700, 6.438231380346589800, 16.56662082580604400 ) ) ;
#4233 = PRESENTATION_LAYER_ASSIGNMENT (  '', '', ( #120 ) ) ;
#4234 = ORIENTED_EDGE ( 'NONE', *, *, #3842, .F. ) ;
#4235 = ORIENTED_EDGE ( 'NONE', *, *, #2999, .T. ) ;
#4236 = EDGE_CURVE ( 'NONE', #2152, #1525, #1493, .T. ) ;
#4237 = ORIENTED_EDGE ( 'NONE', *, *, #3594, .T. ) ;
#4238 = CARTESIAN_POINT ( 'NONE',  ( -7.160012152271282700, 7.157156118639040400, 16.51466699571406600 ) ) ;
#4239 = VERTEX_POINT ( 'NONE', #3167 ) ;
#4240 = CLOSED_SHELL ( 'NONE', ( #3783, #3448, #2756, #2725, #1492, #1121, #3336, #1527, #1207, #3391, #4482, #620, #3125, #4739, #4789, #4536, #2943, #1066, #98, #2600, #1469, #1956, #4505, #4819, #333, #1442, #437, #2649, #358, #260, #2673, #1093, #4170, #1150, #4560, #730, #3839, #645, #4406, #1623, #4227, #1897, #3503, #697, #1178, #4025, #4432, #3287, #2259, #677, #68, #1599, #4124, #2968, #4200, #1926, #2212, #1820, #408, #3637, #4075, #4457, #4095, #3701, #387, #2550, #2187, #1016, #1846, #309, #1549, #3661, #856, #807, #4765, #1230, #1412, #2901, #3368, #2167, #3808, #3312, #4845, #2578, #829, #2393, #1978, #2023, #1650, #2235, #121, #19, #3419, #3264, #3473, #4046, #3752, #1794, #2342, #4379 ) ) ;
#4241 = AXIS2_PLACEMENT_3D ( 'NONE', #1091, #2933, #4081 ) ;
#4242 = SURFACE_STYLE_USAGE ( .BOTH. , #1615 ) ;
#4243 = VERTEX_POINT ( 'NONE', #1281 ) ;
#4244 = ORIENTED_EDGE ( 'NONE', *, *, #2319, .T. ) ;
#4245 = COLOUR_RGB ( '',0.1019607843137254900, 0.1019607843137254900, 0.1019607843137254900 ) ;
#4246 =( GEOMETRIC_REPRESENTATION_CONTEXT ( 3 ) GLOBAL_UNCERTAINTY_ASSIGNED_CONTEXT ( ( #1216 ) ) GLOBAL_UNIT_ASSIGNED_CONTEXT ( ( #1566, #1161, #4488 ) ) REPRESENTATION_CONTEXT ( 'NONE', 'WORKASPACE' ) );
#4247 = ORIENTED_EDGE ( 'NONE', *, *, #716, .F. ) ;
#4248 = UNCERTAINTY_MEASURE_WITH_UNIT (LENGTH_MEASURE( 1.000000000000000100E-005 ), #1659, 'distance_accuracy_value', 'NONE');
#4249 = SURFACE_SIDE_STYLE ('',( #3989 ) ) ;
#4250 = VERTEX_POINT ( 'NONE', #2815 ) ;
#4251 =( GEOMETRIC_REPRESENTATION_CONTEXT ( 3 ) GLOBAL_UNCERTAINTY_ASSIGNED_CONTEXT ( ( #1147 ) ) GLOBAL_UNIT_ASSIGNED_CONTEXT ( ( #1112, #3617, #1357 ) ) REPRESENTATION_CONTEXT ( 'NONE', 'WORKASPACE' ) );
#4252 = PLANE ( 'NONE',  #1572 ) ;
#4253 = CARTESIAN_POINT ( 'NONE',  ( -8.433379534061302300, 5.916013392866699600, 15.89481962929957600 ) ) ;
#4254 = ORIENTED_EDGE ( 'NONE', *, *, #4848, .T. ) ;
#4255 = SURFACE_SIDE_STYLE ('',( #3273 ) ) ;
#4256 = EDGE_CURVE ( 'NONE', #293, #2954, #4767, .T. ) ;
#4257 = DIRECTION ( 'NONE',  ( -0.0000000000000000000, -1.000000000000000000, -0.0000000000000000000 ) ) ;
#4258 = FACE_OUTER_BOUND ( 'NONE', #1454, .T. ) ;
#4259 = FILL_AREA_STYLE_COLOUR ( '', #1969 ) ;
#4260 = AXIS2_PLACEMENT_3D ( 'NONE', #96, #1159, #3428 ) ;
#4261 = SURFACE_STYLE_USAGE ( .BOTH. , #3888 ) ;
#4262 = PRESENTATION_STYLE_ASSIGNMENT (( #3912 ) ) ;
#4263 = EDGE_CURVE ( 'NONE', #3183, #846, #480, .T. ) ;
#4264 = CARTESIAN_POINT ( 'NONE',  ( 4.219767231522083300, 5.986591480176166200, 17.49851641901062000 ) ) ;
#4265 = MECHANICAL_DESIGN_GEOMETRIC_PRESENTATION_REPRESENTATION (  '', ( #4012 ), #3692 ) ;
#4266 = B_SPLINE_SURFACE_WITH_KNOTS ( 'NONE', 1, 3, ( 
 ( #2634, #1543, #1912, #4434 ),
 ( #324, #2243, #739, #4096 ) ),
 .UNSPECIFIED., .F., .F., .F.,
 ( 2, 2 ),
 ( 4, 4 ),
 ( 0.0000000000000000000, 1.000000000000000000 ),
 ( 0.0000000000000000000, 1.000000000000000000 ),
 .UNSPECIFIED. ) ;
#4267 = DIRECTION ( 'NONE',  ( 0.0000000000000000000, 0.0000000000000000000, -1.000000000000000000 ) ) ;
#4268 = DIRECTION ( 'NONE',  ( -0.0000000000000000000, -1.000000000000000000, -0.0000000000000000000 ) ) ;
#4269 = EDGE_CURVE ( 'NONE', #1057, #2698, #1255, .T. ) ;
#4270 = DIRECTION ( 'NONE',  ( 0.0000000000000000000, 0.0000000000000000000, 1.000000000000000000 ) ) ;
#4271 = LINE ( 'NONE', #3468, #3269 ) ;
#4272 = MECHANICAL_DESIGN_GEOMETRIC_PRESENTATION_REPRESENTATION (  '', ( #62 ), #2258 ) ;
#4273 = B_SPLINE_CURVE_WITH_KNOTS ( 'NONE', 3,
 ( #4182, #4587, #1590, #1219 ),
 .UNSPECIFIED., .F., .F.,
 ( 4, 4 ),
 ( 0.0000000000000000000, 1.000000000000000000 ),
 .UNSPECIFIED. ) ;
#4274 =( NAMED_UNIT ( * ) PLANE_ANGLE_UNIT ( ) SI_UNIT ( $, .RADIAN. ) );
#4275 = CARTESIAN_POINT ( 'NONE',  ( -7.092834677944480000, 6.098614143945465700, 16.54115224024681300 ) ) ;
#4276 = DIRECTION ( 'NONE',  ( -0.1190135496939363800, 3.854941057726238100E-016, 0.9928926301414714400 ) ) ;
#4277 =( NAMED_UNIT ( * ) PLANE_ANGLE_UNIT ( ) SI_UNIT ( $, .RADIAN. ) );
#4278 = AXIS2_PLACEMENT_3D ( 'NONE', #3664, #288, #2926 ) ;
#4279 = SURFACE_STYLE_FILL_AREA ( #2969 ) ;
#4280 = FACE_OUTER_BOUND ( 'NONE', #3995, .T. ) ;
#4281 = CARTESIAN_POINT ( 'NONE',  ( 1.075260010820365600, 3.433728050141735100, 17.96785507257698500 ) ) ;
#4282 = PRESENTATION_LAYER_ASSIGNMENT (  '', '', ( #629 ) ) ;
#4283 = CARTESIAN_POINT ( 'NONE',  ( -3.835533905932737100, 58.78999999999999200, -3.235533905932737500 ) ) ;
#4284 = ORIENTED_EDGE ( 'NONE', *, *, #1688, .T. ) ;
#4285 = CARTESIAN_POINT ( 'NONE',  ( -0.7179966283044729700, 3.433728050141748900, 17.97566635320491800 ) ) ;
#4286 = ORIENTED_EDGE ( 'NONE', *, *, #4206, .T. ) ;
#4287 = ORIENTED_EDGE ( 'NONE', *, *, #566, .T. ) ;
#4288 = ORIENTED_EDGE ( 'NONE', *, *, #2364, .F. ) ;
#4289 = CARTESIAN_POINT ( 'NONE',  ( 0.0000000000000000000, 46.00000000000000700, 0.0000000000000000000 ) ) ;
#4290 =( GEOMETRIC_REPRESENTATION_CONTEXT ( 3 ) GLOBAL_UNCERTAINTY_ASSIGNED_CONTEXT ( ( #4221 ) ) GLOBAL_UNIT_ASSIGNED_CONTEXT ( ( #4774, #2579, #972 ) ) REPRESENTATION_CONTEXT ( 'NONE', 'WORKASPACE' ) );
#4291 = VERTEX_POINT ( 'NONE', #890 ) ;
#4292 = ORIENTED_EDGE ( 'NONE', *, *, #3641, .F. ) ;
#4293 = CARTESIAN_POINT ( 'NONE',  ( 0.0000000000000000000, 3.433728050141762600, 0.0000000000000000000 ) ) ;
#4294 = VECTOR ( 'NONE', #4490, 1000.000000000000000 ) ;
#4295 = EDGE_CURVE ( 'NONE', #955, #1057, #664, .T. ) ;
#4296 = SURFACE_SIDE_STYLE ('',( #1089 ) ) ;
#4297 = AXIS2_PLACEMENT_3D ( 'NONE', #1760, #1356, #4309 ) ;
#4298 = VERTEX_POINT ( 'NONE', #2780 ) ;
#4299 = FACE_OUTER_BOUND ( 'NONE', #313, .T. ) ;
#4300 = DIRECTION ( 'NONE',  ( -0.0000000000000000000, -1.000000000000000000, -0.0000000000000000000 ) ) ;
#4301 = SURFACE_STYLE_USAGE ( .BOTH. , #3582 ) ;
#4302 = ORIENTED_EDGE ( 'NONE', *, *, #991, .T. ) ;
#4303 = ORIENTED_EDGE ( 'NONE', *, *, #1815, .T. ) ;
#4304 = B_SPLINE_CURVE_WITH_KNOTS ( 'NONE', 1,
 ( #115, #3104 ),
 .UNSPECIFIED., .F., .F.,
 ( 2, 2 ),
 ( 0.0000000000000000000, 1.000000000000000000 ),
 .UNSPECIFIED. ) ;
#4305 =( GEOMETRIC_REPRESENTATION_CONTEXT ( 3 ) GLOBAL_UNCERTAINTY_ASSIGNED_CONTEXT ( ( #1437 ) ) GLOBAL_UNIT_ASSIGNED_CONTEXT ( ( #2062, #124, #2074 ) ) REPRESENTATION_CONTEXT ( 'NONE', 'WORKASPACE' ) );
#4306 = CIRCLE ( 'NONE', #2049, 17.99999999999999600 ) ;
#4307 = ORIENTED_EDGE ( 'NONE', *, *, #2109, .F. ) ;
#4308 = DIRECTION ( 'NONE',  ( -0.03991087428040448300, 3.854941057726238600E-016, 0.9992032436467437300 ) ) ;
#4309 = DIRECTION ( 'NONE',  ( 0.0000000000000000000, 0.0000000000000000000, 1.000000000000000000 ) ) ;
#4310 = CARTESIAN_POINT ( 'NONE',  ( 5.503895682451415400, 5.067529549049536000, 17.13788587652200900 ) ) ;
#4311 = CARTESIAN_POINT ( 'NONE',  ( 3.835533905932737100, 52.48999999999999500, 3.835533905932737600 ) ) ;
#4312 = EDGE_CURVE ( 'NONE', #590, #488, #3283, .T. ) ;
#4313 =( LENGTH_UNIT ( ) NAMED_UNIT ( * ) SI_UNIT ( .MILLI., .METRE. ) );
#4314 = CARTESIAN_POINT ( 'NONE',  ( 5.333033303279195900, 3.906074921010162600, 17.18148252866680200 ) ) ;
#4315 = EDGE_CURVE ( 'NONE', #3611, #4239, #3518, .T. ) ;
#4316 = CARTESIAN_POINT ( 'NONE',  ( 3.835533905932737100, 58.78999999999999200, 3.835533905932737600 ) ) ;
#4317 = PRESENTATION_LAYER_ASSIGNMENT (  '', '', ( #2506 ) ) ;
#4318 = CIRCLE ( 'NONE', #3012, 18.00000000000000000 ) ;
#4319 = PRESENTATION_STYLE_ASSIGNMENT (( #2591 ) ) ;
#4320 = B_SPLINE_CURVE_WITH_KNOTS ( 'NONE', 3,
 ( #2941, #686, #3760, #4472 ),
 .UNSPECIFIED., .F., .F.,
 ( 4, 4 ),
 ( 0.0000000000000000000, 1.000000000000000000 ),
 .UNSPECIFIED. ) ;
#4321 = EDGE_CURVE ( 'NONE', #2758, #3193, #4330, .T. ) ;
#4322 = LINE ( 'NONE', #2910, #3928 ) ;
#4323 = CARTESIAN_POINT ( 'NONE',  ( 4.347806859457655500, 6.448296168183411200, 17.45670861052715500 ) ) ;
#4324 = AXIS2_PLACEMENT_3D ( 'NONE', #1204, #3805, #4213 ) ;
#4325 = COLOUR_RGB ( '',0.1019607843137254900, 0.1019607843137254900, 0.1019607843137254900 ) ;
#4326 = DIRECTION ( 'NONE',  ( 1.000000000000000000, 0.0000000000000000000, -7.228014483236692600E-016 ) ) ;
#4327 = MECHANICAL_DESIGN_GEOMETRIC_PRESENTATION_REPRESENTATION (  '', ( #1139 ), #4590 ) ;
#4328 = DIRECTION ( 'NONE',  ( 0.0000000000000000000, -0.0000000000000000000, 1.000000000000000000 ) ) ;
#4329 = COLOUR_RGB ( '',0.8980392156862745400, 0.9215686274509803400, 0.9294117647058823800 ) ;
#4330 = CIRCLE ( 'NONE', #2915, 15.92640000000000100 ) ;
#4331 = FILL_AREA_STYLE_COLOUR ( '', #755 ) ;
#4332 = VERTEX_POINT ( 'NONE', #722 ) ;
#4333 = SURFACE_STYLE_USAGE ( .BOTH. , #1749 ) ;
#4334 = ORIENTED_EDGE ( 'NONE', *, *, #1326, .F. ) ;
#4335 = EDGE_CURVE ( 'NONE', #2505, #1899, #4101, .T. ) ;
#4336 = ORIENTED_EDGE ( 'NONE', *, *, #3423, .T. ) ;
#4337 =( NAMED_UNIT ( * ) SI_UNIT ( $, .STERADIAN. ) SOLID_ANGLE_UNIT ( ) );
#4338 = FILL_AREA_STYLE_COLOUR ( '', #1095 ) ;
#4339 = ORIENTED_EDGE ( 'NONE', *, *, #1246, .T. ) ;
#4340 = CARTESIAN_POINT ( 'NONE',  ( 3.704995124690774400, 4.142248356456976300, 17.61456815042644000 ) ) ;
#4341 = ORIENTED_EDGE ( 'NONE', *, *, #4568, .T. ) ;
#4342 = EDGE_LOOP ( 'NONE', ( #3487, #4582, #2054, #1190, #380, #3832, #1923, #4598 ) ) ;
#4343 = SURFACE_STYLE_FILL_AREA ( #1875 ) ;
#4344 = FILL_AREA_STYLE ('',( #2541 ) ) ;
#4345 = EDGE_LOOP ( 'NONE', ( #586, #3252, #830, #3946 ) ) ;
#4346 = CARTESIAN_POINT ( 'NONE',  ( 6.336255115269936200, 6.441741036397344200, 16.84144248130786900 ) ) ;
#4347 = CARTESIAN_POINT ( 'NONE',  ( 0.0000000000000000000, 3.433728050141748900, 0.0000000000000000000 ) ) ;
#4348 = AXIS2_PLACEMENT_3D ( 'NONE', #1955, #3447, #1195 ) ;
#4349 = ORIENTED_EDGE ( 'NONE', *, *, #1078, .F. ) ;
#4350 = EDGE_CURVE ( 'NONE', #4817, #1506, #1676, .T. ) ;
#4351 = CIRCLE ( 'NONE', #975, 2.073600000000001700 ) ;
#4352 = AXIS2_PLACEMENT_3D ( 'NONE', #3272, #4326, #3255 ) ;
#4353 = FACE_OUTER_BOUND ( 'NONE', #4626, .T. ) ;
#4354 = ORIENTED_EDGE ( 'NONE', *, *, #3641, .T. ) ;
#4355 = B_SPLINE_CURVE_WITH_KNOTS ( 'NONE', 3,
 ( #1786, #3230, #4732, #2858 ),
 .UNSPECIFIED., .F., .F.,
 ( 4, 4 ),
 ( 0.0000000000000000000, 1.000000000000000000 ),
 .UNSPECIFIED. ) ;
#4356 = SURFACE_STYLE_USAGE ( .BOTH. , #4754 ) ;
#4357 = SURFACE_STYLE_USAGE ( .BOTH. , #1416 ) ;
#4358 = CIRCLE ( 'NONE', #1362, 18.00000000000000000 ) ;
#4359 = AXIS2_PLACEMENT_3D ( 'NONE', #2870, #2063, #862 ) ;
#4360 = DIRECTION ( 'NONE',  ( -0.0000000000000000000, -1.000000000000000000, -0.0000000000000000000 ) ) ;
#4361 = UNCERTAINTY_MEASURE_WITH_UNIT (LENGTH_MEASURE( 1.000000000000000100E-005 ), #4711, 'distance_accuracy_value', 'NONE');
#4362 = FILL_AREA_STYLE_COLOUR ( '', #3982 ) ;
#4363 = CARTESIAN_POINT ( 'NONE',  ( -3.546024995516975100, 6.448420704369947700, 17.63705776854996900 ) ) ;
#4364 = AXIS2_PLACEMENT_3D ( 'NONE', #962, #2500, #622 ) ;
#4365 = SURFACE_STYLE_USAGE ( .BOTH. , #977 ) ;
#4366 = COLOUR_RGB ( '',0.8980392156862745400, 0.9215686274509803400, 0.9294117647058823800 ) ;
#4367 =( NAMED_UNIT ( * ) SI_UNIT ( $, .STERADIAN. ) SOLID_ANGLE_UNIT ( ) );
#4368 = CARTESIAN_POINT ( 'NONE',  ( -4.194055917732934600, 4.142112498812869200, 17.50456783125277100 ) ) ;
#4369 = CARTESIAN_POINT ( 'NONE',  ( -5.070225548938019200, 4.674870776230681800, 17.27484789102396300 ) ) ;
#4370 = PRESENTATION_LAYER_ASSIGNMENT (  '', '', ( #3220 ) ) ;
#4371 = LINE ( 'NONE', #2369, #1410 ) ;
#4372 = CARTESIAN_POINT ( 'NONE',  ( 0.0000000000000000000, 0.0000000000000000000, 0.0000000000000000000 ) ) ;
#4373 = EDGE_CURVE ( 'NONE', #3951, #2791, #2995, .T. ) ;
#4374 = CARTESIAN_POINT ( 'NONE',  ( -3.547996104463902800, 6.448420704369933500, 17.64686158053915600 ) ) ;
#4375 = CARTESIAN_POINT ( 'NONE',  ( 3.235533905932737500, 58.78999999999999200, 3.235533905932737500 ) ) ;
#4376 =( GEOMETRIC_REPRESENTATION_CONTEXT ( 3 ) GLOBAL_UNCERTAINTY_ASSIGNED_CONTEXT ( ( #1250 ) ) GLOBAL_UNIT_ASSIGNED_CONTEXT ( ( #2982, #714, #4480 ) ) REPRESENTATION_CONTEXT ( 'NONE', 'WORKASPACE' ) );
#4377 = UNCERTAINTY_MEASURE_WITH_UNIT (LENGTH_MEASURE( 1.000000000000000100E-005 ), #197, 'distance_accuracy_value', 'NONE');
#4378 = PLANE ( 'NONE',  #421 ) ;
#4379 = ADVANCED_FACE ( 'NONE', ( #3120 ), #1789, .T. ) ;
#4380 = LINE ( 'NONE', #2183, #1975 ) ;
#4381 = DIRECTION ( 'NONE',  ( 0.0000000000000000000, -0.0000000000000000000, 1.000000000000000000 ) ) ;
#4382 = PRESENTATION_LAYER_ASSIGNMENT (  '', '', ( #1130 ) ) ;
#4383 = ORIENTED_EDGE ( 'NONE', *, *, #4474, .F. ) ;
#4384 =( NAMED_UNIT ( * ) PLANE_ANGLE_UNIT ( ) SI_UNIT ( $, .RADIAN. ) );
#4385 =( GEOMETRIC_REPRESENTATION_CONTEXT ( 3 ) GLOBAL_UNCERTAINTY_ASSIGNED_CONTEXT ( ( #4248 ) ) GLOBAL_UNIT_ASSIGNED_CONTEXT ( ( #1659, #4643, #513 ) ) REPRESENTATION_CONTEXT ( 'NONE', 'WORKASPACE' ) );
#4386 = EDGE_LOOP ( 'NONE', ( #910, #592, #541, #4522 ) ) ;
#4387 = FILL_AREA_STYLE ('',( #2930 ) ) ;
#4388 =( NAMED_UNIT ( * ) SI_UNIT ( $, .STERADIAN. ) SOLID_ANGLE_UNIT ( ) );
#4389 =( NAMED_UNIT ( * ) PLANE_ANGLE_UNIT ( ) SI_UNIT ( $, .RADIAN. ) );
#4390 = CARTESIAN_POINT ( 'NONE',  ( 0.0000000000000000000, 2.073600000000001700, 0.0000000000000000000 ) ) ;
#4391 = VERTEX_POINT ( 'NONE', #3741 ) ;
#4392 = ORIENTED_EDGE ( 'NONE', *, *, #4713, .T. ) ;
#4393 = VERTEX_POINT ( 'NONE', #2748 ) ;
#4394 = FACE_OUTER_BOUND ( 'NONE', #3228, .T. ) ;
#4395 = EDGE_CURVE ( 'NONE', #2758, #1363, #1361, .T. ) ;
#4396 = ORIENTED_EDGE ( 'NONE', *, *, #505, .T. ) ;
#4397 = CARTESIAN_POINT ( 'NONE',  ( 3.702936794065946100, 4.142248356456990500, 17.60478227923176000 ) ) ;
#4398 = STYLED_ITEM ( 'NONE', ( #631 ), #4457 ) ;
#4399 =( NAMED_UNIT ( * ) PLANE_ANGLE_UNIT ( ) SI_UNIT ( $, .RADIAN. ) );
#4400 = ORIENTED_EDGE ( 'NONE', *, *, #2073, .T. ) ;
#4401 = EDGE_CURVE ( 'NONE', #2113, #2954, #2441, .T. ) ;
#4402 = SURFACE_STYLE_USAGE ( .BOTH. , #4651 ) ;
#4403 =( GEOMETRIC_REPRESENTATION_CONTEXT ( 3 ) GLOBAL_UNCERTAINTY_ASSIGNED_CONTEXT ( ( #2149 ) ) GLOBAL_UNIT_ASSIGNED_CONTEXT ( ( #2467, #194, #555 ) ) REPRESENTATION_CONTEXT ( 'NONE', 'WORKASPACE' ) );
#4404 = DIRECTION ( 'NONE',  ( 0.0000000000000000000, -0.9954954725939522100, -0.09480909262799541700 ) ) ;
#4405 = SURFACE_STYLE_USAGE ( .BOTH. , #1476 ) ;
#4406 = ADVANCED_FACE ( 'NONE', ( #1111 ), #3462, .T. ) ;
#4407 = ORIENTED_EDGE ( 'NONE', *, *, #3821, .T. ) ;
#4408 = UNCERTAINTY_MEASURE_WITH_UNIT (LENGTH_MEASURE( 1.000000000000000100E-005 ), #2315, 'distance_accuracy_value', 'NONE');
#4409 =( NAMED_UNIT ( * ) SI_UNIT ( $, .STERADIAN. ) SOLID_ANGLE_UNIT ( ) );
#4410 = MECHANICAL_DESIGN_GEOMETRIC_PRESENTATION_REPRESENTATION (  '', ( #2446 ), #3732 ) ;
#4411 = ORIENTED_EDGE ( 'NONE', *, *, #4335, .T. ) ;
#4412 = DIRECTION ( 'NONE',  ( -0.0000000000000000000, 0.0000000000000000000, -1.000000000000000000 ) ) ;
#4413 = CARTESIAN_POINT ( 'NONE',  ( -4.814824860968089600E-032, 47.38456000000000800, -18.00000000000000400 ) ) ;
#4414 = CARTESIAN_POINT ( 'NONE',  ( 3.235533905932737500, 52.48999999999999500, 3.835533905932737600 ) ) ;
#4415 = PRESENTATION_STYLE_ASSIGNMENT (( #2438 ) ) ;
#4416 = EDGE_CURVE ( 'NONE', #4250, #2098, #3922, .T. ) ;
#4417 = VERTEX_POINT ( 'NONE', #473 ) ;
#4418 = FILL_AREA_STYLE_COLOUR ( '', #2726 ) ;
#4419 =( GEOMETRIC_REPRESENTATION_CONTEXT ( 3 ) GLOBAL_UNCERTAINTY_ASSIGNED_CONTEXT ( ( #4377 ) ) GLOBAL_UNIT_ASSIGNED_CONTEXT ( ( #197, #1717, #2068 ) ) REPRESENTATION_CONTEXT ( 'NONE', 'WORKASPACE' ) );
#4420 = UNCERTAINTY_MEASURE_WITH_UNIT (LENGTH_MEASURE( 1.000000000000000100E-005 ), #450, 'distance_accuracy_value', 'NONE');
#4421 = CARTESIAN_POINT ( 'NONE',  ( 3.791160557074633600, 4.450675420687617600, 17.59644437332485000 ) ) ;
#4422 = UNCERTAINTY_MEASURE_WITH_UNIT (LENGTH_MEASURE( 1.000000000000000100E-005 ), #1811, 'distance_accuracy_value', 'NONE');
#4423 = FACE_OUTER_BOUND ( 'NONE', #3939, .T. ) ;
#4424 = AXIS2_PLACEMENT_3D ( 'NONE', #3635, #4360, #1401 ) ;
#4425 =( NAMED_UNIT ( * ) PLANE_ANGLE_UNIT ( ) SI_UNIT ( $, .RADIAN. ) );
#4426 = SURFACE_SIDE_STYLE ('',( #4781 ) ) ;
#4427 = SURFACE_STYLE_FILL_AREA ( #750 ) ;
#4428 = FILL_AREA_STYLE_COLOUR ( '', #3575 ) ;
#4429 = CARTESIAN_POINT ( 'NONE',  ( -2.169076593708187900, 5.755863672348024100, 17.86547278528442100 ) ) ;
#4430 = SURFACE_STYLE_FILL_AREA ( #1510 ) ;
#4431 = SURFACE_STYLE_USAGE ( .BOTH. , #3700 ) ;
#4432 = ADVANCED_FACE ( 'NONE', ( #3226 ), #797, .T. ) ;
#4433 = DIRECTION ( 'NONE',  ( 1.063582591085940900E-017, 1.000000000000000000, -0.0000000000000000000 ) ) ;
#4434 = CARTESIAN_POINT ( 'NONE',  ( -7.608679787506400100, 5.455448435884808800, 16.31281679818637200 ) ) ;
#4435 = CARTESIAN_POINT ( 'NONE',  ( -8.125282227594448500, 3.433728050141748900, 16.05054169559201300 ) ) ;
#4436 =( GEOMETRIC_REPRESENTATION_CONTEXT ( 3 ) GLOBAL_UNCERTAINTY_ASSIGNED_CONTEXT ( ( #2373 ) ) GLOBAL_UNIT_ASSIGNED_CONTEXT ( ( #3763, #57, #2361 ) ) REPRESENTATION_CONTEXT ( 'NONE', 'WORKASPACE' ) );
#4437 = PRESENTATION_STYLE_ASSIGNMENT (( #1535 ) ) ;
#4438 = CARTESIAN_POINT ( 'NONE',  ( -3.835533905932737100, 58.78999999999999200, -3.835533905932737600 ) ) ;
#4439 =( LENGTH_UNIT ( ) NAMED_UNIT ( * ) SI_UNIT ( .MILLI., .METRE. ) );
#4440 = CARTESIAN_POINT ( 'NONE',  ( 0.0000000000000000000, 6.448420704369926400, 0.0000000000000000000 ) ) ;
#4441 = CARTESIAN_POINT ( 'NONE',  ( -3.835533905932737600, 52.48999999999999500, -3.835533905932737600 ) ) ;
#4442 =( NAMED_UNIT ( * ) SI_UNIT ( $, .STERADIAN. ) SOLID_ANGLE_UNIT ( ) );
#4443 = UNCERTAINTY_MEASURE_WITH_UNIT (LENGTH_MEASURE( 1.000000000000000100E-005 ), #1109, 'distance_accuracy_value', 'NONE');
#4444 = EDGE_CURVE ( 'NONE', #1370, #3022, #2650, .T. ) ;
#4445 = SURFACE_STYLE_USAGE ( .BOTH. , #2253 ) ;
#4446 =( NAMED_UNIT ( * ) PLANE_ANGLE_UNIT ( ) SI_UNIT ( $, .RADIAN. ) );
#4447 = FACE_BOUND ( 'NONE', #1992, .T. ) ;
#4448 = MECHANICAL_DESIGN_GEOMETRIC_PRESENTATION_REPRESENTATION (  '', ( #4043 ), #1723 ) ;
#4449 = VERTEX_POINT ( 'NONE', #4525 ) ;
#4450 = CARTESIAN_POINT ( 'NONE',  ( 6.502624833260656900, 4.435229160210028900, 16.77613749367972300 ) ) ;
#4451 = EDGE_LOOP ( 'NONE', ( #1561, #2844, #1742, #4054, #960 ) ) ;
#4452 = EDGE_LOOP ( 'NONE', ( #4733, #3352, #726, #1058 ) ) ;
#4453 = CARTESIAN_POINT ( 'NONE',  ( -3.835533905932737100, 58.78999999999999200, -3.835533905932737600 ) ) ;
#4454 = DIRECTION ( 'NONE',  ( -0.0000000000000000000, -1.000000000000000000, -0.0000000000000000000 ) ) ;
#4455 = DIRECTION ( 'NONE',  ( 1.000000000000000000, 0.0000000000000000000, 0.0000000000000000000 ) ) ;
#4456 = ORIENTED_EDGE ( 'NONE', *, *, #734, .T. ) ;
#4457 = ADVANCED_FACE ( 'NONE', ( #3642 ), #4065, .T. ) ;
#4458 = ORIENTED_EDGE ( 'NONE', *, *, #1035, .T. ) ;
#4459 = EDGE_LOOP ( 'NONE', ( #4407, #2571, #3174, #3017 ) ) ;
#4460 = ORIENTED_EDGE ( 'NONE', *, *, #808, .T. ) ;
#4461 = STYLED_ITEM ( 'NONE', ( #3490 ), #3839 ) ;
#4462 = CARTESIAN_POINT ( 'NONE',  ( 0.0000000000000000000, 5.755863672348024100, 0.0000000000000000000 ) ) ;
#4463 = CARTESIAN_POINT ( 'NONE',  ( -3.936466382253248400, 5.067529549057169000, 17.56087251626470200 ) ) ;
#4464 = SURFACE_STYLE_USAGE ( .BOTH. , #4795 ) ;
#4465 = ORIENTED_EDGE ( 'NONE', *, *, #1291, .T. ) ;
#4466 = ORIENTED_EDGE ( 'NONE', *, *, #4157, .F. ) ;
#4467 = DIRECTION ( 'NONE',  ( 0.0000000000000000000, -0.0000000000000000000, -1.000000000000000000 ) ) ;
#4468 = PRODUCT_RELATED_PRODUCT_CATEGORY ( 'part', '', ( #281 ) ) ;
#4469 = DIRECTION ( 'NONE',  ( -0.0000000000000000000, 1.000000000000000000, -0.0000000000000000000 ) ) ;
#4470 =( LENGTH_UNIT ( ) NAMED_UNIT ( * ) SI_UNIT ( .MILLI., .METRE. ) );
#4471 = VECTOR ( 'NONE', #3118, 1000.000000000000000 ) ;
#4472 = CARTESIAN_POINT ( 'NONE',  ( 5.690755691653301100, 5.755739136159482100, 17.07674733835209900 ) ) ;
#4473 = ORIENTED_EDGE ( 'NONE', *, *, #1843, .F. ) ;
#4474 = EDGE_CURVE ( 'NONE', #2417, #3234, #4566, .T. ) ;
#4475 = DIRECTION ( 'NONE',  ( 0.1368021610443272700, 3.854941057726238100E-016, 0.9905983892242112800 ) ) ;
#4476 = CARTESIAN_POINT ( 'NONE',  ( -5.410857978378484900, 3.433728050141735100, 17.16748717599107000 ) ) ;
#4477 = DIRECTION ( 'NONE',  ( -0.0000000000000000000, -1.000000000000000000, -0.0000000000000000000 ) ) ;
#4478 = MECHANICAL_DESIGN_GEOMETRIC_PRESENTATION_REPRESENTATION (  '', ( #3644 ), #3981 ) ;
#4479 = ORIENTED_EDGE ( 'NONE', *, *, #961, .T. ) ;
#4480 =( NAMED_UNIT ( * ) SI_UNIT ( $, .STERADIAN. ) SOLID_ANGLE_UNIT ( ) );
#4481 =( NAMED_UNIT ( * ) PLANE_ANGLE_UNIT ( ) SI_UNIT ( $, .RADIAN. ) );
#4482 = ADVANCED_FACE ( 'NONE', ( #1107, #2321, #4447 ), #2371, .T. ) ;
#4483 = CARTESIAN_POINT ( 'NONE',  ( 0.2833470585188271900, 7.157156118639020000, 17.99443596102806000 ) ) ;
#4484 = FACE_OUTER_BOUND ( 'NONE', #4386, .T. ) ;
#4485 = CARTESIAN_POINT ( 'NONE',  ( -0.7182627007996792400, 3.433728050141728000, 17.98232770816255800 ) ) ;
#4486 = FACE_OUTER_BOUND ( 'NONE', #1807, .T. ) ;
#4487 = PRESENTATION_LAYER_ASSIGNMENT (  '', '', ( #3911 ) ) ;
#4488 =( NAMED_UNIT ( * ) SI_UNIT ( $, .STERADIAN. ) SOLID_ANGLE_UNIT ( ) );
#4489 = CARTESIAN_POINT ( 'NONE',  ( -7.575266643059368500, 5.569342435477963700, 16.32835984679881800 ) ) ;
#4490 = DIRECTION ( 'NONE',  ( 3.614007241618348300E-016, 0.0000000000000000000, -1.000000000000000000 ) ) ;
#4491 = EDGE_CURVE ( 'NONE', #2268, #4633, #2141, .T. ) ;
#4492 = FACE_OUTER_BOUND ( 'NONE', #1797, .T. ) ;
#4493 = CARTESIAN_POINT ( 'NONE',  ( 2.016709799052610800, 3.433728050141762600, 17.87660430804477900 ) ) ;
#4494 = FACE_OUTER_BOUND ( 'NONE', #3148, .T. ) ;
#4495 = VECTOR ( 'NONE', #4220, 1000.000000000000000 ) ;
#4496 = MECHANICAL_DESIGN_GEOMETRIC_PRESENTATION_REPRESENTATION (  '', ( #1765 ), #4067 ) ;
#4497 = UNCERTAINTY_MEASURE_WITH_UNIT (LENGTH_MEASURE( 1.000000000000000100E-005 ), #2540, 'distance_accuracy_value', 'NONE');
#4498 = ORIENTED_EDGE ( 'NONE', *, *, #3075, .T. ) ;
#4499 = STYLED_ITEM ( 'NONE', ( #1485 ), #309 ) ;
#4500 = ORIENTED_EDGE ( 'NONE', *, *, #4623, .T. ) ;
#4501 = CARTESIAN_POINT ( 'NONE',  ( -1.166705258218144700, 4.538684783613496700, 17.96495076955003600 ) ) ;
#4502 =( NAMED_UNIT ( * ) SI_UNIT ( $, .STERADIAN. ) SOLID_ANGLE_UNIT ( ) );
#4503 = B_SPLINE_CURVE_WITH_KNOTS ( 'NONE', 3,
 ( #4776, #2251, #3319, #2643 ),
 .UNSPECIFIED., .F., .F.,
 ( 4, 4 ),
 ( 0.0000000000000000000, 1.000000000000000000 ),
 .UNSPECIFIED. ) ;
#4504 = CARTESIAN_POINT ( 'NONE',  ( 16.61544000000000000, 46.00000000000000700, 2.034804541242489700E-015 ) ) ;
#4505 = ADVANCED_FACE ( 'NONE', ( #4042 ), #3373, .F. ) ;
#4506 = UNCERTAINTY_MEASURE_WITH_UNIT (LENGTH_MEASURE( 1.000000000000000100E-005 ), #1876, 'distance_accuracy_value', 'NONE');
#4507 = CARTESIAN_POINT ( 'NONE',  ( 1.074662644147683600, 3.433728050141748900, 17.95787293087000000 ) ) ;
#4508 = DIRECTION ( 'NONE',  ( -1.000000000000000000, 0.0000000000000000000, 0.0000000000000000000 ) ) ;
#4509 = EDGE_CURVE ( 'NONE', #1012, #841, #2856, .T. ) ;
#4510 = ORIENTED_EDGE ( 'NONE', *, *, #4848, .F. ) ;
#4511 = AXIS2_PLACEMENT_3D ( 'NONE', #4034, #4785, #3666 ) ;
#4512 = CARTESIAN_POINT ( 'NONE',  ( -1.670315569300101900, 7.157156118639040400, 17.91229035882775400 ) ) ;
#4513 = VECTOR ( 'NONE', #3095, 1000.000000000000000 ) ;
#4514 =( LENGTH_UNIT ( ) NAMED_UNIT ( * ) SI_UNIT ( .MILLI., .METRE. ) );
#4515 = VERTEX_POINT ( 'NONE', #1100 ) ;
#4516 = CARTESIAN_POINT ( 'NONE',  ( 5.687594160713484100, 5.755739136159496300, 17.06726025649746200 ) ) ;
#4517 = EDGE_LOOP ( 'NONE', ( #4066, #2403, #710, #3545 ) ) ;
#4518 = ORIENTED_EDGE ( 'NONE', *, *, #4834, .T. ) ;
#4519 =( GEOMETRIC_REPRESENTATION_CONTEXT ( 3 ) GLOBAL_UNCERTAINTY_ASSIGNED_CONTEXT ( ( #3165 ) ) GLOBAL_UNIT_ASSIGNED_CONTEXT ( ( #1063, #2217, #2637 ) ) REPRESENTATION_CONTEXT ( 'NONE', 'WORKASPACE' ) );
#4520 = CARTESIAN_POINT ( 'NONE',  ( 4.585533905932739400, 52.48999999999999500, 1.199999999999995300 ) ) ;
#4521 = ORIENTED_EDGE ( 'NONE', *, *, #2095, .T. ) ;
#4522 = ORIENTED_EDGE ( 'NONE', *, *, #2246, .F. ) ;
#4523 = SURFACE_SIDE_STYLE ('',( #3791 ) ) ;
#4524 = PRESENTATION_STYLE_ASSIGNMENT (( #1776 ) ) ;
#4525 = CARTESIAN_POINT ( 'NONE',  ( -1.482892159573039100, 3.433728050141748900, 17.93881352941371800 ) ) ;
#4526 = FILL_AREA_STYLE_COLOUR ( '', #4717 ) ;
#4527 = CARTESIAN_POINT ( 'NONE',  ( 7.479237101190280500, 4.435229160206915800, 16.36410350617384100 ) ) ;
#4528 = FILL_AREA_STYLE ('',( #2677 ) ) ;
#4529 = VERTEX_POINT ( 'NONE', #937 ) ;
#4530 = AXIS2_PLACEMENT_3D ( 'NONE', #528, #3140, #3893 ) ;
#4531 = SURFACE_SIDE_STYLE ('',( #294 ) ) ;
#4532 = SURFACE_STYLE_USAGE ( .BOTH. , #3823 ) ;
#4533 = ORIENTED_EDGE ( 'NONE', *, *, #1538, .F. ) ;
#4534 = EDGE_LOOP ( 'NONE', ( #1269, #4728, #2798, #2890 ) ) ;
#4535 = PLANE ( 'NONE',  #2193 ) ;
#4536 = ADVANCED_FACE ( 'NONE', ( #3343 ), #1979, .T. ) ;
#4537 = CARTESIAN_POINT ( 'NONE',  ( -4.585533905932739400, 52.48999999999999500, 1.200000000000004400 ) ) ;
#4538 = VERTEX_POINT ( 'NONE', #1762 ) ;
#4539 = AXIS2_PLACEMENT_3D ( 'NONE', #4047, #4168, #4574 ) ;
#4540 = CARTESIAN_POINT ( 'NONE',  ( -3.935008161700457800, 5.067529549057189400, 17.55436728473432600 ) ) ;
#4541 = CARTESIAN_POINT ( 'NONE',  ( 2.372419259800508500, 4.674870776043505300, 17.84653915999738800 ) ) ;
#4542 = COLOUR_RGB ( '',0.1019607843137254900, 0.1019607843137254900, 0.1019607843137254900 ) ;
#4543 = EDGE_CURVE ( 'NONE', #4417, #2159, #1726, .T. ) ;
#4544 = CARTESIAN_POINT ( 'NONE',  ( -7.604452743180000400, 5.455448435884823000, 16.30375412218738500 ) ) ;
#4545 = LINE ( 'NONE', #3360, #2583 ) ;
#4546 =( LENGTH_UNIT ( ) NAMED_UNIT ( * ) SI_UNIT ( .MILLI., .METRE. ) );
#4547 = MECHANICAL_DESIGN_GEOMETRIC_PRESENTATION_REPRESENTATION (  '', ( #779 ), #188 ) ;
#4548 = CARTESIAN_POINT ( 'NONE',  ( 3.835533905932737100, 52.48999999999999500, 3.235533905932737500 ) ) ;
#4549 = LINE ( 'NONE', #230, #3795 ) ;
#4550 = DIRECTION ( 'NONE',  ( 0.0000000000000000000, 0.09480909262799527800, 0.9954954725939522100 ) ) ;
#4551 = FILL_AREA_STYLE_COLOUR ( '', #3278 ) ;
#4552 = DIRECTION ( 'NONE',  ( 0.0000000000000000000, 0.0000000000000000000, -1.000000000000000000 ) ) ;
#4553 = DIRECTION ( 'NONE',  ( 0.0000000000000000000, 1.000000000000000000, 0.0000000000000000000 ) ) ;
#4554 = FACE_OUTER_BOUND ( 'NONE', #2625, .T. ) ;
#4555 =( NAMED_UNIT ( * ) PLANE_ANGLE_UNIT ( ) SI_UNIT ( $, .RADIAN. ) );
#4556 = LINE ( 'NONE', #4414, #3209 ) ;
#4557 = CARTESIAN_POINT ( 'NONE',  ( 0.2832420957262649100, 7.157156118639040400, 17.98777012070169300 ) ) ;
#4558 = PRESENTATION_LAYER_ASSIGNMENT (  '', '', ( #4615 ) ) ;
#4559 = CARTESIAN_POINT ( 'NONE',  ( 3.516420449642963900, 7.157156118639054700, 17.64298407926881000 ) ) ;
#4560 = ADVANCED_FACE ( 'NONE', ( #936 ), #4378, .T. ) ;
#4561 = DIRECTION ( 'NONE',  ( 0.0000000000000000000, 1.000000000000000000, 0.0000000000000000000 ) ) ;
#4562 = COLOUR_RGB ( '',0.8980392156862745400, 0.9215686274509803400, 0.9294117647058823800 ) ;
#4563 = DIRECTION ( 'NONE',  ( -0.3006032210210269300, 3.854941057726238100E-016, 0.9537492875550595000 ) ) ;
#4564 = CARTESIAN_POINT ( 'NONE',  ( 0.0000000000000000000, 7.157156118639054700, 0.0000000000000000000 ) ) ;
#4565 = CARTESIAN_POINT ( 'NONE',  ( 0.0000000000000000000, 7.157156118639020000, 0.0000000000000000000 ) ) ;
#4566 = LINE ( 'NONE', #2686, #3749 ) ;
#4567 = SURFACE_SIDE_STYLE ('',( #4427 ) ) ;
#4568 = EDGE_CURVE ( 'NONE', #901, #1899, #1407, .T. ) ;
#4569 = DIRECTION ( 'NONE',  ( -0.0000000000000000000, -1.000000000000000000, -0.0000000000000000000 ) ) ;
#4570 = SURFACE_STYLE_FILL_AREA ( #2723 ) ;
#4571 = UNCERTAINTY_MEASURE_WITH_UNIT (LENGTH_MEASURE( 1.000000000000000100E-005 ), #2320, 'distance_accuracy_value', 'NONE');
#4572 = STYLED_ITEM ( 'NONE', ( #457 ), #1066 ) ;
#4573 = FILL_AREA_STYLE_COLOUR ( '', #1461 ) ;
#4574 = DIRECTION ( 'NONE',  ( 0.0000000000000000000, -0.0000000000000000000, 1.000000000000000000 ) ) ;
#4575 = FILL_AREA_STYLE ('',( #4208 ) ) ;
#4576 = EDGE_LOOP ( 'NONE', ( #639, #988, #1385, #1260 ) ) ;
#4577 = ORIENTED_EDGE ( 'NONE', *, *, #3361, .T. ) ;
#4578 = SURFACE_STYLE_FILL_AREA ( #3843 ) ;
#4579 = EDGE_CURVE ( 'NONE', #2888, #3990, #4322, .T. ) ;
#4580 = DIRECTION ( 'NONE',  ( 0.0000000000000000000, 1.000000000000000000, 0.0000000000000000000 ) ) ;
#4581 = ORIENTED_EDGE ( 'NONE', *, *, #1270, .T. ) ;
#4582 = ORIENTED_EDGE ( 'NONE', *, *, #335, .F. ) ;
#4583 = ORIENTED_EDGE ( 'NONE', *, *, #3461, .T. ) ;
#4584 = ORIENTED_EDGE ( 'NONE', *, *, #776, .F. ) ;
#4585 = COLOUR_RGB ( '',0.8980392156862745400, 0.9215686274509803400, 0.9294117647058823800 ) ;
#4586 = DIRECTION ( 'NONE',  ( -1.000000000000000000, 0.0000000000000000000, 0.0000000000000000000 ) ) ;
#4587 = CARTESIAN_POINT ( 'NONE',  ( -7.363530854154237900, 4.781541628773495300, 16.42716000188940800 ) ) ;
#4588 = ORIENTED_EDGE ( 'NONE', *, *, #1500, .T. ) ;
#4589 =( NAMED_UNIT ( * ) PLANE_ANGLE_UNIT ( ) SI_UNIT ( $, .RADIAN. ) );
#4590 =( GEOMETRIC_REPRESENTATION_CONTEXT ( 3 ) GLOBAL_UNCERTAINTY_ASSIGNED_CONTEXT ( ( #876 ) ) GLOBAL_UNIT_ASSIGNED_CONTEXT ( ( #463, #3849, #1238 ) ) REPRESENTATION_CONTEXT ( 'NONE', 'WORKASPACE' ) );
#4591 = CARTESIAN_POINT ( 'NONE',  ( -2.163656463653873500, 4.142112498812855000, 17.86948770131054000 ) ) ;
#4592 = DIRECTION ( 'NONE',  ( 0.0000000000000000000, 0.0000000000000000000, -1.000000000000000000 ) ) ;
#4593 = CARTESIAN_POINT ( 'NONE',  ( -9.059823112062551000, 3.433728050141748900, 15.55376498402033600 ) ) ;
#4594 = ORIENTED_EDGE ( 'NONE', *, *, #4206, .F. ) ;
#4595 = CARTESIAN_POINT ( 'NONE',  ( 9.081006546073041400, 7.157156118639027100, 15.54140663228970900 ) ) ;
#4596 = EDGE_CURVE ( 'NONE', #1993, #4538, #1847, .T. ) ;
#4597 = LINE ( 'NONE', #2766, #4471 ) ;
#4598 = ORIENTED_EDGE ( 'NONE', *, *, #1780, .T. ) ;
#4599 = CARTESIAN_POINT ( 'NONE',  ( 5.983915603444105900, 6.443495864422721400, 16.97624086925188900 ) ) ;
#4600 = DIRECTION ( 'NONE',  ( 0.0000000000000000000, 1.000000000000000000, 0.0000000000000000000 ) ) ;
#4601 = CARTESIAN_POINT ( 'NONE',  ( 5.503895682451415400, 5.067529549049536000, 17.13788587652200900 ) ) ;
#4602 = AXIS2_PLACEMENT_3D ( 'NONE', #4009, #619, #4024 ) ;
#4603 = FILL_AREA_STYLE_COLOUR ( '', #2704 ) ;
#4604 = CARTESIAN_POINT ( 'NONE',  ( -8.119736658171509800, 7.157156118639040400, 16.06455342055750200 ) ) ;
#4605 = EDGE_CURVE ( 'NONE', #4051, #4127, #2539, .T. ) ;
#4606 = CARTESIAN_POINT ( 'NONE',  ( -2.233295409731459000, 5.526418964576845600, 17.85096024975818100 ) ) ;
#4607 = CARTESIAN_POINT ( 'NONE',  ( -4.585533905932739400, 51.98999999999999500, -1.199999999999995300 ) ) ;
#4608 = CARTESIAN_POINT ( 'NONE',  ( -4.723771160349813600, 5.916013429139943500, 17.36241633822530200 ) ) ;
#4609 =( GEOMETRIC_REPRESENTATION_CONTEXT ( 3 ) GLOBAL_UNCERTAINTY_ASSIGNED_CONTEXT ( ( #2297 ) ) GLOBAL_UNIT_ASSIGNED_CONTEXT ( ( #4546, #3450, #1196 ) ) REPRESENTATION_CONTEXT ( 'NONE', 'WORKASPACE' ) );
#4610 = STYLED_ITEM ( 'NONE', ( #3726 ), #2725 ) ;
#4611 = CARTESIAN_POINT ( 'NONE',  ( -1.871561596578898800, 6.448420704369947700, 17.90243718576359200 ) ) ;
#4612 = CARTESIAN_POINT ( 'NONE',  ( 2.462438898797890900, 3.433728050141735100, 17.83077100603580300 ) ) ;
#4613 = CARTESIAN_POINT ( 'NONE',  ( 0.0000000000000000000, 51.98999999999999500, 15.92640000000000100 ) ) ;
#4614 = CARTESIAN_POINT ( 'NONE',  ( -8.119736658171515100, 7.157156118639027100, 16.06455342055750200 ) ) ;
#4615 = STYLED_ITEM ( 'NONE', ( #1739 ), #3808 ) ;
#4616 =( NAMED_UNIT ( * ) SI_UNIT ( $, .STERADIAN. ) SOLID_ANGLE_UNIT ( ) );
#4617 = CARTESIAN_POINT ( 'NONE',  ( 6.173695992918632100, 7.157156118639040400, 16.89750211679289600 ) ) ;
#4618 = COLOUR_RGB ( '',0.8980392156862745400, 0.9215686274509803400, 0.9294117647058823800 ) ;
#4619 = CARTESIAN_POINT ( 'NONE',  ( 5.335997746471677200, 3.906074921010150600, 17.19103310261270000 ) ) ;
#4620 = MECHANICAL_DESIGN_GEOMETRIC_PRESENTATION_REPRESENTATION (  '', ( #120 ), #1458 ) ;
#4621 = ORIENTED_EDGE ( 'NONE', *, *, #4727, .T. ) ;
#4622 = CARTESIAN_POINT ( 'NONE',  ( 5.628580940870260300, 5.526335940448599400, 17.09746681788091400 ) ) ;
#4623 = EDGE_CURVE ( 'NONE', #894, #2510, #3333, .T. ) ;
#4624 = EDGE_LOOP ( 'NONE', ( #2104, #2200, #1043, #2465 ) ) ;
#4625 =( LENGTH_UNIT ( ) NAMED_UNIT ( * ) SI_UNIT ( .MILLI., .METRE. ) );
#4626 = EDGE_LOOP ( 'NONE', ( #2946, #425, #951, #2099 ) ) ;
#4627 = ORIENTED_EDGE ( 'NONE', *, *, #2779, .F. ) ;
#4628 = CARTESIAN_POINT ( 'NONE',  ( -3.235533905932737500, 52.48999999999999500, -3.235533905932737500 ) ) ;
#4629 =( GEOMETRIC_REPRESENTATION_CONTEXT ( 3 ) GLOBAL_UNCERTAINTY_ASSIGNED_CONTEXT ( ( #3347 ) ) GLOBAL_UNIT_ASSIGNED_CONTEXT ( ( #2950, #373, #2225 ) ) REPRESENTATION_CONTEXT ( 'NONE', 'WORKASPACE' ) );
#4630 = VECTOR ( 'NONE', #2729, 1000.000000000000100 ) ;
#4631 = CARTESIAN_POINT ( 'NONE',  ( -6.049725310529555400, 6.022684330136232900, 16.95217562009499800 ) ) ;
#4632 = ORIENTED_EDGE ( 'NONE', *, *, #95, .T. ) ;
#4633 = VERTEX_POINT ( 'NONE', #4413 ) ;
#4634 = DIRECTION ( 'NONE',  ( 0.0000000000000000000, -0.0000000000000000000, 1.000000000000000000 ) ) ;
#4635 = PRESENTATION_LAYER_ASSIGNMENT (  '', '', ( #1824 ) ) ;
#4636 = CARTESIAN_POINT ( 'NONE',  ( -1.804826695829749200, 6.684665842468112000, 17.90941380442716400 ) ) ;
#4637 = ORIENTED_EDGE ( 'NONE', *, *, #3660, .F. ) ;
#4638 = FACE_OUTER_BOUND ( 'NONE', #1644, .T. ) ;
#4639 = ORIENTED_EDGE ( 'NONE', *, *, #1761, .T. ) ;
#4640 = SURFACE_SIDE_STYLE ('',( #3824 ) ) ;
#4641 = ORIENTED_EDGE ( 'NONE', *, *, #148, .T. ) ;
#4642 = STYLED_ITEM ( 'NONE', ( #2055 ), #3637 ) ;
#4643 =( NAMED_UNIT ( * ) PLANE_ANGLE_UNIT ( ) SI_UNIT ( $, .RADIAN. ) );
#4644 = DIRECTION ( 'NONE',  ( 0.3464516433394874100, 3.854941057726238600E-016, 0.9380678327431171100 ) ) ;
#4645 = ORIENTED_EDGE ( 'NONE', *, *, #218, .F. ) ;
#4646 = DIRECTION ( 'NONE',  ( -0.3814306030339587000, 3.854941057726238100E-016, 0.9243974767756295600 ) ) ;
#4647 = EDGE_CURVE ( 'NONE', #2152, #1625, #225, .T. ) ;
#4648 = FILL_AREA_STYLE ('',( #3205 ) ) ;
#4649 = UNCERTAINTY_MEASURE_WITH_UNIT (LENGTH_MEASURE( 1.000000000000000100E-005 ), #2556, 'distance_accuracy_value', 'NONE');
#4650 = PRESENTATION_LAYER_ASSIGNMENT (  '', '', ( #4398 ) ) ;
#4651 = SURFACE_SIDE_STYLE ('',( #3980 ) ) ;
#4652 = B_SPLINE_CURVE_WITH_KNOTS ( 'NONE', 3,
 ( #3341, #1165, #4130, #3394 ),
 .UNSPECIFIED., .F., .F.,
 ( 4, 4 ),
 ( 0.0000000000000000000, 1.000000000000000000 ),
 .UNSPECIFIED. ) ;
#4653 = CARTESIAN_POINT ( 'NONE',  ( 5.271956612608701900, 3.669901485588562600, 17.21078047504667600 ) ) ;
#4654 = CARTESIAN_POINT ( 'NONE',  ( 1.019601605700041200, 6.270467679609137000, 17.97647932312572600 ) ) ;
#4655 = PRESENTATION_STYLE_ASSIGNMENT (( #4365 ) ) ;
#4656 = EDGE_CURVE ( 'NONE', #2402, #2213, #1573, .T. ) ;
#4657 = FILL_AREA_STYLE ('',( #4551 ) ) ;
#4658 = LINE ( 'NONE', #952, #1403 ) ;
#4659 =( NAMED_UNIT ( * ) SI_UNIT ( $, .STERADIAN. ) SOLID_ANGLE_UNIT ( ) );
#4660 = AXIS2_PLACEMENT_3D ( 'NONE', #4564, #3051, #460 ) ;
#4661 = FILL_AREA_STYLE ('',( #3497 ) ) ;
#4662 = VECTOR ( 'NONE', #3476, 1000.000000000000000 ) ;
#4663 = LINE ( 'NONE', #1551, #2711 ) ;
#4664 = EDGE_CURVE ( 'NONE', #2276, #490, #4652, .T. ) ;
#4665 = FACE_OUTER_BOUND ( 'NONE', #4345, .T. ) ;
#4666 = FACE_OUTER_BOUND ( 'NONE', #3062, .T. ) ;
#4667 = LINE ( 'NONE', #3770, #4495 ) ;
#4668 = CARTESIAN_POINT ( 'NONE',  ( -6.608525831213061300, 6.627884409904877900, 16.75128701327174600 ) ) ;
#4669 = PRESENTATION_LAYER_ASSIGNMENT (  '', '', ( #855 ) ) ;
#4670 = CARTESIAN_POINT ( 'NONE',  ( 4.350223650374530000, 6.448296168183411200, 17.46641217284540200 ) ) ;
#4671 = ORIENTED_EDGE ( 'NONE', *, *, #1462, .F. ) ;
#4672 = LINE ( 'NONE', #2885, #2722 ) ;
#4673 = SURFACE_STYLE_FILL_AREA ( #673 ) ;
#4674 = UNCERTAINTY_MEASURE_WITH_UNIT (LENGTH_MEASURE( 1.000000000000000100E-005 ), #3711, 'distance_accuracy_value', 'NONE');
#4675 = DIRECTION ( 'NONE',  ( -0.0000000000000000000, 0.0000000000000000000, -1.000000000000000000 ) ) ;
#4676 = CARTESIAN_POINT ( 'NONE',  ( -1.482068330595490500, 3.433728050141762600, 17.92884752189738200 ) ) ;
#4677 =( LENGTH_UNIT ( ) NAMED_UNIT ( * ) SI_UNIT ( .MILLI., .METRE. ) );
#4678 = COLOUR_RGB ( '',0.8980392156862745400, 0.9215686274509803400, 0.9294117647058823800 ) ;
#4679 = VERTEX_POINT ( 'NONE', #3065 ) ;
#4680 = PRESENTATION_LAYER_ASSIGNMENT (  '', '', ( #2833 ) ) ;
#4681 = ORIENTED_EDGE ( 'NONE', *, *, #1696, .T. ) ;
#4682 = VERTEX_POINT ( 'NONE', #2411 ) ;
#4683 = CARTESIAN_POINT ( 'NONE',  ( -7.571058161591001800, 5.569342435477963700, 16.31928853577282000 ) ) ;
#4684 = PRESENTATION_LAYER_ASSIGNMENT (  '', '', ( #4499 ) ) ;
#4685 = B_SPLINE_SURFACE_WITH_KNOTS ( 'NONE', 1, 3, ( 
 ( #3610, #4708, #4369, #983 ),
 ( #2572, #274, #1766, #4021 ) ),
 .UNSPECIFIED., .F., .F., .F.,
 ( 2, 2 ),
 ( 4, 4 ),
 ( 0.0000000000000000000, 1.000000000000000000 ),
 ( 0.0000000000000000000, 1.000000000000000000 ),
 .UNSPECIFIED. ) ;
#4686 = SURFACE_SIDE_STYLE ('',( #3240 ) ) ;
#4687 = ORIENTED_EDGE ( 'NONE', *, *, #704, .F. ) ;
#4688 = ORIENTED_EDGE ( 'NONE', *, *, #743, .F. ) ;
#4689 = CARTESIAN_POINT ( 'NONE',  ( 3.963083197272408300, 5.067529549049536000, 17.55830206971895900 ) ) ;
#4690 = ORIENTED_EDGE ( 'NONE', *, *, #1538, .T. ) ;
#4691 = VECTOR ( 'NONE', #733, 1000.000000000000000 ) ;
#4692 = EDGE_CURVE ( 'NONE', #2859, #2698, #2005, .T. ) ;
#4693 =( LENGTH_UNIT ( ) NAMED_UNIT ( * ) SI_UNIT ( .MILLI., .METRE. ) );
#4694 = AXIS2_PLACEMENT_3D ( 'NONE', #4173, #4561, #3034 ) ;
#4695 = ORIENTED_EDGE ( 'NONE', *, *, #4491, .F. ) ;
#4696 = PLANE ( 'NONE',  #810 ) ;
#4697 = CARTESIAN_POINT ( 'NONE',  ( -0.5942793461576678600, 5.643641476674739400, 17.98028820305895100 ) ) ;
#4698 = ORIENTED_EDGE ( 'NONE', *, *, #3045, .F. ) ;
#4699 = STYLED_ITEM ( 'NONE', ( #1589 ), #3125 ) ;
#4700 = DIRECTION ( 'NONE',  ( 1.063582591085940900E-017, 1.000000000000000000, -0.0000000000000000000 ) ) ;
#4701 = ORIENTED_EDGE ( 'NONE', *, *, #1780, .F. ) ;
#4702 = LINE ( 'NONE', #3797, #3093 ) ;
#4703 = AXIS2_PLACEMENT_3D ( 'NONE', #3087, #4580, #3434 ) ;
#4704 = DIRECTION ( 'NONE',  ( 1.000000000000000000, 0.0000000000000000000, 1.224646799147352700E-016 ) ) ;
#4705 = COLOUR_RGB ( '',0.8980392156862745400, 0.9215686274509803400, 0.9294117647058823800 ) ;
#4706 = B_SPLINE_CURVE_WITH_KNOTS ( 'NONE', 3,
 ( #763, #821, #3773, #4512 ),
 .UNSPECIFIED., .F., .F.,
 ( 4, 4 ),
 ( 0.0000000000000000000, 1.000000000000000000 ),
 .UNSPECIFIED. ) ;
#4707 = CARTESIAN_POINT ( 'NONE',  ( -3.835533905932737100, 55.63999999999999300, -4.135533905932737400 ) ) ;
#4708 = CARTESIAN_POINT ( 'NONE',  ( -4.726396946638214300, 5.916013392550104800, 17.37206748426703100 ) ) ;
#4709 = VERTEX_POINT ( 'NONE', #3959 ) ;
#4710 = B_SPLINE_CURVE_WITH_KNOTS ( 'NONE', 3,
 ( #117, #868, #1256, #1277 ),
 .UNSPECIFIED., .F., .F.,
 ( 4, 4 ),
 ( 0.0000000000000000000, 1.000000000000000000 ),
 .UNSPECIFIED. ) ;
#4711 =( LENGTH_UNIT ( ) NAMED_UNIT ( * ) SI_UNIT ( .MILLI., .METRE. ) );
#4712 = DIRECTION ( 'NONE',  ( 0.2201712887373562200, 3.854941057726238100E-016, 0.9754612260954976800 ) ) ;
#4713 = EDGE_CURVE ( 'NONE', #2159, #192, #3634, .T. ) ;
#4714 = DIRECTION ( 'NONE',  ( 0.0000000000000000000, 1.000000000000000000, 0.0000000000000000000 ) ) ;
#4715 = STYLED_ITEM ( 'NONE', ( #1834 ), #856 ) ;
#4716 = DIRECTION ( 'NONE',  ( 1.000000000000000000, -0.0000000000000000000, -4.336808689942008300E-015 ) ) ;
#4717 = COLOUR_RGB ( '',0.8980392156862745400, 0.9215686274509803400, 0.9294117647058823800 ) ;
#4718 = CARTESIAN_POINT ( 'NONE',  ( 2.077392858329638600E-015, 0.0000000000000000000, -15.92640000000000100 ) ) ;
#4719 =( GEOMETRIC_REPRESENTATION_CONTEXT ( 3 ) GLOBAL_UNCERTAINTY_ASSIGNED_CONTEXT ( ( #3544 ) ) GLOBAL_UNIT_ASSIGNED_CONTEXT ( ( #1594, #3796, #4187 ) ) REPRESENTATION_CONTEXT ( 'NONE', 'WORKASPACE' ) );
#4720 = LINE ( 'NONE', #3217, #1354 ) ;
#4721 = SURFACE_STYLE_USAGE ( .BOTH. , #676 ) ;
#4722 = SURFACE_SIDE_STYLE ('',( #3470 ) ) ;
#4723 = CARTESIAN_POINT ( 'NONE',  ( -1.670315569300109900, 7.157156118639040400, 17.91229035882775400 ) ) ;
#4724 = MECHANICAL_DESIGN_GEOMETRIC_PRESENTATION_REPRESENTATION (  '', ( #2906 ), #2267 ) ;
#4725 = CARTESIAN_POINT ( 'NONE',  ( -3.547339068148261300, 6.448420704369926400, 17.64359364320942400 ) ) ;
#4726 = PLANE ( 'NONE',  #4539 ) ;
#4727 = EDGE_CURVE ( 'NONE', #2042, #4048, #1779, .T. ) ;
#4728 = ORIENTED_EDGE ( 'NONE', *, *, #4092, .F. ) ;
#4729 = CARTESIAN_POINT ( 'NONE',  ( 5.566293032614683300, 5.296932744760436400, 17.11784673583485300 ) ) ;
#4730 =( NAMED_UNIT ( * ) SI_UNIT ( $, .STERADIAN. ) SOLID_ANGLE_UNIT ( ) );
#4731 = FACE_OUTER_BOUND ( 'NONE', #3719, .T. ) ;
#4732 = CARTESIAN_POINT ( 'NONE',  ( 0.5799725414400541700, 5.383779705353399300, 17.99602812123520600 ) ) ;
#4733 = ORIENTED_EDGE ( 'NONE', *, *, #641, .T. ) ;
#4734 = AXIS2_PLACEMENT_3D ( 'NONE', #3480, #43, #1970 ) ;
#4735 = CARTESIAN_POINT ( 'NONE',  ( 2.485533905932738400, 52.48999999999999500, 1.199999999999995700 ) ) ;
#4736 = ORIENTED_EDGE ( 'NONE', *, *, #1843, .T. ) ;
#4737 = ORIENTED_EDGE ( 'NONE', *, *, #3102, .T. ) ;
#4738 = VECTOR ( 'NONE', #4211, 1000.000000000000000 ) ;
#4739 = ADVANCED_FACE ( 'NONE', ( #4218 ), #1783, .F. ) ;
#4740 = EDGE_LOOP ( 'NONE', ( #4341, #155, #1002, #3023 ) ) ;
#4741 = ORIENTED_EDGE ( 'NONE', *, *, #4664, .T. ) ;
#4742 = MECHANICAL_DESIGN_GEOMETRIC_PRESENTATION_REPRESENTATION (  '', ( #1264 ), #909 ) ;
#4743 = COLOUR_RGB ( '',0.8980392156862745400, 0.9215686274509803400, 0.9294117647058823800 ) ;
#4744 = DIRECTION ( 'NONE',  ( -1.000000000000000000, -0.0000000000000000000, -0.0000000000000000000 ) ) ;
#4745 = EDGE_LOOP ( 'NONE', ( #1303, #2282, #2155, #4010 ) ) ;
#4746 = EDGE_CURVE ( 'NONE', #2395, #4051, #4158, .T. ) ;
#4747 = COLOUR_RGB ( '',0.8980392156862745400, 0.9215686274509803400, 0.9294117647058823800 ) ;
#4748 = CARTESIAN_POINT ( 'NONE',  ( -3.235533905932737500, 55.63999999999999300, -4.135533905932737400 ) ) ;
#4749 = DIRECTION ( 'NONE',  ( 0.0000000000000000000, 0.0000000000000000000, -1.000000000000000000 ) ) ;
#4750 =( GEOMETRIC_REPRESENTATION_CONTEXT ( 3 ) GLOBAL_UNCERTAINTY_ASSIGNED_CONTEXT ( ( #1342 ) ) GLOBAL_UNIT_ASSIGNED_CONTEXT ( ( #2522, #4399, #3680 ) ) REPRESENTATION_CONTEXT ( 'NONE', 'WORKASPACE' ) );
#4751 = FILL_AREA_STYLE_COLOUR ( '', #4618 ) ;
#4752 = ORIENTED_EDGE ( 'NONE', *, *, #2564, .F. ) ;
#4753 = VERTEX_POINT ( 'NONE', #3348 ) ;
#4754 = SURFACE_SIDE_STYLE ('',( #4821 ) ) ;
#4755 = DIRECTION ( 'NONE',  ( 0.0000000000000000000, 0.0000000000000000000, -1.000000000000000000 ) ) ;
#4756 = COLOUR_RGB ( '',0.8980392156862745400, 0.9215686274509803400, 0.9294117647058823800 ) ;
#4757 = ORIENTED_EDGE ( 'NONE', *, *, #3523, .T. ) ;
#4758 = STYLED_ITEM ( 'NONE', ( #2115 ), #3264 ) ;
#4759 = PRESENTATION_STYLE_ASSIGNMENT (( #1972 ) ) ;
#4760 = CARTESIAN_POINT ( 'NONE',  ( -1.738052784594925200, 6.920910980540873500, 17.91601726774530000 ) ) ;
#4761 = UNCERTAINTY_MEASURE_WITH_UNIT (LENGTH_MEASURE( 1.000000000000000100E-005 ), #3321, 'distance_accuracy_value', 'NONE');
#4762 = DIRECTION ( 'NONE',  ( -1.000000000000000000, 1.063582591085940900E-017, 0.0000000000000000000 ) ) ;
#4763 = AXIS2_PLACEMENT_3D ( 'NONE', #613, #1468, #3688 ) ;
#4764 = FACE_OUTER_BOUND ( 'NONE', #3486, .T. ) ;
#4765 = ADVANCED_FACE ( 'NONE', ( #339 ), #705, .F. ) ;
#4766 = TOROIDAL_SURFACE ( 'NONE', #2841, 18.00000000000000000, 1.384560000000000000 ) ;
#4767 = B_SPLINE_CURVE_WITH_KNOTS ( 'NONE', 1,
 ( #561, #141 ),
 .UNSPECIFIED., .F., .F.,
 ( 2, 2 ),
 ( 0.0000000000000000000, 1.000000000000000000 ),
 .UNSPECIFIED. ) ;
#4768 =( NAMED_UNIT ( * ) PLANE_ANGLE_UNIT ( ) SI_UNIT ( $, .RADIAN. ) );
#4769 = FILL_AREA_STYLE_COLOUR ( '', #877 ) ;
#4770 = VECTOR ( 'NONE', #1950, 1000.000000000000000 ) ;
#4771 = CARTESIAN_POINT ( 'NONE',  ( -2.234536819075388700, 5.526418964576848200, 17.86088296251513400 ) ) ;
#4772 = CARTESIAN_POINT ( 'NONE',  ( 5.980591205886636200, 6.443495864422735600, 16.96680962432452600 ) ) ;
#4773 = SURFACE_STYLE_FILL_AREA ( #2250 ) ;
#4774 =( LENGTH_UNIT ( ) NAMED_UNIT ( * ) SI_UNIT ( .MILLI., .METRE. ) );
#4775 = CARTESIAN_POINT ( 'NONE',  ( 0.2832420957262649100, 7.157156118639040400, 17.98777012070169300 ) ) ;
#4776 = CARTESIAN_POINT ( 'NONE',  ( 7.219704499871956400, 3.433728050141748900, 16.48865873667499200 ) ) ;
#4777 = EDGE_CURVE ( 'NONE', #2281, #841, #524, .T. ) ;
#4778 = DIRECTION ( 'NONE',  ( -1.000000000000000000, 0.0000000000000000000, 0.0000000000000000000 ) ) ;
#4779 = STYLED_ITEM ( 'NONE', ( #4815 ), #1599 ) ;
#4780 = CARTESIAN_POINT ( 'NONE',  ( -0.6565090902103312100, 4.538684763409457400, 17.98813030534065400 ) ) ;
#4781 = SURFACE_STYLE_FILL_AREA ( #1828 ) ;
#4782 = CARTESIAN_POINT ( 'NONE',  ( 0.0000000000000000000, 4.142112498812869200, 0.0000000000000000000 ) ) ;
#4783 = PRESENTATION_STYLE_ASSIGNMENT (( #2057 ) ) ;
#4784 = SURFACE_SIDE_STYLE ('',( #2485 ) ) ;
#4785 = DIRECTION ( 'NONE',  ( 0.0000000000000000000, 1.000000000000000000, 0.0000000000000000000 ) ) ;
#4786 = MECHANICAL_DESIGN_GEOMETRIC_PRESENTATION_REPRESENTATION (  '', ( #193 ), #4385 ) ;
#4787 = CARTESIAN_POINT ( 'NONE',  ( -8.129798782473606900, 3.433728050141735100, 16.05946361982524500 ) ) ;
#4788 = CARTESIAN_POINT ( 'NONE',  ( 6.770191724695420600, 5.436730257834256000, 16.66995569705896000 ) ) ;
#4789 = ADVANCED_FACE ( 'NONE', ( #2192 ), #4726, .F. ) ;
#4790 = B_SPLINE_CURVE_WITH_KNOTS ( 'NONE', 1,
 ( #4231, #3848 ),
 .UNSPECIFIED., .F., .F.,
 ( 2, 2 ),
 ( 0.0000000000000000000, 1.000000000000000000 ),
 .UNSPECIFIED. ) ;
#4791 = MECHANICAL_DESIGN_GEOMETRIC_PRESENTATION_REPRESENTATION (  '', ( #796 ), #4029 ) ;
#4792 = CARTESIAN_POINT ( 'NONE',  ( -2.169478348957994700, 5.755863672348031200, 17.86878181895459500 ) ) ;
#4793 = EDGE_LOOP ( 'NONE', ( #2959, #33, #542, #1436 ) ) ;
#4794 = ORIENTED_EDGE ( 'NONE', *, *, #3594, .F. ) ;
#4795 = SURFACE_SIDE_STYLE ('',( #1408 ) ) ;
#4796 = LINE ( 'NONE', #3119, #1188 ) ;
#4797 = CARTESIAN_POINT ( 'NONE',  ( 0.0000000000000000000, 5.067529549057169000, 0.0000000000000000000 ) ) ;
#4798 = VERTEX_POINT ( 'NONE', #4223 ) ;
#4799 = ORIENTED_EDGE ( 'NONE', *, *, #2909, .F. ) ;
#4800 = VERTEX_POINT ( 'NONE', #3460 ) ;
#4801 = COLOUR_RGB ( '',0.8980392156862745400, 0.9215686274509803400, 0.9294117647058823800 ) ;
#4802 = AXIS2_PLACEMENT_3D ( 'NONE', #4797, #1907, #1239 ) ;
#4803 =( NAMED_UNIT ( * ) PLANE_ANGLE_UNIT ( ) SI_UNIT ( $, .RADIAN. ) );
#4804 =( NAMED_UNIT ( * ) PLANE_ANGLE_UNIT ( ) SI_UNIT ( $, .RADIAN. ) );
#4805 = ORIENTED_EDGE ( 'NONE', *, *, #1417, .F. ) ;
#4806 = SURFACE_SIDE_STYLE ('',( #1148 ) ) ;
#4807 = EDGE_CURVE ( 'NONE', #4127, #133, #1777, .T. ) ;
#4808 = SURFACE_SIDE_STYLE ('',( #275 ) ) ;
#4809 = CARTESIAN_POINT ( 'NONE',  ( 0.1402174352019356600, 4.497091266323499400, 17.99945385479418600 ) ) ;
#4810 = DIRECTION ( 'NONE',  ( -0.0000000000000000000, -1.000000000000000000, -0.0000000000000000000 ) ) ;
#4811 = PRESENTATION_LAYER_ASSIGNMENT (  '', '', ( #2163 ) ) ;
#4812 = ORIENTED_EDGE ( 'NONE', *, *, #4647, .F. ) ;
#4813 = DIRECTION ( 'NONE',  ( 0.0000000000000000000, 0.0000000000000000000, -1.000000000000000000 ) ) ;
#4814 = CARTESIAN_POINT ( 'NONE',  ( 8.601876610552921000, 6.438177425810709000, 15.80389710603689900 ) ) ;
#4815 = PRESENTATION_STYLE_ASSIGNMENT (( #1179 ) ) ;
#4816 = EDGE_CURVE ( 'NONE', #3488, #2263, #3867, .T. ) ;
#4817 = VERTEX_POINT ( 'NONE', #3815 ) ;
#4818 = STYLED_ITEM ( 'NONE', ( #3810 ), #1820 ) ;
#4819 = ADVANCED_FACE ( 'NONE', ( #4094 ), #3584, .F. ) ;
#4820 = DIRECTION ( 'NONE',  ( -1.000000000000000000, 1.063582591085940900E-017, 0.0000000000000000000 ) ) ;
#4821 = SURFACE_STYLE_FILL_AREA ( #4033 ) ;
#4822 = CARTESIAN_POINT ( 'NONE',  ( 1.457115210756047900, 7.157156118639054700, 17.93089276256436900 ) ) ;
#4823 = COLOUR_RGB ( '',0.1019607843137254900, 0.1019607843137254900, 0.1019607843137254900 ) ;
#4824 = FILL_AREA_STYLE_COLOUR ( '', #3158 ) ;
#4825 = B_SPLINE_CURVE_WITH_KNOTS ( 'NONE', 3,
 ( #3781, #1952, #1968, #3814 ),
 .UNSPECIFIED., .F., .F.,
 ( 4, 4 ),
 ( 0.0000000000000000000, 1.000000000000000000 ),
 .UNSPECIFIED. ) ;
#4826 = SURFACE_STYLE_USAGE ( .BOTH. , #4806 ) ;
#4827 = CYLINDRICAL_SURFACE ( 'NONE', #3, 18.00000000000000000 ) ;
#4828 =( GEOMETRIC_REPRESENTATION_CONTEXT ( 3 ) GLOBAL_UNCERTAINTY_ASSIGNED_CONTEXT ( ( #2138 ) ) GLOBAL_UNIT_ASSIGNED_CONTEXT ( ( #1895, #2960, #2638 ) ) REPRESENTATION_CONTEXT ( 'NONE', 'WORKASPACE' ) );
#4829 = CARTESIAN_POINT ( 'NONE',  ( 4.154406793700010400, 5.755739136159496300, 17.51402021788427600 ) ) ;
#4830 =( NAMED_UNIT ( * ) PLANE_ANGLE_UNIT ( ) SI_UNIT ( $, .RADIAN. ) );
#4831 =( LENGTH_UNIT ( ) NAMED_UNIT ( * ) SI_UNIT ( .MILLI., .METRE. ) );
#4832 = CARTESIAN_POINT ( 'NONE',  ( -5.407851946168271700, 3.433728050141748900, 17.15794968311552200 ) ) ;
#4833 = B_SPLINE_CURVE_WITH_KNOTS ( 'NONE', 3,
 ( #2786, #4631, #1614, #2436 ),
 .UNSPECIFIED., .F., .F.,
 ( 4, 4 ),
 ( 0.0000000000000000000, 1.000000000000000000 ),
 .UNSPECIFIED. ) ;
#4834 = EDGE_CURVE ( 'NONE', #907, #1453, #4667, .T. ) ;
#4835 = CARTESIAN_POINT ( 'NONE',  ( 0.0000000000000000000, 46.00000000000000700, 0.0000000000000000000 ) ) ;
#4836 = DIRECTION ( 'NONE',  ( 0.0000000000000000000, 1.000000000000000000, 0.0000000000000000000 ) ) ;
#4837 = FACE_OUTER_BOUND ( 'NONE', #4062, .T. ) ;
#4838 = CARTESIAN_POINT ( 'NONE',  ( 0.0000000000000000000, 0.0000000000000000000, 0.0000000000000000000 ) ) ;
#4839 = LINE ( 'NONE', #4707, #869 ) ;
#4840 = DIRECTION ( 'NONE',  ( 0.0000000000000000000, -0.0000000000000000000, 1.000000000000000000 ) ) ;
#4841 = CARTESIAN_POINT ( 'NONE',  ( 6.232665063677374400, 3.433728050141748900, 16.87584031104867700 ) ) ;
#4842 = SURFACE_STYLE_USAGE ( .BOTH. , #2 ) ;
#4843 = CARTESIAN_POINT ( 'NONE',  ( -7.160012152271282700, 7.157156118639040400, 16.51466699571406600 ) ) ;
#4844 = CARTESIAN_POINT ( 'NONE',  ( 0.0000000000000000000, 51.98999999999999500, 0.0000000000000000000 ) ) ;
#4845 = ADVANCED_FACE ( 'NONE', ( #874 ), #2511, .T. ) ;
#4846 = CARTESIAN_POINT ( 'NONE',  ( 7.215693552927583600, 3.433728050141762600, 16.47949837071017100 ) ) ;
#4847 =( NAMED_UNIT ( * ) PLANE_ANGLE_UNIT ( ) SI_UNIT ( $, .RADIAN. ) );
#4848 = EDGE_CURVE ( 'NONE', #2039, #955, #2136, .T. ) ;
#4849 = CARTESIAN_POINT ( 'NONE',  ( -2.485533905932738800, 52.48999999999999500, 1.200000000000004000 ) ) ;
#4850 = LINE ( 'NONE', #1716, #2836 ) ;
#4851 = PRESENTATION_STYLE_ASSIGNMENT (( #1428 ) ) ;
#4852 = CARTESIAN_POINT ( 'NONE',  ( -5.802356665535498300, 3.433728050141748900, 17.02858646881518800 ) ) ;
#4853 = CARTESIAN_POINT ( 'NONE',  ( 5.500837962627831400, 5.067529549049536000, 17.12836482881283100 ) ) ;
ENDSEC;
END-ISO-10303-21;
